:020000040800F2
:1000000020DB0024E102000829F2000811DB0008CF
:1000100021F20008110B00083976010800000000E9
:1000200000000000000000000000000011020108B4
:10003000712800080000000071F900080905010896
:10004000FB020008FB020008FB020008FB0200089C
:10005000FB020008FB020008FB020008FB0200088C
:10006000FB020008FB020008FB020008011A00085E
:10007000111A0008211A0008311A0008411A000854
:10008000511A0008611A0008FB020008192A00082A
:10009000B12A0008FB020008FB020008FB0200086E
:1000A000FB020008FB020008FB020008FB0200083C
:1000B00059070108FB020008FB020008FB020008C8
:1000C000FB020008FB020008FB020008FB0200081C
:1000D00021000108FB020008791F0108FB0200084B
:1000E000FB020008FB02000800000000FB02000801
:1000F000FB020008FB020008FB020008FB020008EC
:10010000FB020008FB020008FB020008FB020008DB
:10011000FB020008E10F0108FB020008FB020008D7
:10012000FB020008FB020008FB020008FB020008BB
:10013000FB020008FB020008FB020008FB020008AB
:1001400000000000000000000000000000000000AF
:10015000FB020008FB020008FB020008FB0200088B
:10016000FB020008FB020008FB020008FB0200087B
:10017000FB020008A1F20008FB02000800000000DA
:10018000FB020008FB020008FB020008FB0200085B
:10019000FB020008FB020008FB020008FB0200084B
:1001A000FB020008FB020008FB0200080000000040
:1001B000FB020008FB020008FB020008FB0200082B
:1001C000FB020008FB020008000000000000000025
:1001D0000000000000000000FB020008000000001A
:1001E000000000000000000000000000000000000F
:1001F0000000000000000000FB020008FB020008F5
:10020000FB020008FB02000800000000FB020008DF
:10021000FB020008FB020008FB020008FB020008CA
:10022000FB02000800000000FB02000800000000C4
:10023000FB020008FB02000800000000FB020008AF
:10024000FB020008FB020008FB020008FB0200089A
:10025000FB020008FB020008FB020008FB0200088A
:10026000FB020008FB020008FB020008FB0200087A
:10027000FB020008FB020008FB020008000000006F
:10028000FB020008FB020008FB020008FB0200085A
:1002900000000000FB020008FB0200080000000054
:1002A00000000000FB020008FB020008FB0200083F
:1002B000691F0108FB020008FB020008492B000827
:1002C000FB020008FB020008FB020008DFF80CD06C
:1002D00000F08CF800480047E18E010820DB002484
:1002E0000648804706480047FEE7FEE7FEE7FEE7D0
:1002F000FEE7FEE7FEE7FEE7FEE7FEE71906010878
:10030000CD0200082DE9F05F0546002092469B468D
:1003100088460646814640241BE02846414647461B
:10032000224600F053F853465A46C01A914110D362
:1003300011461846224600F03AF82D1A67EB0108DC
:100340004F4622460120002100F031F817EB00094A
:100350004E41201EA4F10104DFDC484631462A4606
:100360004346BDE8F09F40EA01039B0703D009E044
:1003700008C9121F08C0042AFAD203E011F8013B91
:1003800000F8013B521EF9D27047D2B201E000F8EA
:10039000012B491EFBD270470022F6E710B5134629
:1003A0000A4604461946FFF7F0FF204610BD202AF2
:1003B00004DB203A00FA02F1002070479140C2F1BC
:1003C000200320FA03F3194390407047202A04DBEE
:1003D000203A21FA02F00021704721FA02F3D040BE
:1003E000C2F120029140084319467047064C074D60
:1003F00006E0E06840F0010394E8070098471034F5
:10040000AC42F6D3FFF766FF20B6010840B60108FC
:1004100070B58D1810F8014B14F0030201D110F8DB
:10042000012B231106D110F8013B03E010F8016BFA
:1004300001F8016B521EF9D1ABB110F8012B04F099
:100440000C048A1A0C2C03D0A2EB84129B1C08E02B
:1004500010F8014BA2EB0422F8E712F8014B01F867
:10046000014B5B1EF9D5A942D4D3002070BD00001A
:1004700080B540F60000C5F602000122114607F0E3
:100480002BF980BD0000000080B540F60000C5F6E5
:1004900002000121002207F01FF980BD00000000CA
:1004A00080B540F60000C5F602000821012207F0E1
:1004B00013F980BD0000000080B540F60000C5F6CD
:1004C00002000821002207F007F980BD00000000AB
:1004D00080B584B00390FFF7D7FF922000F040FA78
:1004E00042F63E51C2F200411220062200F000FA0C
:1004F000FFF7BEFF42F61A30C2F200400078002833
:1005000054D0FFE742F63E53C2F2004318785978C0
:1005100040EA012042F63C51C2F200410880B1F9A4
:10052000000000EE100AB8EEC00A41F2E810C2F274
:10053000004090ED001A20EE011A039A92ED082A6D
:1005400092ED0C0A11EE020A82ED000A9A7893F8F5
:1005500003C042EA0C220A80B1F9002000EE102A02
:10056000B8EEC00A90ED001A20EE011A039A92ED3F
:10057000082A92ED0D0A11EE020A82ED010A1A799B
:100580005B7942EA03220A80B1F9001000EE101AEA
:10059000B8EEC00A90ED001A20EE010A039890ED23
:1005A000081A20EE010A80ED020A4FE042F63E539F
:1005B000C2F200431878597840EA012042F63C51D3
:1005C000C2F200410880B1F9000000EE100AB8EE56
:1005D000C00A41F2E810C2F2004090ED001A20EE8D
:1005E000010A039A92ED081A20EE010A82ED000A30
:1005F0009A7893F803C042EA0C220A80B1F90020ED
:1006000000EE102AB8EEC00A90ED001A20EE010AA2
:10061000039A92ED081A20EE010A82ED010A1A7976
:100620005B7942EA03220A80B1F9001000EE101A49
:10063000B8EEC00A90ED001A20EE010A039890ED82
:10064000081A20EE010A80ED020AFFE7FFF734FFE7
:1006500042F63E51C2F2004102910020082200F011
:1006600047F9FFF71DFF029800780F2840F09880A7
:10067000FFE742F61A30C2F20040007800284AD064
:10068000FFE742F63E53C2F200439878D97840EA39
:10069000012042F63C51C2F200410880B1F900004D
:1006A00000EE100AB8EEC01A41F2EC10C2F200409F
:1006B00090ED002A039A92ED090A11EE020A82EDEA
:1006C000030A1A7993F805C042EA0C220A80B1F9AC
:1006D000002000EE102AB8EEC01A90ED002A039A0E
:1006E00092ED0A0A11EE020A82ED040A9A79DB7988
:1006F00042EA03220A80B1F9001000EE101AB8EEA7
:10070000C01A90ED002A039890ED0B0A11EE020A30
:1007100080ED050A43E042F63E53C2F2004398786A
:10072000D97840EA012042F63C51C2F200410880EB
:10073000B1F9000000EE100AB8EEC00A41F2EC1068
:10074000C2F2004090ED001A20EE010A039A82EDF9
:10075000030A1A7993F805C042EA0C220A80B1F91B
:10076000002000EE102AB8EEC00A90ED001A20EE2C
:10077000010A039A82ED040A9A79DB7942EA03229C
:100780000A80B1F9001000EE101AB8EEC00A90ED20
:10079000001A20EE010A039880ED050AFFE7FFE743
:1007A000FFF772FEA22000F0DBF842F63E51C2F2E3
:1007B000004101912220022200F09AF8FFF758FE32
:1007C000019908784978C00040EA511142F63C503E
:1007D000C2F200400180B0F90000B0F5806F09DB83
:1007E000FFE742F63C51C2F200410888A0F50060E4
:1007F0000880FFE742F63C50C2F20040B0F900002A
:1008000000EE100AB8EEC01AB4EE002AB3EE070AE2
:1008100001EE020A039880ED070A04B080BD0000D3
:1008200080B584B003908DF80B10039842F64851C0
:10083000C2F20041086044F29871C2F20041019195
:100840000020087017F078FC0199024608781043E0
:10085000087017F051FD019902460878104308709E
:100860009DF80B0038B1FFE742F6FC40C2F20040B1
:1008700000F0C2F931E042F6FC41C2F200410091C1
:1008800041F20300C3F6B83048624CF60860C3F684
:100890008D2088624AF28B00C3F60B00C86240F2DA
:1008A0001060C3F65D60086341F60400CBF6D260C9
:1008B00048630020886348F27A40C4F21D10C86380
:1008C00091ED0F1A9FED080A80EE010A81ED080AEA
:1008D0000020C4F220208861FFE744F29870C2F241
:1008E0000040007804B080BDC3F51C41000000004A
:1008F00080B584B08DF80F0002918DF807209DF827
:100900000F0040F0800000F02BF8FFE79DF8070093
:1009100070B1FFE7552000F023F8029908700298A3
:10092000013002909DF8070001388DF80700EDE7CF
:1009300004B080BD0000000080B582B08DF80700D3
:1009400000919DF8070040F0800000F009F8552064
:1009500000F006F80099087002B080BD00000000A9
:1009600080B582B08DF8070042F64850C2F20040D0
:1009700000686A464FF47A7111600DF107010DF1BC
:10098000060201230BF0C4FA9DF8060002B080BDF8
:1009900080B582B08DF807008DF806109DF807002D
:1009A000FFF7DEFF9DF80600FFF7DAFF02B080BD1B
:1009B00080B540F20001C2F2004101F1120245F29D
:1009C000C870C2F20040122311F0DEFA40F2240196
:1009D000C2F2004101F1100245F23470C2F200404F
:1009E000102311F0D1FA40F24401C2F2004101F1AA
:1009F0001F0245F2A060C2F200401F2311F0C4FAAA
:100A000080BD00000000000083B0029001910092C0
:100A1000009890ED002A90ED014A90ED026A90ED69
:100A2000035AB6EE001AB0EE417A06EE467A05EEAB
:100A3000457A029824EE060A02EE450AD0ED000A35
:100A4000D0ED011A90ED023A20EE210A07EE200ABD
:100A500022EE062A04EE052A02EE030A30EE000A10
:100A6000019880ED000A009890ED004A90ED015A3F
:100A700090ED022A90ED036A24EE067A05EE027AE2
:100A80000298B0EE410A05EE450A06EE460AD0EDA0
:100A9000000AD0ED011A90ED023A20EE210A07EE8D
:100AA000200A22EE062A04EE452A02EE030A30EE60
:100AB000000A019880ED010A009890ED000A90ED7F
:100AC000014A90ED023A90ED032A24EE025A00EE1C
:100AD000435A029820EE040A03EE020A90ED006ADF
:100AE00090ED017A90ED022A20EE070A05EE060A43
:100AF00004EE441A03EE431A01EE020A30EE000A35
:100B0000019880ED020A03B0704700000000000069
:100B1000FFE7FEE70000000084B08DF80F000291AF
:100B2000ADF806209DF80F000146009123281DD83E
:100B30000099DFE801F012131415161B1B1B1B1B79
:100B40001B1B1B1B1B1B1B1B1B1B1B1B1B1B1B1BF5
:100B50001B1B1B1B1B1B1718191A08E007E006E0DC
:100B600005E004E003E002E001E000E0FFE7002030
:100B700004B0704700000000002070470000000033
:100B800080B582B044F67000C2F20040009043F697
:100B90008471C2F200410022019211F061FF0098BD
:100BA00043F28471C2F2004111F03AFF019802B0A1
:100BB00080BD00000000000080B582B0019000916F
:100BC0000098008814F0F8FE002002B080BD0000FC
:100BD00083B0029001918DF8032000208DF802006F
:100BE0009DF9020003B0704780B582B00190FFE725
:100BF00017F06EFEFCE7000080B592B01190002067
:100C000010900F9001F048FD42F61060C2F20040D3
:100C100080ED000AFFE701F03FFD42F61060C2F2EE
:100C2000004090ED001A30EE410AB2EE041AB4EE24
:100C3000410AF1EE10FA1EDDFFE7119941F20300BF
:100C4000C3F6B830486211994CF60860C3F68D209F
:100C5000886211994AF28B00C3F60B00C8621199A1
:100C600048F27A40C4F21D10C86311990020C4F202
:100C700020208861ECE29FEDE70A01F0B9FC1199B0
:100C80000020C86311994862119988621199C8625D
:100C9000ADF81200FFE7BDF8120041F2B451C2F204
:100CA00000410988884280F2DF81FFE7FFF7ECFB13
:100CB0009220FFF755FE12200FA902910622FFF79E
:100CC00017FEFFF7D5FB9DF83C009DF83D1040EA6C
:100CD0000120ADF83A00BDF93A0000EE100AB8EE76
:100CE000C00A41F2E810C2F2004090ED001A20EE76
:100CF000010A119981ED000A9DF83E109DF83F20F0
:100D000041EA0221ADF83A10BDF93A1000EE101A8E
:100D1000B8EEC00A90ED001A20EE010A119981ED9B
:100D2000010A9DF840109DF8412041EA0221ADF8EA
:100D30003A10BDF93A1000EE101AB8EEC00A90ED64
:100D4000001A20EE010A119880ED020A119890ED28
:100D5000002A90ED010A90ED021A20EE000A02EE40
:100D6000020A01EE010A19F02AFE8DED070A9DED37
:100D7000071A119890ED0F0A30EE010A80ED0F0A64
:100D8000FFF79AFB029900200822FFF7B1FDFFF759
:100D900087FB9DF83C000F285FD1FFE79DF83E00E0
:100DA0009DF83F1040EA0120ADF83A00BDF93A0045
:100DB00000EE100AB8EEC00A41F2EC10C2F2004098
:100DC00090ED001A20EE010A119981ED030A1199A4
:100DD00091ED031A91ED090A30EE010A81ED090A3D
:100DE0009DF840109DF8412041EA0221ADF83A10EB
:100DF000BDF93A1000EE101AB8EEC00A90ED001AD4
:100E000020EE010A119981ED040A119991ED041A5D
:100E100091ED0A0A30EE010A81ED0A0A9DF84210AE
:100E20009DF8432041EA0221ADF83A10BDF93A108D
:100E300000EE101AB8EEC00A90ED001A20EE010A7A
:100E4000119880ED050A119890ED051A90ED0B0AA6
:100E500030EE010A80ED0B0AFFE7BDF8120038BB47
:100E6000FFE7079806900798059000208DF811007D
:100E7000FFE79DF81100022819DCFFE711989DF8A3
:100E8000112000EB8200C0680BA941F822001198E4
:100E90009DF8112000EB8200C06808A941F82200EB
:100EA000FFE79DF8110001308DF81100E1E762E0E5
:100EB0009DED070A9DED061AB4EE410AF1EE10FA17
:100EC00003DDFFE707980690FFE79DED070A9DED1C
:100ED000051AB4EE410AF1EE10FA03DAFFE70798BB
:100EE0000590FFE700208DF81000FFE79DF8100047
:100EF00002283FDCFFE711989DF8101000EB8100FD
:100F000090ED030A0BA800EB810090ED001AB4EEFF
:100F1000410AF1EE10FA0ADDFFE711989DF8102062
:100F200000EB8200C0680BA941F82200FFE711988E
:100F30009DF8101000EB810090ED030A08A800EB6B
:100F4000810090ED001AB4EE410AF1EE10FA0ADACF
:100F5000FFE711989DF8102000EB8200C06808A9F7
:100F600041F82200FFE7FFE79DF8100001308DF8FF
:100F70001000BBE7FFE79DED060A9DED051A30EE78
:100F8000410A44F2A070C2F2004080ED000A002045
:100F90008DF80F00FFE79DF80F0002281DDCFFE72A
:100FA0009DF80F100BA800EB810090ED000A08A837
:100FB00000EB810090ED001A30EE410A44F6640027
:100FC000C2F2004000EB810080ED000AFFE79DF8CF
:100FD0000F0001308DF80F00DDE744F2A070C2F27F
:100FE000004090ED000AB6EE001AB4EE410AF1EEB0
:100FF00010FA2DDCFFE744F66400C2F2004090EDE9
:10100000000A9FEDE61AB4EE410AF1EE10FA1FDC79
:1010100002E000BF0AD7A33B44F66400C2F20040DE
:1010200090ED010A9FEDDD1AB4EE410AF1EE10FADF
:101030000EDCFFE744F66400C2F2004090ED020AC5
:101040009FEDD61AB4EE410AF1EE10FA01DDFFE78A
:101050000AE09FEDD30A01F0CBFAFFE7BDF81200DA
:101060000130ADF8120016E641F2B450C2F2004071
:10107000008800EE100AB8EE401A119890ED0F0AA1
:1010800080EE010A80ED0F0A00208DF80E00FFE7C8
:101090009DF80E0002281BDCFFE741F2B450C2F2BB
:1010A0000040008800EE100AB8EE401A11989DF832
:1010B0000E1000EB810090ED090A80EE010A80ED30
:1010C000090AFFE79DF80E0001308DF80E00DFE7FA
:1010D000FFF7DAF9A220FFF743FC22200FA9022232
:1010E000FFF706FCFFF7C4F99DF83C009DF83D10A2
:1010F000C00040EA5110ADF83A00BDF93A00B0F531
:10110000806F07DBFFE7BDF83A00A0F50060ADF89F
:101110003A00FFE7BDF93A0000EE100AB8EEC01A37
:10112000B4EE002AB3EE070A01EE020A119880ED30
:10113000060A44F28C71C2F200410888013008802E
:10114000FFE744F2A070C2F2004090ED000A0120D7
:10115000B6EE001AB4EE410AF1EE10FA019071DC1D
:10116000FFE7119890ED0F0A9FED8E1A30EE010AFD
:10117000B0EEC00A0120B6EE001AB4EE410AF1EE5C
:1011800010FA01905EDCFFE744F66400C2F2004012
:1011900090ED000A01209FED811AB4EE410AF1EEB4
:1011A00010FA01904EDCFFE744F66400C2F2004002
:1011B00090ED010A01209FED791AB4EE410AF1EE9B
:1011C00010FA01903EDCFFE744F66400C2F20040F2
:1011D00090ED020A01209FED711AB4EE410AF1EE82
:1011E00010FA01902EDCFFE7119890ED090AB0EE9D
:1011F000C00A01209FED6C1AB4EE410AF1EE10FA1C
:1012000001901FDCFFE7119890ED0A0AB0EEC00ACA
:1012100001209FED651AB4EE410AF1EE10FA01903B
:1012200010DCFFE7119890ED0B0AB0EEC00A9FEDBD
:101230005E1A0020B4EE410AF1EE10FAC8BF012098
:101240000190FFE70198C00700287FF4E4ACFFE7B6
:10125000119890ED0F1A9FED550A80EE010A80ED6E
:10126000080A0020ADF80C00FFE7BDF80C0041F2C1
:10127000B651C2F200410988884280F28C80FFE7B3
:10128000FFF702F99220FFF76BFB12200FA906224D
:10129000FFF72EFBFFF7ECF89DF83C009DF83D10A2
:1012A00040EA0120ADF83A00BDF93A0000EE100A1C
:1012B000B8EEC00A41F2E810C2F2004090ED001A08
:1012C00020EE010A119991ED081A20EE010A81ED34
:1012D000000A119991ED000A91ED0C1A9FED343A34
:1012E00020EE030A9FED332A01EE020A81ED0C0A7B
:1012F0009DF83E109DF83F2041EA0221ADF83A10DA
:10130000BDF93A1000EE101AB8EEC00A90ED001ABE
:1013100020EE010A119991ED081A20EE010A81EDE3
:10132000010A119991ED010A91ED0D1A20EE030ABF
:1013300001EE020A81ED0D0A9DF840109DF8412052
:1013400041EA0221ADF83A10BDF93A1000EE101A48
:10135000B8EEC00A90ED001A20EE010A119890ED47
:10136000081A20EE010A80ED020A119890ED020A97
:1013700090ED0E1A20EE030A01EE020A80ED0E0A2D
:101380009FED070A01F034F9FFE7BDF80C000130CA
:10139000ADF80C0069E712B080BD00BF9A99193E04
:1013A0006F12033ACDCC1CC10AD7233CC3F51C41B4
:1013B000CDCC4C3ECDCC4C3F80B58EB041F2B85038
:1013C000C2F2004090F87103012840F01981FFE754
:1013D00041F2B850C2F200400D9000F50B709FED45
:1013E000BE0A8DED050ADFEDBD0ACDED060A17F048
:1013F000DBFD9DED050ADDED060A0D9800F50C708C
:1014000017F0D2FD9DED050ADDED060A0D9800F5F9
:101410003E7017F0C9FD9DED050ADDED060A0D9839
:1014200000F53F7017F0C0FD0D9890ED8C2A00F18B
:10143000C00144F63470C2F200400790DFEDA51AF7
:10144000CDED091A00220A92B0EE610AF0EE610AAF
:10145000B0EE611A00F040FE0798DDED091A0A9A15
:101460000D9991ED8B2A8031B0EE610AF0EE610AA0
:10147000B0EE611A00F030FE012017F0BDFDDDED89
:10148000091A0A9A0D9991EDBF0AB1EE402A44F665
:101490009460C2F200400890B0EE610AF0EE610A7A
:1014A000B0EE611A00F018FE0898DDED091A0A9AEC
:1014B0000D9991EDBE0AB1EE402A4031B0EE610ABD
:1014C000F0EE610AB0EE611A00F006FE0D9800F52C
:1014D000A2709FED830A8DED0B0ADFED820ACDED40
:1014E0000C0A17F061FD9DED0B0ADDED0C0A0D985D
:1014F00000F5907017F058FD0D98D0ED480A90ED6A
:10150000510A90ED8E1AD0EDC11A0CF089FD0D999B
:1015100091ED510A9FED741A20EE010ABDEEC00A4A
:1015200010EE100AA1F8320191ED480A9FED6F1AF2
:1015300020EE010ABDEEC00A10EE100AA1F80E015D
:10154000FFE741F2B850C2F20040B0F9320110F5A5
:10155000804F09DCFFE741F2B851C2F200414FF47D
:101560004040A1F8320113E041F2B850C2F200400D
:10157000B0F93201B0F5804F09DBFFE741F2B85115
:10158000C2F200414FF48040A1F83201FFE7FFE7CB
:10159000FFE7FFE741F2B850C2F20040B0F90E0198
:1015A00010F5804F09DCFFE741F2B851C2F200416B
:1015B0004FF44040A1F80E0113E041F2B850C2F2DE
:1015C0000040B0F90E01B0F5804F09DBFFE741F2B2
:1015D000B851C2F200414FF48040A1F80E01FFE77C
:1015E000FFE7FFE741F2B850C2F2004000F580701B
:1015F00044F69461C2F20041002200F0C5F966E0B1
:1016000041F2B850C2F2004090F8710300285DD159
:10161000FFE741F2B850C2F20040029000F1C00171
:1016200044F63470C2F2004000909FED2A2A8DEDFE
:10163000012A01220492B0EE420AF0EE420AB0EE14
:10164000421AF0EE421A00F047FD00989DED012A83
:101650000299049A8031B0EE420AF0EE420AB0EEEE
:10166000421AF0EE421A00F037FD9DED012A029970
:10167000049A44F69460C2F200400390B0EE420A2D
:10168000F0EE420AB0EE421AF0EE421A00F024FDEB
:101690009DED012A02990398049A4031B0EE420A66
:1016A000F0EE420AB0EE421AF0EE421A00F014FDDB
:1016B000DDF808C00399049A0023ACF832310CF528
:1016C0008070ACF80E3100F05FF9FFE7FFE70EB075
:1016D00080BD00BF00000000000020C200002042CA
:1016E0009A9999C09A999940002050C50020504578
:1016F00080B582B000F070FC41F2B850C2F20040F8
:10170000019000F5D87016F097FB019800F51F7056
:1017100016F092FB00F008F80199002081F871039F
:10172000C1F8A00102B080BD80B584B043F2F810CA
:10173000C2F200404AF62C32C0F6010200210191AB
:101740009FED0D0A8DED020ADFED0C0ACDED030AC7
:101750000EF0C6F801999DED020ADDED030A43F291
:101760004020C2F200404AF63832C0F601020EF0C4
:10177000B7F804B080BD00BF0000B4420000000014
:1017800086B004908DED030AADF80A100020019098
:101790000090049818B9FFE70020059090E00498A5
:1017A0000078C00750B9FFE7049908894881049977
:1017B0000020C860049901200870FFE70499B1F97E
:1017C0000800B1F90A10884210DAFFE70499B1F96C
:1017D0000800B1F90A10401ABDF80A10084400EEDA
:1017E000100AB8EEC00A8DED010A18E00499B1F9AB
:1017F0000800B1F90A10884210DDFFE70499B1F939
:101800000800B1F90A10401ABDF80A10401A00EE9B
:10181000100AB8EEC00A8DED010AFFE7FFE7049950
:10182000B1F90800B1F90A10401A00EE100AB8EE3A
:10183000C00A8DED000A0499088948819DED010ACE
:10184000B0EEC00A9DED001AB0EEC11AB4EE410A26
:10185000F1EE10FA18DDFFE79DED000ABDF80A0071
:1018600001EE100AB8EEC11A9DED032A21EE021A0C
:1018700080EE011A049890ED030A9FED132A01EE01
:10188000020A80ED030A17E09DED010ABDF80A0087
:1018900001EE100AB8EEC11A9DED032A21EE021ADC
:1018A00080EE011A049890ED030A9FED072A01EEDD
:1018B000020A80ED030AFFE70498C0680590FFE77D
:1018C0009DED050A06B070470000B443000000001B
:1018D00080B584B00390029101920198B0F5002F79
:1018E00001D0FFE74BE002988079039908770298CE
:1018F0000178407840EA0120039988820298817833
:10190000C07840EA01200399488202980179407921
:1019100040EA01200399088203980078014600916B
:1019200040B1FFE70098012810D0FFE70098022897
:1019300018D023E003980C30B7EE000A4FF40051A2
:10194000FFF71EFF039880ED060A18E003980C309D
:10195000B3EE030A4FF40051FFF712FF039880ED36
:10196000060A0CE003980C309FED060A4FF4005174
:10197000FFF706FF039880ED060A00E0FFE704B0DA
:1019800080BD00BF0000104280B586B00590049174
:10199000ADF80E200598C07B8DF806000598C0892B
:1019A0008DF80700059890F833008DF80800059829
:1019B000408E8DF80900059890F857008DF80A00C0
:1019C0000598B0F856008DF80B00059890F87B004C
:1019D0008DF80C000598B0F87A008DF80D00049889
:1019E000059989880DF10602082316F041FDBDF81E
:1019F0000E0017F001FB06B080BD000000000000E3
:101A000080B544F64C30C2F2004002F019FC80BDB3
:101A100080B544F6C430C2F2004002F011FC80BD33
:101A200080B544F63C40C2F2004002F009FC80BDA3
:101A300080B544F6A450C2F2004002F001FC80BD23
:101A400080B544F61C60C2F2004002F0F9FB80BD94
:101A500080B544F6B440C2F2004002F0F1FB80BD14
:101A600080B544F62C50C2F2004002F0E9FB80BD84
:101A700083B002900298016801201022C4F2020291
:101A80009142009000F0A380FFE7029801680120D6
:101A90002822C4F202029142009000F09880FFE7F1
:101AA0000298016801204022C4F202029142009093
:101AB00000F08D80FFE70298016801205822C4F2EF
:101AC00002029142009000F08280FFE702980168D4
:101AD00001207022C4F202029142009077D0FFE709
:101AE0000298016801208822C4F20202914200900B
:101AF0006DD0FFE7029801680120A022C4F2020223
:101B00009142009063D0FFE7029801680120B8225B
:101B1000C4F202029142009059D0FFE70298016896
:101B2000012040F21042C4F20202914200904ED0D5
:101B3000FFE702980168012040F22842C4F2020245
:101B40009142009043D0FFE702980168012040F2E3
:101B50004042C4F202029142009038D0FFE702985E
:101B60000168012040F25842C4F202029142009002
:101B70002DD0FFE702980168012040F27042C4F2C4
:101B800002029142009022D0FFE7029801680120F2
:101B900040F28842C4F202029142009017D0FFE75F
:101BA00002980168012040F2A042C4F20202914270
:101BB00000900CD0FFE7029800684FF64831CBF652
:101BC000FD710844B0FA80F040090090FFE70098EA
:101BD000C00740B3FFE70298007810384AF6AB21FF
:101BE000CAF6AA21A0FB011000090190019800F09B
:101BF00007014AF66430C0F60100405C0299C865EE
:101C00000198042807D3FFE702990868042262F3C9
:101C10000900886506E00299086840F2FF329043A7
:101C20008865FFE705E00299086820F0FF008865F5
:101C3000FFE70298806D03B07047000000000000CD
:101C400084B0039003980068019003980168012014
:101C500045F20842C5F60202914200904ED0FFE7DD
:101C600003980168012045F21C42C5F60202914228
:101C7000009043D0FFE703980168012045F230420D
:101C8000C5F602029142009038D0FFE70398016840
:101C9000012045F24442C5F60202914200902DD047
:101CA000FFE703980168012045F25842C5F6020299
:101CB0009142009022D0FFE703980168012045F28D
:101CC0006C42C5F602029142009017D0FFE70398DC
:101CD0000168012045F28042C5F60202914200905F
:101CE0000CD0FFE7039800684AF66C31CAF2FD7128
:101CF0000844B0FA80F040090090FFE70098C00760
:101D000010B3FFE70398007808384CF6CD41CCF6C5
:101D1000CC41A0FB011000090290029945F6000099
:101D2000C5F6020000EB810003990866039945F6A9
:101D30008000C5F602004866029800F01F010120ED
:101D400088400399886635E00398007810384AF691
:101D5000AB21CAF6AA21A0FB01100009029001984C
:101D600040F2B841C4F2020188420CD8FFE7019862
:101D700040F21041C4F20201884204D3FFE7029806
:101D800008300290FFE7029940F60000C4F202001A
:101D900000EB810003990866039940F68000C4F2C5
:101DA00002004866029800F01F0101208840039954
:101DB0008866FFE704B0704783B00290029800790C
:101DC00001900198002800F08A80FFE70198082818
:101DD00000F28580FFE702980168012045F2084281
:101DE000C5F60202914200904ED0FFE702980168CA
:101DF000012045F21C42C5F602029142009043D0F8
:101E0000FFE702980168012045F23042C5F6020260
:101E10009142009038D0FFE702980168012045F216
:101E20004442C5F60202914200902DD0FFE702988D
:101E30000168012045F25842C5F602029142009025
:101E400022D0FFE702980168012045F26C42C5F6F6
:101E500002029142009017D0FFE70298016801202A
:101E600045F28042C5F60202914200900CD0FFE795
:101E7000029800684AF66C31CAF2FD710844B0FA63
:101E800080F040090090FFE70098C00780B1FFE7AD
:101E9000019945F6FC00C5F6020000EB81000299AD
:101EA000C866029945F64010C5F6020008670FE0C3
:101EB000019940F6FC00C4F2020000EB8100029997
:101EC000C866029940F64010C4F202000867FFE7B6
:101ED0000198411E0120884002994867FFE703B03E
:101EE000704700000000000085B0049000208DF8CD
:101EF0000F000498806918BBFFE70498806A02907D
:101F000003281BD80299DFE801F0020D021804989B
:101F100090F82F00C00720B1FFE701208DF80F00D7
:101F2000FFE70CE00498C06AB0F1C07F04D1FFE77E
:101F300001208DF80F00FFE701E000E0FFE747E038
:101F400004988069B0F5005F26D1FFE70498806AA5
:101F5000019003281ED80199DFE801F00206021162
:101F600001208DF80F0016E0049890F82F00C007AC
:101F700020B1FFE701208DF80F00FFE70BE0049888
:101F8000C06AB0F1C07F04D1FFE701208DF80F00D7
:101F9000FFE700E0FFE71AE00498806A009003285A
:101FA00004D3FFE70098032804D00EE001208DF849
:101FB0000F000BE0049890F82F00C00720B1FFE756
:101FC00001208DF80F00FFE700E0FFE7FFE7FFE7E4
:101FD0009DF80F0005B0704780B584B001208DF8E2
:101FE0000F0000208DF80E00FFE79DF80E00092875
:101FF00039DCFFE741F2B850C2F200400190B0F87E
:10200000C410B0F8C0209DF80F3044F63470C2F20E
:102010000040009000F02CF8019A0098B2F884106B
:10202000B2F880209DF80F3000F022F801988188E6
:1020300002889DF80F3044F69460C2F2004002908E
:1020400000F016F8019A0298B2F84410B2F8402055
:102050009DF80F3000F00CF8FFE79DF80E000130FE
:102060008DF80E00C1E704B080BD00000000000044
:1020700080B586B00590ADF81210ADF810208DF83F
:102080000F30BDF81200BDF810100844ADF8040080
:10209000FF208DF807008DF808008DF809008DF8F5
:1020A0000A008DF80B008DF80C008DF80D00FC2057
:1020B0008DF80E000598BDF804100DF107020823F5
:1020C00016F0D6F99DF80F0016F096FF012006B025
:1020D00080BD00000000000080B59EB017AB0793E4
:1020E000034607981D931C9180ED040AC0ED030A76
:1020F00080ED021AC0ED011A80ED002A8DF85B20F8
:102100001C9800880146089160B1FFE70898B0F577
:10211000807F00F01B81FFE70898B0F5007F00F09A
:10212000488167E11C984068ADF846001C98C0786B
:10213000002844D1FFE7079890ED040AFAEE090A57
:10214000B2EE091A102016F0E3FB01460798ADF82D
:10215000501090ED030AFBEE0E0AB3EE0E1A0C209F
:10216000069016F0D5FB079902460698ADF84E206A
:1021700091ED020ADFEDA40ACDED050A9FEDA31A49
:1021800016F0C6FBDDED050A079902460698ADF884
:102190004C2091ED010AB1EE041A16F0B9FB079933
:1021A00002460698ADF84A2091ED000AFAEE040ABC
:1021B000B2EE041A16F0ACFBADF8480093E01C98A0
:1021C000C078012844D1FFE7079890ED040AFAEEA1
:1021D000090AB2EE091A102016F09AFB0146079878
:1021E000ADF8501090ED030AFAEE040AB2EE041AAC
:1021F0000C20049016F08CFB079902460498ADF869
:102200004E2091ED020ADFED800ACDED030A9FED2D
:102210007F1A16F07DFBDDED030A0799024604984C
:10222000ADF84C2091ED010AB1EE041A16F070FBE6
:10223000079902460498ADF84A2091ED000AFBEE9A
:102240000C0AB3EE0C1A16F063FBADF8480049E037
:102250001C98C078022844D1FFE7079890ED040A43
:10226000FAEE090AB2EE091A102016F051FB0146E7
:102270000798ADF8501090ED030ADFED610A9FED6D
:10228000611A0C20029016F043FB0799024602984F
:10229000ADF84E2091ED020ADFED5B0ACDED010AAB
:1022A0009FED5A1A16F034FBDDED010A079902463C
:1022B0000298ADF84C2091ED010AB1EE041A16F027
:1022C00027FB079902460298ADF84A2091ED000AD3
:1022D000DFED4F0A9FED4F1A16F01AFBADF84800DC
:1022E000FFE7FFE7FFE79DF851008DF853009DF8E9
:1022F00050008DF85400BDF84E0000098DF85500CF
:10230000BDF84E109DF84D0040EA01108DF85600C2
:102310009DF84C008DF85700BDF84A0000098DF873
:102320005800BDF84A109DF8490040EA01108DF8A8
:1023300059009DF848008DF85A001D98BDF84610C8
:102340000DF15302082316F093F853E01C984068EF
:1023500000F58070ADF832001BA80E901AA80D9001
:102360000E9800788DF83E000E9840788DF83F006A
:102370000E9880788DF840000E98C0788DF8410056
:102380000D9800788DF842000D9840788DF8430044
:102390000D9880788DF844000D98C0788DF8450030
:1023A0001D98BDF832100DF13E02082316F060F8BA
:1023B00020E01C98406800F50070ADF826001AA8CF
:1023C0000A900A9800788DF82E000A9840788DF8C7
:1023D0002F000A9880788DF830000A98C0788DF820
:1023E00031001D98BDF826100DF12E02042316F0C1
:1023F0003FF8FFE79DF85B0016F0FEFD1EB080BDC4
:10240000000034C200003442000000000000FA4323
:10241000000020C20000204280B588B007900691DD
:1024200005920598B0F5002F40F0B880FFE70698B8
:10243000007800F00F00079988810698007800095D
:102440000799C8810698B0F80100000400BA0799FE
:1024500008610699C8780979000140EA11100799C6
:10246000486106980179407901F00F0140EA0120A6
:10247000079988610798C0780146049140B1FFE749
:10248000049801282AD0FFE7049802284CD071E074
:1024900007980069BAEE090AF2EE090A102117F04E
:1024A00027FB079880ED090A07984069BBEE0E0AE2
:1024B000F3EE0E0A0C21039117F01AFB039907980B
:1024C00080ED0A0A07988069BAEE040AF2EE040A5F
:1024D00017F00EFB079880ED0B0A4CE00798006997
:1024E000BAEE090AF2EE090A102117F001FB07986B
:1024F00080ED090A07984069BAEE040AF2EE040A70
:102500000C21029117F0F4FA0299079880ED0A0A5B
:1025100007988069BBEE0C0AF3EE0C0A17F0E8FA94
:10252000079880ED0B0A26E007980069BAEE090AC1
:10253000F2EE090A102117F0DBFA079880ED090A7C
:10254000079840699FED160ADFED160A0C210191EC
:1025500017F0CEFA0199079880ED0A0A079880696A
:102560009FED110ADFED110A17F0C2FA079880ED0E
:102570000B0A00E0FFE70698807900EE100AB8EE3B
:10258000400A079880ED0E0A0698C07900EE100AFE
:10259000B8EE400A079880ED0F0AFFE708B080BD4B
:1025A000000034C200003442000020C2000020427B
:1025B00081B041F20400CEF2000000680090009863
:1025C00042F60861C2F200410968884208D2FFE77A
:1025D00042F60C61C2F20041086801300860FFE772
:1025E000009842F60861C2F20041086001B07047ED
:1025F00083B08DED020A41F20400CEF200000068C3
:10260000019002980090FFE741F20400CEF2000032
:1026100000680199401A00EE100AB8EE400A9DEDDC
:10262000001A42F6F050C2F2004090ED002AB8EED7
:10263000422A21EE021AB4EE410AF1EE10FA01DA52
:10264000FFE7E1E703B0704780B584B0039041F243
:102650000400CEF200000068029002980399096815
:10266000401A00EE100AB8EE400A42F6F050C2F2EC
:10267000004090ED001AB8EE411A80EE010A8DED8F
:10268000010A029803990860FFF792FF9DED010A85
:1026900004B080BD0000000080B582B000F068F892
:1026A00043F24430C2F2004090ED000AB8EE400A16
:1026B000818801EE101AB8EEC11A9FED092A01EEC9
:1026C000020AC08801EE100AB8EEC11A9FED052A71
:1026D00001EE020A8DED010A9DED010A02B080BDF6
:1026E0006F12833ABD37863581B000904EF6FC51AB
:1026F000CEF20001086840F08070086041F20401E9
:10270000CEF200010020086041F20002CEF2000289
:10271000116841F001011160009944F24022C0F2B9
:102720000F024A4342F6F051C2F200410A600A68C1
:1027300044F6D353C1F26203A2FB0332920942F67C
:10274000F453C2F200431A6009684DF68362C4F282
:102750001B32A1FB0221890C42F6F852C2F2004260
:10276000116042F60C61C2F20041086001B070478E
:10277000B0B586B041F20400CEF2000000680590CA
:10278000FFF716FF42F60C60C2F2004001680598A0
:10279000002302934FF0FF3C1A46E1FB0C0242F685
:1027A0000061C2F2004100914A600860086849680F
:1027B00042F6F054C2F200442268FDF7A3FD029BEA
:1027C00002468C46009942F61860C2F20040C0F8FA
:1027D00004C00260D1F800C04968D0F800E0426847
:1027E0002468AEFB04E502FB0452BCEB0E0C61EB6B
:1027F000020242F62061C2F200410391C1F800C01A
:102800004A60006843F24432C2F20042049210600F
:102810000868496842F6F452C2F200420192126816
:10282000FDF770FDDDF804C0029B049A0146039891
:102830009180016840689288DCF800C002FB0CF2CD
:102840008A1A60F1000042F62861C2F200410A6073
:1028500048600868496842F6F852C2F200421268BD
:10286000FDF750FD0499C88006B0B0BD000000001F
:10287000704700000000000083B0029001910092B8
:10288000009890ED004A90ED012A90ED025A90EDEB
:10289000036AB6EE001AB0EE417A05EE457A06EE0E
:1028A000467A029824EE060A02EE050AD0ED000AE6
:1028B000D0ED011A90ED023A20EE210A07EE200A2F
:1028C00022EE062A04EE452A02EE030A30EE000A42
:1028D000019880ED000A009890ED002A90ED016AC1
:1028E00090ED024A90ED035A26EE047A02EE457A04
:1028F0000298B0EE410A06EE460A05EE450AD0ED12
:10290000000AD0ED011A90ED023A20EE210A07EEFE
:10291000200A22EE062A04EE052A02EE030A30EE11
:10292000000A019880ED010A009890ED002A90EDD0
:10293000014A90ED023A90ED030A22EE035A04EEAA
:10294000005A029823EE000A02EE440A90ED006A53
:1029500090ED017A90ED022A20EE070A05EE060AB4
:1029600004EE441A03EE431A01EE020A30EE000AA6
:10297000019880ED020A03B07047000000000000DB
:1029800081B0EFF3108072B60090FFE7FEE7000021
:1029900080B58AB0002002900390022104910121A9
:1029A00005910690079044F69460C2F2004002A997
:1029B00003F0EEFA18B1FFE7FFF7E2FFFFE7684622
:1029C0000023036044F69460C2F2004002221146E4
:1029D00003F06AFB18B1FFE7FFF7D2FFFFE744F609
:1029E0009460C2F200400121002203F0E1F918B125
:1029F000FFE7FFF7C5FFFFE744F69460C2F200402F
:102A000004F02AFC18B1FFE7FFF7BAFFFFE70AB0AE
:102A100080BD00000000000080B544F69460C2F262
:102A2000004003F001FD80BD80B58AB00020029017
:102A3000012103910221049105910690079044F62B
:102A40003470C2F2004002A903F0A2FA18B1FFE705
:102A5000FFF796FFFFE768460023036044F63470F3
:102A6000C2F200400222114603F01EFB18B1FFE73C
:102A7000FFF786FFFFE744F63470C2F200401021F2
:102A8000002203F095F918B1FFE7FFF779FFFFE7A0
:102A900044F63470C2F2004004F0DEFB18B1FFE7E8
:102AA000FFF76EFFFFE70AB080BD000000000000E6
:102AB00080B544F63470C2F2004003F0B5FC80BD2E
:102AC00080B58AB000200290022103910491012177
:102AD00005910690079044F6D470C2F2004002A916
:102AE00003F056FA18B1FFE7FFF74AFFFFE7684621
:102AF0000023036044F6D470C2F200400222114663
:102B000003F0D2FA18B1FFE7FFF73AFFFFE744F608
:102B1000D470C2F200400121002203F049F918B13B
:102B2000FFE7FFF72DFFFFE744F6D470C2F2004045
:102B300004F092FB18B1FFE7FFF722FFFFE70AB0AE
:102B400080BD00000000000080B544F6D470C2F2E1
:102B5000004003F069FC80BD84B002900298406B95
:102B6000009002980068D0F884004FF6FC7188430A
:102B7000009940EA810002990968C1F8840002982E
:102B80000068D0F8840020F47F00029A1168926BEC
:102B900040EA0240C1F884000298816B0098084422
:102BA000009002980068D0F888006FF38F000099B9
:102BB00040EA810002990968C1F88800029800681B
:102BC000D0F8880020F4FE00029A1168D26B40EA27
:102BD0000240C1F888000298C16B009800EB4100E8
:102BE000009002980068D0F8A0006FF38F00009961
:102BF00040EA810002990968C1F8A00002980068C3
:102C0000D0F8A00020F4FE00029A1168126C40EA8D
:102C10000240C1F8A0000299086C496C009A00FBC0
:102C20000120009002980068D0F8B0006FF38F0088
:102C3000009940EA810002990968C1F8B000029841
:102C40000068D0F8B00020F4FE00029A1168926C7F
:102C500040EA0240C1F8B0000299886CC96C009A41
:102C600000FB0120009002980068D0F8AC006FF3E0
:102C70008F00009940EA810002990968C1F8AC0010
:102C80000299086D496D009A00FB0120009002989E
:102C90000068D0F8F0006FF38F00009940EA8100DF
:102CA00002990968C1F8F00002980068D0F8F000B5
:102CB00020F47C10029A1168926D40EA0240C1F83B
:102CC000F0000298816D009800EB4100009002989E
:102CD0000068D0F8C0006FF38F00009940EA8100CF
:102CE00002990968C1F8C00002980068D0F8C000D5
:102CF00020F47C10029A1168D26D40EA0240C1F8BB
:102D0000C00002980068D0F8C00020F07C50029A01
:102D10001168126E40EA0260C1F8C00002994A6B65
:102D20004AF60040C4F2000000EB8200C866029937
:102D30008A6BC86E00EB820008670299CA6B086F45
:102D400000EBC200486702990A6C4B6C486F5A430B
:102D500000EB8200886702998A6CCB6C886F5A43BB
:102D600000EB8200C86702990A6D4B6DC86F5A4329
:102D700000EB8200C1F8800002998A6DD1F88000D2
:102D800000EBC200C1F884000299CA6D8B6ED1F8C5
:102D900084005A4300EB8200C1F8880002990A6E51
:102DA0008B6ED1F888005A4300EB8200C1F8900086
:102DB0000298D0F890004DF2FD31C4F20001884233
:102DC0000FD3FFE70299D1F89C0040F02000C1F832
:102DD0009C000299032081F8980001208DF80F00D3
:102DE00017E00298C06E0190FFE701980299D1F8B0
:102DF0009010884208D2FFE7019900200860FFE7A1
:102E0000019804300190F0E7FFE700208DF80F00F3
:102E1000FFE79DF80F0004B07047000000000000BD
:102E200088B007900691059204930698406848B9C7
:102E3000FFE70698016882680069104340EA814014
:102E4000039009E00698016882680069104308430E
:102E500040F080400390FFE70698D0F820C0C1689A
:102E600042698369C06940EA0C6018431043084313
:102E700002900798826ED0F884000499514300EBC9
:102E80008100019003980199086001980430019035
:102E90000298019908600198043001900020009088
:102EA000FFE700980699CA894AF65431C0F6010135
:102EB000895C88420DD2FFE7059800994058019936
:102EC0000860019804300190FFE7009804300090FA
:102ED000E7E708B07047000082B08DED010ACDED44
:102EE000000A9DED010AB5EE400AF1EE10FA4BDD45
:102EF000FFE79DED000AB5EE400AF1EE10FA43DA65
:102F0000FFE79DED011A9FED560A30EE410A9DED57
:102F1000001A30EE010A42F63061C2F2004181ED42
:102F2000000A9DED000A9DED011A30EE410A42F6BD
:102F30003460C2F2004080ED000A91ED000A90ED8D
:102F4000001AB1EE411AB4EE410AF1EE10FA0DDAB0
:102F5000FFE742F63060C2F2004090ED000A42F610
:102F60003860C2F2004080ED000A0CE042F63460A6
:102F7000C2F2004090ED000A42F63860C2F2004012
:102F800080ED000AFFE760E09DED010AB5EE400A22
:102F9000F1EE10FA4BDAFFE79DED000AB5EE400ABC
:102FA000F1EE10FA43DDFFE79DED011A9FED2B0ACC
:102FB00030EE410A9DED001A30EE010A42F6306112
:102FC000C2F2004181ED000A9DED000A9DED011A5B
:102FD00030EE410A42F63460C2F2004080ED000A51
:102FE00091ED000AB1EE400A90ED001AB4EE410AEC
:102FF000F1EE10FA0DDAFFE742F63060C2F200405F
:1030000090ED000A42F63860C2F2004080ED000AFE
:103010000CE042F63460C2F2004090ED000A42F645
:103020003860C2F2004080ED000AFFE70CE09DED41
:10303000000A9DED011A30EE410A42F63860C2F2F4
:10304000004080ED000AFFE7FFE742F63860C2F279
:10305000004090ED000A02B0704700BFDB0FC9C00E
:10306000DB0FC9400000000084B0039002918DED99
:10307000010ACDED000A42F6DC61C2F200410020F7
:103080000880FFE742F6DC60C2F2004000880328B7
:103090005BDCFFE742F6DE61C2F2004100200880FF
:1030A000FFE742F6DE60C2F200400088092843DCF8
:1030B000FFE7029842F6DC61C2F200410A8842F65C
:1030C000DE61C2F20041098802EB820201EB420399
:1030D00003EB430300EBC3009DED013A90ED000AC2
:1030E00090ED012A90ED024A90ED031A02EE030AD8
:1030F0009DED002A04EE020A23EE034A01EE040AC3
:1031000090ED041A21EE031A01EE020A90ED051A61
:1031100022EE022A01EE020A039800EBC20000EB45
:10312000810080ED000AFFE742F6DE61C2F2004155
:10313000088801300880B4E7FFE742F6DC61C2F29C
:1031400000410888013008809CE704B07047000007
:1031500084B002900191ADF80220029828B9FFE7EF
:103160004FF6FF70ADF80E0021E0FFE70198411E19
:103170000191B8B1FFE70298411C029100788DF8E7
:103180000100BDF802109DF801004840C2B24BF2A8
:103190001E40C0F6010030F8120080EA1120ADF8A0
:1031A0000200E3E7BDF80200ADF80E00FFE7BDF84E
:1031B0000E0004B07047000080B584B04EF60000E9
:1031C000C1F6F170006803904EF60400C1F6F1708C
:1031D000006802904EF60800C1F6F1700068019098
:1031E0000199039808440390039888B1FFE7039876
:1031F00042F60031C2F200410091023108220AF089
:103200005BFE00990298123104220AF055FEFFE796
:1032100004B080BD0000000080B58AB0089004F0C2
:1032200073FA0490089828B9FFE701208DF8270069
:1032300000F0AABC089890F8350002280ED0FFE7ED
:10324000089980204865FFE70899002081F834003C
:10325000FFE701208DF8270000F096BC0898016870
:1032600001201022C4F202029142039000F0A380D8
:10327000FFE70898016801202822C4F20202914267
:10328000039000F09880FFE7089801680120402231
:10329000C4F202029142039000F08D80FFE708988B
:1032A000016801205822C4F202029142039000F00A
:1032B0008280FFE70898016801207022C4F20202B0
:1032C0009142039077D0FFE7089801680120882297
:1032D000C4F20202914203906DD0FFE708980168A2
:1032E0000120A022C4F202029142039063D0FFE7C2
:1032F000089801680120B822C4F2020291420390AA
:1033000059D0FFE708980168012040F21042C4F24A
:103310000202914203904ED0FFE708980168012015
:1033200040F22842C4F202029142039043D0FFE7E8
:1033300008980168012040F24042C4F20202914222
:10334000039038D0FFE708980168012040F2584206
:10335000C4F20202914203902DD0FFE70898016861
:10336000012040F27042C4F202029142039022D046
:10337000FFE708980168012040F28842C4F2020287
:103380009142039017D0FFE708980168012040F2AE
:10339000A042C4F20202914203900CD0FFE70898C9
:1033A00000684FF64831CBF6FD710844B0FA80F062
:1033B00040090390FFE70398C00780B1FFE7089832
:1033C0000168086820F01E000860089801684869D4
:1033D00020F08000486108980068059009E008988E
:1033E0000168086820F00E000860089800680590E1
:1033F000FFE70898016801201022C4F202029142FE
:10340000029000F00381FFE708980168012028225C
:10341000C4F202029142029000F0F880FFE708989F
:10342000016801204022C4F202029142029000F0A1
:10343000ED80FFE70898016801205822C4F20202DB
:103440009142029000F0E280FFE7089801680120B5
:103450007022C4F202029142029000F0D780FFE78E
:103460000898016801208822C4F202029142029069
:1034700000F0CC80FFE7089801680120A022C4F288
:1034800002029142029000F0C180FFE708980168B3
:103490000120B822C4F202029142029000F0B680EC
:1034A000FFE708980168012040F21042C4F20202CE
:1034B0009142029000F0AA80FFE70898016801207D
:1034C00040F22842C4F202029142029000F09E8033
:1034D000FFE708980168012040F24042C4F202026E
:1034E0009142029000F09280FFE708980168012065
:1034F00040F25842C4F202029142029000F08680EB
:10350000FFE708980168012040F27042C4F202020D
:10351000914202907AD0FFE708980168012040F2BA
:103520008842C4F20202914202906FD0FFE70898ED
:103530000168012040F2A042C4F2020291420290CE
:1035400064D0FFE708980168012040F2B842C4F255
:1035500002029142029059D0FFE7089801680120C9
:1035600045F20842C5F60202914202904ED0FFE7B2
:1035700008980168012045F21C42C5F602029142FA
:10358000029043D0FFE708980168012045F23042DD
:10359000C5F602029142029038D0FFE70898016810
:1035A000012045F24442C5F60202914202902DD01C
:1035B000FFE708980168012045F25842C5F602026B
:1035C0009142029022D0FFE708980168012045F25D
:1035D0006C42C5F602029142029017D0FFE70898AC
:1035E0000168012045F28042C5F602029142029034
:1035F0000CD0FFE7089800684AF66C31CAF2FD71FA
:103600000844B0FA80F040090290FFE70298C00732
:1036100038B1FFE70898016E086820F480700860F0
:10362000FFE7089800681021C4F20201884200F008
:103630008180FFE7089800682821C4F202018842CF
:1036400078D0FFE7089800684021C4F20201884260
:1036500070D0FFE7089800685821C4F20201884240
:1036600068D0FFE7089800687021C4F20201884220
:1036700060D0FFE7089800688821C4F20201884200
:1036800058D0FFE708980068A021C4F202018842E0
:1036900050D0FFE708980068B821C4F202018842C0
:1036A00048D0FFE70898006840F21041C4F20201D8
:1036B00088423FD0FFE70898006840F22841C4F2F2
:1036C0000201884236D0FFE70898006840F2404186
:1036D000C4F2020188422DD0FFE70898006840F24A
:1036E0005841C4F20201884224D0FFE708980068DC
:1036F00040F27041C4F2020188421BD0FFE70898F3
:10370000006840F28841C4F20201884212D0FFE70B
:103710000898006840F2A041C4F20201884209D032
:10372000FFE70898006840F2B841C4F202018842FD
:1037300007D1FFE708980168086820F001000860D9
:1037400006E008980168086820F001000860FFE7BB
:10375000FFE705980068C007C8B1FFE703F0D4FF92
:103760000499401A062811D3FFE7089920204865DC
:103770000899032081F83500FFE70899002081F8B7
:103780003400FFE701208DF82700FDE1E1E708980C
:10379000016801201022C4F202029142019000F05F
:1037A000A380FFE70898016801202822C4F20202E2
:1037B0009142019000F09880FFE70898016801208D
:1037C0004022C4F202029142019000F08D80FFE796
:1037D0000898016801205822C4F202029142019027
:1037E00000F08280FFE70898016801207022C4F28F
:1037F00002029142019077D0FFE70898016801200A
:103800008822C4F20202914201906DD0FFE708982D
:1038100001680120A022C4F202029142019063D00B
:10382000FFE7089801680120B822C4F20202914221
:10383000019059D0FFE708980168012040F210423A
:10384000C4F20202914201904ED0FFE7089801684D
:10385000012040F22842C4F202029142019043D07A
:10386000FFE708980168012040F24042C4F20202DA
:103870009142019038D0FFE708980168012040F29A
:103880005842C4F20202914201902DD0FFE70898FD
:103890000168012040F27042C4F20202914201909C
:1038A00022D0FFE708980168012040F28842C4F264
:1038B00002029142019017D0FFE7089801680120A9
:1038C00040F2A042C4F20202914201900CD0FFE704
:1038D000089800684FF64831CBF6FD710844B0FAFD
:1038E00080F040090190FFE70198C00760B1FFE751
:1038F0000898806D07900898C06D00F01F013F2068
:103900008840079988600BE00898806D06900898B9
:10391000C06D00F01F010120884006994860FFE754
:103920000898016801201022C4F20202914200901E
:1039300000F00381FFE70898016801202822C4F203
:1039400002029142009000F0F880FFE708980168B9
:1039500001204022C4F202029142009000F0ED806A
:10396000FFE70898016801205822C4F20202914240
:10397000009000F0E280FFE70898016801207022C3
:10398000C4F202029142009000F0D780FFE708984D
:10399000016801208822C4F202029142009000F0E6
:1039A000CC80FFE7089801680120A022C4F202023F
:1039B0009142009000F0C180FFE708980168012063
:1039C000B822C4F202029142009000F0B680FFE7F4
:1039D00008980168012040F21042C4F202029142AC
:1039E000009000F0AA80FFE708980168012040F2EB
:1039F0002842C4F202029142009000F09E80FFE74C
:103A000008980168012040F24042C4F2020291424B
:103A1000009000F09280FFE708980168012040F2D2
:103A20005842C4F202029142009000F08680FFE703
:103A300008980168012040F27042C4F202029142EB
:103A400000907AD0FFE708980168012040F2884290
:103A5000C4F20202914200906FD0FFE7089801681B
:103A6000012040F2A042C4F202029142009064D0D0
:103A7000FFE708980168012040F2B842C4F2020250
:103A80009142009059D0FFE708980168012045F263
:103A90000842C5F60202914200904ED0FFE7089816
:103AA0000168012045F21C42C5F6020291420090D5
:103AB00043D0FFE708980168012045F23042C5F67F
:103AC00002029142009038D0FFE708980168012077
:103AD00045F24442C5F60202914200902DD0FFE724
:103AE00008980168012045F25842C5F60202914249
:103AF000009022D0FFE708980168012045F26C424F
:103B0000C5F602029142009017D0FFE708980168BD
:103B1000012045F28042C5F60202914200900CD08D
:103B2000FFE7089800684AF66C31CAF2FD71084454
:103B3000B0FA80F040090090FFE70098C007A0B1FC
:103B4000FFE70898416E806E48600898C06E58B1D3
:103B5000FFE70898C16E086820F480700860089834
:103B6000016F406F4860FFE7FFE70899012081F887
:103B70003500FFE70899002081F83400FFE7FFE7F0
:103B800000208DF82700FFE79DF827000AB080BDD0
:103B900080B586B00490049820B9FFE701208DF825
:103BA000170046E3049890F83500022807D0FFE795
:103BB00004998020486501208DF8170039E30498A6
:103BC000016801201022C4F202029142029000F02A
:103BD000A380FFE70498016801202822C4F20202B2
:103BE0009142029000F09880FFE70498016801205C
:103BF0004022C4F202029142029000F08D80FFE761
:103C00000498016801205822C4F2020291420290F5
:103C100000F08280FFE70498016801207022C4F25E
:103C200002029142029077D0FFE7049801680120D8
:103C30008822C4F20202914202906DD0FFE70498FC
:103C400001680120A022C4F202029142029063D0D6
:103C5000FFE7049801680120B822C4F202029142F1
:103C6000029059D0FFE704980168012040F2104209
:103C7000C4F20202914202904ED0FFE7049801681C
:103C8000012040F22842C4F202029142029043D045
:103C9000FFE704980168012040F24042C4F20202AA
:103CA0009142029038D0FFE704980168012040F269
:103CB0005842C4F20202914202902DD0FFE70498CC
:103CC0000168012040F27042C4F202029142029067
:103CD00022D0FFE704980168012040F28842C4F234
:103CE00002029142029017D0FFE704980168012078
:103CF00040F2A042C4F20202914202900CD0FFE7CF
:103D0000049800684FF64831CBF6FD710844B0FACC
:103D100080F040090290FFE70298C007002800F0F9
:103D20009D80FFE70499042081F83500049800681D
:103D30001021C4F20201884200F08180FFE704985C
:103D400000682821C4F20201884278D0FFE7049875
:103D500000684021C4F20201884270D0FFE7049855
:103D600000685821C4F20201884268D0FFE7049835
:103D700000687021C4F20201884260D0FFE7049815
:103D800000688821C4F20201884258D0FFE70498F5
:103D90000068A021C4F20201884250D0FFE70498D5
:103DA0000068B821C4F20201884248D0FFE70498B5
:103DB000006840F21041C4F2020188423FD0FFE7A0
:103DC0000498006840F22841C4F20201884236D0CB
:103DD000FFE70498006840F24041C4F202018842C3
:103DE0002DD0FFE70498006840F25841C4F2020168
:103DF000884224D0FFE70498006840F27041C4F282
:103E0000020188421BD0FFE70498006840F2884115
:103E1000C4F20201884212D0FFE70498006840F221
:103E2000A041C4F20201884209D0FFE7049800686B
:103E300040F2B841C4F20201884207D1FFE704987A
:103E40000168086820F00100086006E00498016835
:103E5000086820F001000860FFE7E5E104980168C8
:103E6000086820F00E000860049800681021C4F271
:103E70000201884200F08180FFE704980068282151
:103E8000C4F20201884278D0FFE70498006840211C
:103E9000C4F20201884270D0FFE7049800685821FC
:103EA000C4F20201884268D0FFE7049800687021DC
:103EB000C4F20201884260D0FFE7049800688821BC
:103EC000C4F20201884258D0FFE704980068A0219C
:103ED000C4F20201884250D0FFE704980068B8217C
:103EE000C4F20201884248D0FFE70498006840F21B
:103EF0001041C4F2020188423FD0FFE704980068F5
:103F000040F22841C4F20201884236D0FFE704980B
:103F1000006840F24041C4F2020188422DD0FFE720
:103F20000498006840F25841C4F20201884224D04B
:103F3000FFE70498006840F27041C4F20201884231
:103F40001BD0FFE70498006840F28841C4F20201E8
:103F5000884212D0FFE70498006840F2A041C4F202
:103F60000201884209D0FFE70498006840F2B84196
:103F7000C4F20201884207D1FFE70498016808688B
:103F800020F00100086006E004980168086820F04D
:103F900001000860FFE70498016801201022C4F2C4
:103FA00002029142019000F00381FFE7049801684A
:103FB00001202822C4F202029142019000F0F88010
:103FC000FFE70498016801204022C4F202029142F6
:103FD000019000F0ED80FFE704980168012058226D
:103FE000C4F202029142019000F0E280FFE70498DF
:103FF000016801207022C4F202029142019000F097
:10400000D780FFE70498016801208822C4F20202E9
:104010009142019000F0CC80FFE7049801680120F4
:10402000A022C4F202029142019000F0C180FFE799
:10403000049801680120B822C4F202029142019062
:1040400000F0B680FFE704980168012040F21042BA
:10405000C4F202029142019000F0AA80FFE70498A6
:104060000168012040F22842C4F20202914201900C
:1040700000F09E80FFE704980168012040F2404272
:10408000C4F202029142019000F09280FFE704988E
:104090000168012040F25842C4F2020291420190AC
:1040A00000F08680FFE704980168012040F270422A
:1040B000C4F20202914201907AD0FFE704980168AD
:1040C000012040F28842C4F20202914201906FD076
:1040D000FFE704980168012040F2A042C4F2020206
:1040E0009142019064D0FFE704980168012040F2FA
:1040F000B842C4F202029142019059D0FFE70498FD
:104100000168012045F20842C5F602029142019081
:104110004ED0FFE704980168012045F21C42C5F625
:1041200002029142019043D0FFE704980168012008
:1041300045F23042C5F602029142019038D0FFE7C5
:1041400004980168012045F24442C5F602029142FA
:1041500001902DD0FFE704980168012045F25842F4
:10416000C5F602029142019022D0FFE7049801684F
:10417000012045F26C42C5F602029142019017D02F
:10418000FFE704980168012045F28042C5F602026B
:10419000914201900CD0FFE7049800684AF66C3118
:1041A000CAF2FD710844B0FA80F040090190FFE7BF
:1041B0000198C00728B3FFE70498016E086820F44F
:1041C000807008600498806D03900498C06D00F0C2
:1041D0001F0101208840039948600498416E806E59
:1041E00048600498C06E58B1FFE70498C16E086833
:1041F00020F4807008600498016F406F4860FFE70A
:10420000FFE70499012081F83500FFE704990020B9
:1042100081F83400FFE70498006D20B1FFE70498AF
:10422000016D8847FFE7FFE7FFE700208DF81700E3
:10423000FFE79DF8170006B080BD000000000000F9
:1042400080B590B00F9000200B9042F64420C2F24F
:104250000040006848F2B511C1F64E31A0FB0110D4
:10426000800A0A900F98806D09900F98806D0890D1
:10427000099800680E90089800680D900F980168E2
:1042800001201022C4F202029142079000F0A380A4
:10429000FFE70F98016801202822C4F20202914230
:1042A000079000F09880FFE70F98016801204022F6
:1042B000C4F202029142079000F08D80FFE70F9850
:1042C000016801205822C4F202029142079000F0D6
:1042D0008280FFE70F98016801207022C4F2020279
:1042E0009142079077D0FFE70F980168012088225C
:1042F000C4F20202914207906DD0FFE70F98016867
:104300000120A022C4F202029142079063D0FFE78D
:104310000F9801680120B822C4F20202914207906E
:1043200059D0FFE70F980168012040F21042C4F213
:104330000202914207904ED0FFE70F9801680120DA
:1043400040F22842C4F202029142079043D0FFE7B4
:104350000F980168012040F24042C4F202029142EB
:10436000079038D0FFE70F980168012040F25842CB
:10437000C4F20202914207902DD0FFE70F98016826
:10438000012040F27042C4F202029142079022D012
:10439000FFE70F980168012040F28842C4F2020250
:1043A0009142079017D0FFE70F980168012040F273
:1043B000A042C4F20202914207900CD0FFE70F988E
:1043C00000684FF64831CBF6FD710844B0FA80F032
:1043D00040090790FFE70798C007002800F0138501
:1043E000FFE70E980F99C96D01F01F01C840000743
:1043F000002840F1B080FFE70F9800681021C4F258
:104400000201884200F08180FFE70F9800682821B0
:10441000C4F20201884278D0FFE70F98006840217B
:10442000C4F20201884270D0FFE70F98006858215B
:10443000C4F20201884268D0FFE70F98006870213B
:10444000C4F20201884260D0FFE70F98006888211B
:10445000C4F20201884258D0FFE70F980068A021FB
:10446000C4F20201884250D0FFE70F980068B821DB
:10447000C4F20201884248D0FFE70F98006840F27A
:104480001041C4F2020188423FD0FFE70F98006854
:1044900040F22841C4F20201884236D0FFE70F986B
:1044A000006840F24041C4F2020188422DD0FFE78B
:1044B0000F98006840F25841C4F20201884224D0AB
:1044C000FFE70F98006840F27041C4F20201884291
:1044D0001BD0FFE70F98006840F28841C4F2020148
:1044E000884212D0FFE70F98006840F2A041C4F262
:1044F0000201884209D0FFE70F98006840F2B841F6
:10450000C4F20201884207D1FFE70F9800680068F3
:1045100000F00400069006E00F980068006800F0C4
:1045200008000690FFE70698A0B1FFE70F98016822
:10453000086820F0040008600F98C06D00F01F01AB
:1045400008208840099988600F99486D40F0010063
:104550004865FFE7FFE70E980F99C96D01F01F014D
:10456000C840C007002800F0A980FFE70F98006846
:104570001021C4F20201884200F08180FFE70F9809
:1045800000682821C4F20201884278D0FFE70F9822
:1045900000684021C4F20201884270D0FFE70F9802
:1045A00000685821C4F20201884268D0FFE70F98E2
:1045B00000687021C4F20201884260D0FFE70F98C2
:1045C00000688821C4F20201884258D0FFE70F98A2
:1045D0000068A021C4F20201884250D0FFE70F9882
:1045E0000068B821C4F20201884248D0FFE70F9862
:1045F000006840F21041C4F2020188423FD0FFE758
:104600000F98006840F22841C4F20201884236D077
:10461000FFE70F98006840F24041C4F2020188426F
:104620002DD0FFE70F98006840F25841C4F2020114
:10463000884224D0FFE70F98006840F27041C4F22E
:10464000020188421BD0FFE70F98006840F28841C2
:10465000C4F20201884212D0FFE70F98006840F2CE
:10466000A041C4F20201884209D0FFE70F98006818
:1046700040F2B841C4F20201884207D1FFE70F9827
:104680000068406900F08000059005E00F98006820
:10469000006800200590FFE7059870B1FFE70F98CC
:1046A000C06D00F01F0101208840099988600F99B2
:1046B000486D40F002004865FFE7FFE70E980F994C
:1046C000C96D01F01F01C8404007002840F1A980D2
:1046D000FFE70F9800681021C4F20201884200F041
:1046E0008180FFE70F9800682821C4F20201884208
:1046F00078D0FFE70F9800684021C4F20201884299
:1047000070D0FFE70F9800685821C4F20201884278
:1047100068D0FFE70F9800687021C4F20201884258
:1047200060D0FFE70F9800688821C4F20201884238
:1047300058D0FFE70F980068A021C4F20201884218
:1047400050D0FFE70F980068B821C4F202018842F8
:1047500048D0FFE70F98006840F21041C4F2020110
:1047600088423FD0FFE70F98006840F22841C4F22A
:104770000201884236D0FFE70F98006840F24041BE
:10478000C4F2020188422DD0FFE70F98006840F282
:104790005841C4F20201884224D0FFE70F98006814
:1047A00040F27041C4F2020188421BD0FFE70F982B
:1047B000006840F28841C4F20201884212D0FFE74B
:1047C0000F98006840F2A041C4F20201884209D06B
:1047D000FFE70F98006840F2B841C4F20201884236
:1047E00007D1FFE70F980068006800F0020004900E
:1047F00005E00F980068006800200490FFE7049827
:1048000070B1FFE70F98C06D00F01F0104208840D1
:10481000099988600F99486D40F004004865FFE7EA
:10482000FFE70E980F99C96D01F01F01C840C0063F
:10483000002840F1DE80FFE70F9800681021C4F2E5
:104840000201884200F08180FFE70F98006828216C
:10485000C4F20201884278D0FFE70F980068402137
:10486000C4F20201884270D0FFE70F980068582117
:10487000C4F20201884268D0FFE70F9800687021F7
:10488000C4F20201884260D0FFE70F9800688821D7
:10489000C4F20201884258D0FFE70F980068A021B7
:1048A000C4F20201884250D0FFE70F980068B82197
:1048B000C4F20201884248D0FFE70F98006840F236
:1048C0001041C4F2020188423FD0FFE70F98006810
:1048D00040F22841C4F20201884236D0FFE70F9827
:1048E000006840F24041C4F2020188422DD0FFE747
:1048F0000F98006840F25841C4F20201884224D067
:10490000FFE70F98006840F27041C4F2020188424C
:104910001BD0FFE70F98006840F28841C4F2020103
:10492000884212D0FFE70F98006840F2A041C4F21D
:104930000201884209D0FFE70F98006840F2B841B1
:10494000C4F20201884207D1FFE70F9800680068AF
:1049500000F00800039006E00F980068006800F07F
:1049600004000390FFE70398002841D0FFE70F9869
:10497000C06D00F01F0110208840099988600F98D1
:1049800000680068400300281AD5FFE70F98006808
:1049900000680003002809D4FFE70F98006C20B1DD
:1049A000FFE70F98016C8847FFE708E00F98806CDD
:1049B00020B1FFE70F98816C8847FFE7FFE716E01B
:1049C0000F9800680068C005002807D4FFE70F981B
:1049D0000168086820F008000860FFE70F98006C85
:1049E00020B1FFE70F98016C8847FFE7FFE7FFE77B
:1049F000FFE70E980F99C96D01F01F01C8408006AE
:104A0000002840F12681FFE70F9800681021C4F2CA
:104A10000201884200F08180FFE70F98006828219A
:104A2000C4F20201884278D0FFE70F980068402165
:104A3000C4F20201884270D0FFE70F980068582145
:104A4000C4F20201884268D0FFE70F980068702125
:104A5000C4F20201884260D0FFE70F980068882105
:104A6000C4F20201884258D0FFE70F980068A021E5
:104A7000C4F20201884250D0FFE70F980068B821C5
:104A8000C4F20201884248D0FFE70F98006840F264
:104A90001041C4F2020188423FD0FFE70F9800683E
:104AA00040F22841C4F20201884236D0FFE70F9855
:104AB000006840F24041C4F2020188422DD0FFE775
:104AC0000F98006840F25841C4F20201884224D095
:104AD000FFE70F98006840F27041C4F2020188427B
:104AE0001BD0FFE70F98006840F28841C4F2020132
:104AF000884212D0FFE70F98006840F2A041C4F24C
:104B00000201884209D0FFE70F98006840F2B841DF
:104B1000C4F20201884207D1FFE70F9800680068DD
:104B200000F01000029006E00F980068006800F0A6
:104B300002000290FFE70298002800F08980FFE75A
:104B40000F98C06D00F01F012020884009998860EF
:104B50000F9890F83500042837D1FFE70F980168C7
:104B6000086820F0160008600F980168486920F076
:104B7000800048610F98006C20B9FFE70F98806CA7
:104B800038B1FFE70F980168086820F00800086056
:104B9000FFE70F98C06D00F01F013F208840099982
:104BA00088600F99012081F83500FFE70F990020F8
:104BB00081F83400FFE70F98006D20B1FFE70F98F0
:104BC000016D8847FFE700F019BC0F980068006886
:104BD000400300281AD5FFE70F980068006800031B
:104BE000002809D4FFE70F98406C20B1FFE70F9829
:104BF000416C8847FFE708E00F98C06B20B1FFE7E2
:104C00000F98C16B8847FFE7FFE720E00F98006827
:104C10000068C005002811D4FFE70F9801680868F4
:104C200020F0100008600F99012081F83500FFE79F
:104C30000F99002081F83400FFE7FFE70F98C06B61
:104C400020B1FFE70F98C16B8847FFE7FFE7FFE759
:104C5000FFE70F98406D002800F0D480FFE70F9821
:104C6000406DC007002800F0C480FFE70F990420C2
:104C700081F835000F9800681021C4F202018842C3
:104C800000F08180FFE70F9800682821C4F202013C
:104C9000884278D0FFE70F9800684021C4F20201F3
:104CA000884270D0FFE70F9800685821C4F20201D3
:104CB000884268D0FFE70F9800687021C4F20201B3
:104CC000884260D0FFE70F9800688821C4F2020193
:104CD000884258D0FFE70F980068A021C4F2020173
:104CE000884250D0FFE70F980068B821C4F2020153
:104CF000884248D0FFE70F98006840F21041C4F2A4
:104D0000020188423FD0FFE70F98006840F2284137
:104D1000C4F20201884236D0FFE70F98006840F2E3
:104D20004041C4F2020188422DD0FFE70F9800688D
:104D300040F25841C4F20201884224D0FFE70F98A4
:104D4000006840F27041C4F2020188421BD0FFE7C4
:104D50000F98006840F28841C4F20201884212D0E4
:104D6000FFE70F98006840F2A041C4F202018842B8
:104D700009D0FFE70F98006840F2B841C4F2020181
:104D8000884207D1FFE70F980168086820F001000A
:104D9000086006E00F980168086820F001000860CC
:104DA000FFE7FFE70B9801300B900A99884201D981
:104DB000FFE707E0FFE70F9800680068C0070028DA
:104DC000F0D1FFE70F9800680068C00728B1FFE73F
:104DD0000F99032081F8350004E00F99012081F834
:104DE0003500FFE7FFE70F99002081F83400FFE767
:104DF000FFE70F98C06C20B1FFE70F98C16C8847A0
:104E0000FFE7FFE7FAE20F980168012045F2084248
:104E1000C5F60202914201904ED0FFE70F9801685B
:104E2000012045F21C42C5F602029142019043D096
:104E3000FFE70F980168012045F23042C5F60202F3
:104E40009142019038D0FFE70F980168012045F2A8
:104E50004442C5F60202914201902DD0FFE70F981F
:104E60000168012045F25842C5F6020291420190C4
:104E700022D0FFE70F980168012045F26C42C5F689
:104E800002029142019017D0FFE70F9801680120BC
:104E900045F28042C5F60202914201900CD0FFE734
:104EA0000F9800684AF66C31CAF2FD710844B0FAF6
:104EB00080F040090190FFE70198C007002800F04A
:104EC0009B82FFE70F98006800680C900D980F997F
:104ED000C96D01F01F01C8404007002840F1D7808C
:104EE000FFE79DF830004007002840F1D080FFE741
:104EF0000F98C06D00F01F01042088400899486099
:104F00009DF831000006002818D5FFE79DF8320013
:104F1000C00748B9FFE70F98806C20B1FFE70F98F2
:104F2000816C8847FFE708E00F98006C20B1FFE72D
:104F30000F98016C8847FFE7FFE7A7E09DF8300076
:104F40008006002800F19980FFE70F980068102183
:104F5000C4F20201884200F08180FFE70F980068E8
:104F60002821C4F20201884278D0FFE70F98006838
:104F70004021C4F20201884270D0FFE70F98006818
:104F80005821C4F20201884268D0FFE70F980068F8
:104F90007021C4F20201884260D0FFE70F980068D8
:104FA0008821C4F20201884258D0FFE70F980068B8
:104FB000A021C4F20201884250D0FFE70F98006898
:104FC000B821C4F20201884248D0FFE70F98006878
:104FD00040F21041C4F2020188423FD0FFE70F982F
:104FE000006840F22841C4F20201884236D0FFE74F
:104FF0000F98006840F24041C4F2020188422DD06F
:10500000FFE70F98006840F25841C4F2020188425D
:1050100024D0FFE70F98006840F27041C4F202010B
:1050200088421BD0FFE70F98006840F28841C4F225
:105030000201884212D0FFE70F98006840F2A041B9
:10504000C4F20201884209D0FFE70F98006840F2DD
:10505000B841C4F20201884207D1FFE70F98016806
:10506000086820F00800086006E00F9801680868EA
:1050700020F004000860FFE7FFE70F98006C20B104
:10508000FFE70F98016C8847FFE7FFE7B3E10D9852
:105090000F99C96D01F01F01C8408007002840F139
:1050A000E180FFE79DF830008007002840F1DA80BA
:1050B000FFE70F98C06D00F01F010220884008999B
:1050C00048609DF831000006002818D5FFE79DF8DC
:1050D0003200C00748B9FFE70F98406C20B1FFE7E6
:1050E0000F98416C8847FFE708E00F98C06B20B12C
:1050F000FFE70F98C16B8847FFE7FFE7B1E09DF836
:1051000030008006002800F1A380FFE70F980068B8
:105110001021C4F20201884200F08180FFE70F985D
:1051200000682821C4F20201884278D0FFE70F9876
:1051300000684021C4F20201884270D0FFE70F9856
:1051400000685821C4F20201884268D0FFE70F9836
:1051500000687021C4F20201884260D0FFE70F9816
:1051600000688821C4F20201884258D0FFE70F98F6
:105170000068A021C4F20201884250D0FFE70F98D6
:105180000068B821C4F20201884248D0FFE70F98B6
:10519000006840F21041C4F2020188423FD0FFE7AC
:1051A0000F98006840F22841C4F20201884236D0CC
:1051B000FFE70F98006840F24041C4F202018842C4
:1051C0002DD0FFE70F98006840F25841C4F2020169
:1051D000884224D0FFE70F98006840F27041C4F283
:1051E000020188421BD0FFE70F98006840F2884117
:1051F000C4F20201884212D0FFE70F98006840F223
:10520000A041C4F20201884209D0FFE70F9800686C
:1052100040F2B841C4F20201884207D1FFE70F987B
:105220000168086820F01400086006E00F98016823
:10523000086820F00A000860FFE70F99012081F854
:105240003500FFE70F99002081F83400FFE7FFE702
:105250000F98C06B20B1FFE70F98C16B8847FFE73D
:10526000FFE7C7E00D980F99C96D01F01F01C84015
:105270000007002840F1BC80FFE79DF830000007E0
:10528000002840F1B580FFE70F9800681021C4F2B4
:105290000201884200F08180FFE70F980068282112
:1052A000C4F20201884278D0FFE70F9800684021DD
:1052B000C4F20201884270D0FFE70F9800685821BD
:1052C000C4F20201884268D0FFE70F98006870219D
:1052D000C4F20201884260D0FFE70F98006888217D
:1052E000C4F20201884258D0FFE70F980068A0215D
:1052F000C4F20201884250D0FFE70F980068B8213D
:10530000C4F20201884248D0FFE70F98006840F2DB
:105310001041C4F2020188423FD0FFE70F980068B5
:1053200040F22841C4F20201884236D0FFE70F98CC
:10533000006840F24041C4F2020188422DD0FFE7EC
:105340000F98006840F25841C4F20201884224D00C
:10535000FFE70F98006840F27041C4F202018842F2
:105360001BD0FFE70F98006840F28841C4F20201A9
:10537000884212D0FFE70F98006840F2A041C4F2C3
:105380000201884209D0FFE70F98006840F2B84157
:10539000C4F20201884207D1FFE70F98016808684C
:1053A00020F01C00086006E00F980168086820F0F3
:1053B0000E000860FFE70F98C06D00F01F0101208C
:1053C00000FA01F1089A51600F9948650F9981F828
:1053D0003500FFE70F99002081F83400FFE70F98B0
:1053E000C06C20B1FFE70F98C16C8847FFE700E071
:1053F000FFE7FFE7FFE700E0FFE7FFE710B080BD52
:1054000080B58EB00C9002F07FF90A900C9828B904
:10541000FFE701208DF8370000F09FBC0C98016871
:1054200001201022C4F202029142079000F0A380F2
:10543000FFE70C98016801202822C4F20202914281
:10544000079000F09880FFE70C9801680120402247
:10545000C4F202029142079000F08D80FFE70C98A1
:10546000016801205822C4F202029142079000F024
:105470008280FFE70C98016801207022C4F20202CA
:105480009142079077D0FFE70C98016801208822AD
:10549000C4F20202914207906DD0FFE70C980168B8
:1054A0000120A022C4F202029142079063D0FFE7DC
:1054B0000C9801680120B822C4F2020291420790C0
:1054C00059D0FFE70C980168012040F21042C4F265
:1054D0000202914207904ED0FFE70C98016801202C
:1054E00040F22842C4F202029142079043D0FFE703
:1054F0000C980168012040F24042C4F2020291423D
:10550000079038D0FFE70C980168012040F258421C
:10551000C4F20202914207902DD0FFE70C98016877
:10552000012040F27042C4F202029142079022D060
:10553000FFE70C980168012040F28842C4F20202A1
:105540009142079017D0FFE70C980168012040F2C4
:10555000A042C4F20202914207900CD0FFE70C98DF
:1055600000684FF64831CBF6FD710844B0FA80F080
:1055700040090790FFE70798C007002800F07881EE
:10558000FFE70C98406A08B1FFE7FFE70C9902209B
:1055900081F83500FFE70C99002081F83400FFE71F
:1055A0000C9800681021C4F20201884200F081804A
:1055B000FFE70C9800682821C4F20201884278D0E5
:1055C000FFE70C9800684021C4F20201884270D0C5
:1055D000FFE70C9800685821C4F20201884268D0A5
:1055E000FFE70C9800687021C4F20201884260D085
:1055F000FFE70C9800688821C4F20201884258D065
:10560000FFE70C980068A021C4F20201884250D044
:10561000FFE70C980068B821C4F20201884248D024
:10562000FFE70C98006840F21041C4F20201884282
:105630003FD0FFE70C98006840F22841C4F2020115
:10564000884236D0FFE70C98006840F24041C4F22F
:10565000020188422DD0FFE70C98006840F25841C3
:10566000C4F20201884224D0FFE70C98006840F29F
:105670007041C4F2020188421BD0FFE70C98006819
:1056800040F28841C4F20201884212D0FFE70C9830
:10569000006840F2A041C4F20201884209D0FFE74D
:1056A0000C98006840F2B841C4F20201884207D168
:1056B000FFE70C980168086820F00100086006E028
:1056C0000C980168086820F001000860FFE7FFE718
:1056D0000C9800680068C00798B1FFE702F014F862
:1056E0000A99401A06280BD3FFE70C992020486539
:1056F0000C99032081F8350001208DF837002CE348
:10570000E6E70C98006800680B900B9848F23F01A0
:10571000CFF6106108400B900C998868D1F80CC046
:105720000B694A6940EA0C00184310438A69104328
:10573000CA691043096A01430B9808430B900C98FF
:10574000406A042808D1FFE70C99C86A096B014335
:105750000B9808430B90FFE70C984068292807D363
:10576000FFE70C98416801202F29069036D3FFE708
:105770000C9840683F2807D3FFE70C984168012048
:10578000432906902AD3FFE70C984068472807D39F
:10579000FFE70C9841680120492906901ED3FFE7D6
:1057A0000C9840684F2807D3FFE70C984168012008
:1057B0005329069012D3FFE70C9841680020742902
:1057C000059008D3FFE70C9841680020782938BF7E
:1057D00001200590FFE705980690FFE70698C007AF
:1057E00028B1FFE70B9840F480100B90FFE70B986F
:1057F0000C99096808600C98006840690B900B9838
:1058000020F007000B900C98416A0B9808430B900E
:105810000C98406A04281AD1FFE70C98816A0B980B
:1058200008430B900C98C06A80B1FFE70C98FCF716
:105830005BFB50B1FFE70C99402048650C990120B3
:1058400081F835008DF8370087E2FFE7FFE70B9816
:105850000C99096848610C98FCF70AF909900C98B2
:10586000C06D00F01F013F2088400999886027E142
:105870000C980168012045F20842C5F602029142E7
:1058800004904ED0FFE70C980168012045F21C42BD
:10589000C5F602029142049043D0FFE70C980168DC
:1058A000012045F23042C5F602029142049038D000
:1058B000FFE70C980168012045F24442C5F6020258
:1058C000914204902DD0FFE70C980168012045F229
:1058D0005842C5F602029142049022D0FFE70C988C
:1058E0000168012045F26C42C5F602029142049023
:1058F00017D0FFE70C980168012045F28042C5F6F9
:105900000202914204900CD0FFE70C9800684AF61E
:105910006C31CAF2FD710844B0FA80F0400904907D
:10592000FFE70498C007002800F0BE80FFE70C984E
:105930000168012045F20842C5F602029142039037
:105940004ED0FFE70C980168012045F21C42C5F6D5
:1059500002029142039043D0FFE70C9801680120B6
:1059600045F23042C5F602029142039038D0FFE77B
:105970000C980168012045F24442C5F602029142AA
:1059800003902DD0FFE70C980168012045F25842A2
:10599000C5F602029142039022D0FFE70C980168FD
:1059A000012045F26C42C5F602029142039017D0E5
:1059B000FFE70C980168012045F28042C5F602021B
:1059C000914203900CD0FFE70C9800684AF66C31C6
:1059D000CAF2FD710844B0FA80F040090390FFE775
:1059E0000398C00708B1FFE7FFE70C99022081F890
:1059F0003500FFE70C99002081F83400FFE70C9890
:105A0000006800680B900B986FF310100B900C98C7
:105A10008068402803D1FFE71020029008E00C982E
:105A200080688038B0FA80F0400980030290FFE778
:105A300002980C99D1F80CE0D1F810C04B698A6932
:105A400040EADE0040EADC0040EAD30040EAD2004F
:105A5000CA6940EAD200096A40EA11110B9808436A
:105A60000B900B980C99096808600C9908684AF625
:105A7000F832CAF2FD7210444CF6CD42CCF6CC425C
:105A8000A0FB02026FF0030000EA9200C8650C98C8
:105A9000FBF7EEFF08900C98C06D00F01F0101208D
:105AA0008840089948600AE00C99402048650C99A4
:105AB000032081F8350001208DF837004DE1FFE724
:105AC0000C98016801201022C4F202029142019058
:105AD00000F00381FFE70C98016801202822C4F23E
:105AE00002029142019000F0F880FFE70C980168F3
:105AF00001204022C4F202029142019000F0ED80A8
:105B0000FFE70C98016801205822C4F2020291427A
:105B1000019000F0E280FFE70C98016801207022FC
:105B2000C4F202029142019000F0D780FFE70C9886
:105B3000016801208822C4F202029142019000F023
:105B4000CC80FFE70C9801680120A022C4F2020279
:105B50009142019000F0C180FFE70C98016801209C
:105B6000B822C4F202029142019000F0B680FFE731
:105B70000C980168012040F21042C4F202029142E6
:105B8000019000F0AA80FFE70C980168012040F224
:105B90002842C4F202029142019000F09E80FFE789
:105BA0000C980168012040F24042C4F20202914286
:105BB000019000F09280FFE70C980168012040F20C
:105BC0005842C4F202029142019000F08680FFE741
:105BD0000C980168012040F27042C4F20202914226
:105BE00001907AD0FFE70C980168012040F28842CA
:105BF000C4F20202914201906FD0FFE70C98016855
:105C0000012040F2A042C4F202029142019064D00D
:105C1000FFE70C980168012040F2B842C4F202028A
:105C20009142019059D0FFE70C980168012045F29C
:105C30000842C5F60202914201904ED0FFE70C984F
:105C40000168012045F21C42C5F602029142019012
:105C500043D0FFE70C980168012045F23042C5F6B9
:105C600002029142019038D0FFE70C9801680120B0
:105C700045F24442C5F60202914201902DD0FFE761
:105C80000C980168012045F25842C5F60202914283
:105C9000019022D0FFE70C980168012045F26C4288
:105CA000C5F602029142019017D0FFE70C980168F7
:105CB000012045F28042C5F60202914201900CD0CB
:105CC000FFE70C9800684AF66C31CAF2FD7108448F
:105CD000B0FA80F040090190FFE70198C00790B347
:105CE000FFE70C98FBF7ACFF0C988068802804D184
:105CF000FFE70C9900204860FFE70C990879096ECE
:105D000008600C98416E806E48600C98406888B1BD
:105D1000FFE70C98406808280CD8FFE70C98FCF7C0
:105D20004BF80C98C16E002008600C98016F406F12
:105D3000486007E00C990020C8660C9908670C9928
:105D40004867FFE7FFE70C99002048650C9A01219E
:105D500082F835108DF83700FFE79DF837000EB058
:105D600080BD00000000000080B584B0039001F009
:105D7000CBFC0290039801900198013048B1FFE7F5
:105D800042F62C30C2F2004001780198084401909C
:105D9000FFE7FFE701F0B8FC0299401A0199884239
:105DA00001D2FFE7F6E704B080BD0000000000006C
:105DB00085B0039002910192039890F898008DF8B5
:105DC00003009DF80300012805D0FFE79DF80300BC
:105DD00002285DD1FFE7029803990968896D08429E
:105DE00007D1FFE703980168C86D40F00100C8655E
:105DF00015E0029803990968896D08400299884264
:105E000007D1FFE703980168C86D40F00200C8653C
:105E100004E0039801680320C865FFE7FFE79DF8E9
:105E200009008007002809D5FFE7019A0398016857
:105E3000D1F8E0001043C1F8E000FFE79DF8090049
:105E40004007002809D5FFE7019A03980168D1F8B7
:105E5000E4001043C1F8E400FFE7FFE702984FF6C3
:105E6000FF71C3F6CF7100EA010203980168486D23
:105E700010434865029A4AF61401C4F2000108680A
:105E800040EA92700860FFE700208DF813000AE0F6
:105E90000399D1F89C0040F00200C1F89C00012059
:105EA0008DF81300FFE79DF8130005B07047000060
:105EB00080B586B00490039102920398406808B9B7
:105EC000FFE700E0FFE7049890F89800022845D12A
:105ED000FFE704980068D0F8C00010F07C5F0BD199
:105EE000FFE70499D1F89C0040F02000C1F89C0025
:105EF00001208DF817003CE004980068D0F8C40039
:105F0000800200280BD5FFE70499D1F89C0040F4EB
:105F10000070C1F89C0001208DF8170029E004985A
:105F20000068D0F8C400C0F30440019004980399BD
:105F3000029A019BFCF774FF0199012000FA01F11C
:105F4000049A1268C2F8D010019988400499C1F8E7
:105F50009400FFE700208DF817000AE00499D1F8BB
:105F60009C0040F00800C1F89C0001208DF817004B
:105F7000FFE79DF8170006B080BD0000000000009C
:105F800082B00190009102B0704700000000000054
:105F900087B005900491059890F898008DF803005B
:105FA0009DF80300012805D0FFE79DF803000228B3
:105FB0006AD1FFE70498C068072801D1FFE7FFE72F
:105FC0000498006878BBFFE70498C068072801D0F0
:105FD000FFE7FFE70498C06807280CD1FFE7049AA1
:105FE00010699169D269000440EA0220084340F038
:105FF000605003900CE004998868CB680A6949698D
:10600000800740EAC36040EA024008430390FFE78C
:106010000598C06E0499496800EB810001900398CF
:10602000019908602CE00498C068072801D0FFE7B8
:10603000FFE70498C168006940EA41700390049842
:10604000C068072804D1FFE704988069029006E041
:1060500004988168406940EA81700290FFE70598E2
:10606000006F0499496800EBC10001900398019901
:106070000860019804300190029801990860FFE7D8
:1060800000208DF81B000AE00599D1F89C0040F033
:106090000200C1F89C0001208DF81B00FFE79DF86D
:1060A0001B0007B07047000085B0DDF814C00390F6
:1060B000029101920093039890F89800012812D160
:1060C000FFE702980001019940EA8100009940EA47
:1060D00041000599084303990968C1F88000002030
:1060E0008DF813000AE00399D1F89C0040F00400F9
:1060F000C1F89C0001208DF81300FFE79DF8130004
:1061000005B070470000000081B0009001B07047FA
:1061100082B00190009102B07047000000000000C2
:106120008AB0089007910692059300200190089884
:1061300090F898008DF803009DF80300022840F0C5
:106140005E81FFE70798402852D1FFE70898006872
:10615000D0F8A00010F4FE0F0BD1FFE70899D1F89A
:106160009C0040F02000C1F89C0001208DF8270021
:1061700050E108980068D0F8A400400658B9FFE73D
:106180000899D1F89C0040F48070C1F89C0001206F
:106190008DF827003EE108980068D0F8A40000F0D0
:1061A00080710120B0EB116F0ED1FFE708980068F5
:1061B000D0F8A0104FF00040B0EBD17F03D1FFE743
:1061C00001200190FFE7FFE708980068D0F8A400DD
:1061D00000F47C51019800EB112001900898426C6A
:1061E000406F0199514300EB81000490FFE771E09B
:1061F0000798412852D1FFE708980068D0F8B0000E
:1062000010F4FE0F0BD1FFE70899D1F89C0040F085
:106210002000C1F89C0001208DF82700FAE00898C2
:106220000068D0F8B400400658B9FFE70899D1F8E3
:106230009C0040F48070C1F89C0001208DF827007C
:10624000E8E008980068D0F8B40000F08071012000
:10625000B0EB116F0ED1FFE708980068D0F8B010CE
:106260004FF00040B0EBD17F03D1FFE70120019058
:10627000FFE7FFE708980068D0F8B40000F47C510D
:10628000019800EB112001900898C26C806F019971
:10629000514300EB81000490FFE71AE0079808994A
:1062A000096D88420BD3FFE70899D1F89C0040F0B4
:1062B0002000C1F89C0001208DF82700AAE0089872
:1062C000426DC06F0799514300EB81000490FFE7D6
:1062D000FFE7FFE70498006800F0804006994860F7
:1062E0000698406838B9FFE704980068C0F38A4010
:1062F0000699086006E00498006820F0604006995E
:106300000860FFE70498006800F000500699886074
:106310000498006800F00040069908610498043071
:106320000490049800880699C8610498006800F4F5
:1063300070200699C8600498006800F480100699DF
:1063400048610498006800F4001006998861049878
:106350000068C0F306600699086204980068C00FE0
:106360000699486204980430049004980390002031
:106370000290FFE702980699CA894AF65431C0F69E
:106380000101895C88420AD2FFE70398029A805C87
:1063900005998854FFE7029801300290EAE70798D0
:1063A000402806D1FFE7019808990968C1F8A800BC
:1063B00021E00798412806D1FFE70198089909686C
:1063C000C1F8B80016E007981F2808D8FFE707991A
:1063D0000120884008990968C1F8980009E00798E9
:1063E00000F01F010120884008990968C1F89C004D
:1063F000FFE7FFE7FFE700208DF827000AE0089994
:10640000D1F89C0040F00800C1F89C0001208DF8F4
:106410002700FFE79DF827000AB070470000000042
:1064200081B0009001B0704780B594B013904AF6E7
:106430001000C4F200000068800712904AF61400B1
:10644000C4F200000168129800EA8170129013985B
:106450000068006D00F47040119013980068416D61
:1064600011980840119013980068006D00F00F001B
:10647000109013980068416D109808401090139880
:106480000068006D00F0F0000F9013980068416DF7
:106490000F9808400F9013980068006D00F071503D
:1064A0000E9013980068416D0E9808400E90139856
:1064B0000068006D00F060700D9013980068416DE9
:1064C0000D9808400D9013980068406D0390139844
:1064D0000068006D01909DF80D00C007B8B1FFE79E
:1064E0009DF80500C00788B1FFE7FFE71398016832
:1064F0004FF4807008654AF61001C4F200010020D4
:106500000860FFE71398FFF78BFFFFE7FFE79DF8B1
:106510000D0000F004010020B0EB910F28D0FFE740
:106520009DF8050000F004010020B0EB910F1ED093
:10653000FFE713980068D0F8DC000B901398006810
:10654000D0F8E4100B9808400B90FFE7139801680F
:106550004FF4806008654AF61001C4F20001002083
:106560000860FFE713980B9900F0C6FEFFE7FFE70E
:106570001298B8B1FFE7FFE712984FF6FF71C3F624
:10658000CF7108401399096808651298800F4AF680
:106590001001C4F200010860FFE713981299FFF799
:1065A000EFFCFFE71198B8B1FFE7FFE711984FF64E
:1065B000FF71C3F6CF7108401399096808651198F7
:1065C000800F4AF61001C4F200010860FFE713983B
:1065D000119900F0A1FEFFE71098B8B1FFE7FFE7BF
:1065E00010984FF6FF71C3F6CF71084013990968F0
:1065F00008651098800F4AF61001C4F20001086087
:10660000FFE71398109900F027FDFFE70F98B8B146
:10661000FFE7FFE70F984FF6FF71C3F6CF71084011
:106620001399096808650F98800F4AF61001C4F2A3
:1066300000010860FFE713980F9900F0B5FDFFE730
:106640009DF80D0000F008010020B0EBD10F1BD029
:10665000FFE79DF8050000F008010020B0EBD10F26
:1066600011D0FFE7FFE7139801684FF40060086559
:106670004AF61001C4F2000100200860FFE71398F9
:1066800000F052FEFFE7FFE79DF80D0000F0020169
:106690000020B0EB510F28D0FFE79DF8050000F077
:1066A00002010020B0EB510F1ED0FFE713980068E5
:1066B000D0F8D8000C9013980068D0F8E0100C982F
:1066C00008400C90FFE7139801684FF400700865CC
:1066D0004AF61001C4F2000100200860FFE7139899
:1066E0000C9900F011FEFFE7FFE79DF80E0000F0A7
:1066F00008010020B0EBD10F1BD0FFE79DF806008A
:1067000000F008010020B0EBD10F11D0FFE7FFE748
:10671000139801684FF4002008654AF61001C4F28E
:10672000000100200860FFE7139800F091FCFFE7EC
:10673000FFE79DF80E00C007B8B1FFE79DF806001F
:10674000C00788B1FFE7FFE7139801684FF4803076
:1067500008654AF61001C4F2000100200860FFE756
:10676000139800F0C5FDFFE7FFE79DF80E0000F06D
:1067700004010020B0EB910F1BD0FFE79DF806004D
:1067800000F004010020B0EB910F11D0FFE7FFE70C
:10679000139801684FF4802008654AF61001C4F28E
:1067A000000100200860FFE7139800F09DFDFFE75F
:1067B000FFE79DF80E0000F002010020B0EB510F42
:1067C0001FD0FFE79DF8060000F002010020B0EBAB
:1067D000510F15D0FFE7FFE7139801684FF4003021
:1067E00008654AF61001C4F2000100200860FFE7C6
:1067F0001399D1F89C0040F08000C1F89C00FFE79D
:10680000FFE70D98B8B1FFE7FFE70D984FF6FF716E
:10681000C3F6CF7108401399096808650D98800F79
:106820004AF61001C4F200010860FFE713980D99C1
:10683000FFF76EFCFFE70E98D0B1FFE7FFE70E9879
:106840004FF6FF71C3F6CF710840139909680865C8
:106850000E98800F4AF61001C4F200010860FFE7AD
:106860000E9A1399D1F89C001043C1F89C00FFE7E1
:10687000139800684AF20001C4F20001884240F017
:10688000B980FFE71398406880688007002800F00F
:10689000B080FFE713984068006A00F00F000A908C
:1068A00013984068416A0A9808400A901398406813
:1068B000006A00F03000099013984068416A099816
:1068C0000840099013984068006A00F4C07008906E
:1068D00013984068416A08980840089013984068E7
:1068E000006A00F4FC40079013984068416A0798DA
:1068F0000840079013984068006A00F4F020069062
:1069000013984068416A06980840069013984068BA
:10691000406A029013984068006A00900A9848B153
:10692000FFE70A9813994968086213980A9900F0DA
:10693000C3FCFFE7099848B1FFE709981399496834
:1069400008621398099900F0C7FCFFE79DF808005A
:1069500000F040010020B0EB911F1FD0FFE79DF831
:10696000000000F040010020B0EB911F15D0FFE7C0
:1069700013984068C06B000C059013984068C06B7A
:1069800000F03F000490139841684020086213987B
:106990000599049A00F098FCFFE7FFE7089848B1D2
:1069A000FFE708981399496808621398089900F05E
:1069B0007BFCFFE7079860B1FFE7079813994968E8
:1069C0000862079A1399D1F89C001043C1F89C0003
:1069D000FFE7069860B1FFE70698139949680862D7
:1069E000069A1399D1F89C001043C1F89C00FFE768
:1069F000FFE7FFE71398D0F89C0020B1FFE713985A
:106A0000FFF782FBFFE714B080BD0000000000002C
:106A100080B598B016904AF69021C0F6010101A801
:106A20004C22F9F7A0FC169820B9FFE701208DF859
:106A30005F00D9E1169800684AF20001C4F2000133
:106A4000884206D1FFE71699086800F58070486013
:106A5000FFE716988068B0F5407F01D1FFE7FFE7B8
:106A60001698006C08B1FFE7FFE71698806C08B134
:106A7000FFE7FFE71698006D08B1FFE7FFE71698FC
:106A8000006E08B1FFE7FFE71699C86D096E08446C
:106A900008B1FFE7FFE7169890F8980040B9FFE7C4
:106AA0001699002081F89900169800F0A1F9FFE7E7
:106AB00016980168886920F01000886100F024FEB3
:106AC0001590FFE71698006880690007002817D521
:106AD000FFE700F019FE1599401A0B280FD3FFE7C6
:106AE0001699D1F89C0040F00100C1F89C0016995D
:106AF000032081F8980001208DF85F0074E1E1E740
:106B000016980168886940F00100886100F0FCFD7A
:106B10001590FFE7169800688069C007B8B9FFE7CD
:106B200000F0F2FD1599401A0B280FD3FFE71699D4
:106B3000D1F89C0040F00100C1F89C001699032098
:106B400081F8980001208DF85F004DE1E2E716988A
:106B50000168886940F0020088611698007C01286D
:106B600007D1FFE716980168886920F04000886126
:106B700006E016980168886940F040008861FFE7E8
:106B80001698407C012807D1FFE7169801688869AC
:106B900040F48040886106E016980168886920F416
:106BA00080408861FFE71698807C012807D1FFE7C5
:106BB00016980168886920F48050886106E016986C
:106BC0000168886940F480508861FFE71698006882
:106BD000806920F44070169A1168926810438861A9
:106BE00016980168886920F0A400886116980168E9
:106BF000086920F0100008611698C068012807D1C4
:106C0000FFE716980168886940F0040088612BE06E
:106C10001698C06830B3FFE71698C068022819D0EC
:106C2000FFE716980168886940F08000886116982F
:106C30000168086940F0100008611698C0680328D0
:106C400007D1FFE716980168886940F02000886145
:106C5000FFE706E016980168886940F02000886127
:106C6000FFE700E0FFE7FFE7169A116853699069B4
:106C7000D2F81CE0A0F1010C6FF0FF0000EB0E2039
:106C800040EA4C60126A013A10430022CFF6FF72CC
:106C900002EB03421043C86116988068B0F5407F4C
:106CA0001CD1FFE7169A1168536A906AD2F82CE05B
:106CB00001386FF0FF0C0CEB0E2C40EA0C00D2F800
:106CC00030C06FF00F0202EB0C1210430022CFF61F
:106CD000FF7202EB03421043C860FFE71698006E94
:106CE00048B1FFE716980168426ED1F8C000104322
:106CF000C1F8C000FFE71699C86D096E084480B15D
:106D0000FFE716980068D0F8C80020F00700169A30
:106D10001168936E01AA52F823201043C1F8C800ED
:106D2000FFE71698006C80B1FFE716980068D0F86E
:106D3000BC0020F00700169A1168536C01AA52F8A3
:106D400023201043C1F8BC00FFE71698806C88B17F
:106D5000FFE716980068D0F8BC0020F07000169A83
:106D60001168D36C01AA52F8232040EA0210C1F83E
:106D7000BC00FFE71698006D88B1FFE71698006821
:106D8000D0F8BC0020F4E060169A1168536D01AA97
:106D900052F8232040EA0220C1F8BC00FFE7169811
:106DA00000684AF20001C4F20001884207D1FFE7FF
:106DB00016984168886820F003008860FFE71699FC
:106DC0000020C1F894001699C1F89C001699012082
:106DD00081F898001698FBF7BFFE8DF853009DF8D8
:106DE00053008DF85F00FFE79DF85F0018B080BD8D
:106DF00080B5C2B04190002040903F903E903D90C1
:106E00003C900EA8B821F9F7C7FA419800684AF2F9
:106E10000001C4F20001884255D1FFE700200F9025
:106E20004FF400400E904FF0805029900EA802F0D1
:106E300097FA18B1FFE7FBF7A3FDFFE742F6EC6016
:106E4000C2F200400168013101600068012810D1E0
:106E5000FFE7FFE744F2EC40C5F60200016841F4A9
:106E600080710160006800F480700D900D98FFE75C
:106E7000FFE7FFE744F2E040C5F60200016841F099
:106E800008010160006800F008000C900C98FFE712
:106E900003203C9002203D90002006903E903F90C1
:106EA0000920409040F60040C5F602003CA900F0E1
:106EB0003FFA069A13200790062100F011FD07986B
:106EC00000F002FDBFE0419800684AF20041C4F2C0
:106ED0000001884255D1FFE700200F904FF4004099
:106EE0000E904FF0805029900EA802F039FA18B198
:106EF000FFE7FBF745FDFFE742F6EC60C2F200401A
:106F00000168013101600068012810D1FFE7FFE747
:106F100044F2EC40C5F60200016841F48071016062
:106F2000006800F480700B900B98FFE7FFE7FFE725
:106F300044F2E040C5F60200016841F00201016040
:106F4000006800F002000A900A98FFE760203C9079
:106F500002203D90002004903E903F9009204090F8
:106F600040F20040C5F602003CA900F0E1F9049AA5
:106F700014200590052100F0B3FC059800F0A4FC56
:106F800060E0419800684DF20041C4F2000188427F
:106F900057D1FFE700200F904FF400400E904FF0C4
:106FA000805029900EA802F0DBF918B1FFE7FBF73B
:106FB000E7FCFFE742F6EC60C2F2004001680131F5
:106FC00001600068012810D1FFE7FFE744F2EC40C0
:106FD000C5F60200016841F480710160006800F4A8
:106FE000807009900998FFE7FFE7FFE744F2E0406F
:106FF000C5F60200016841F008010160006800F078
:10700000080008900898FFE74FF440503C90022099
:107010003D90002002903E903F90052001904090CE
:1070200040F60040C5F602003CA900F081F9019944
:10703000029A9F20039000F053FC039800F044FC58
:10704000FFE7FFE7FFE742B080BD0000000000005F
:1070500081B0009001B0704780B588B0079006916C
:107060009DF81800C007002800F09980FFE70798F6
:1070700000684AF20001C4F20001884270D1FFE7C3
:1070800044F2A470C2F20040039040210291F9F74B
:1070900083F90299039B079843F28C22C2F20042C3
:1070A0000492FFF73DF8049800680590112834D049
:1070B000FFE70598122840D0FFE7059840F201212C
:1070C000884206D0FFE7059840F20221884212D09C
:1070D00044E043F28C20C2F20040C26841F2B85052
:1070E000C2F2004000F5807044F2A471C2F2004187
:1070F000FAF7EEFB33E043F28C20C2F20040C268A4
:1071000041F2B850C2F2004000F5927044F2A4710E
:10711000C2F20041FAF7DCFB21E043F28C20C2F21C
:107120000040C26841F2B850C2F2004044F2A4717B
:10713000C2F20041FBF770F911E043F28C20C2F279
:107140000040C26841F2B850C2F20040403044F200
:10715000A471C2F20041FBF75FF900E0FFE71DE018
:10716000079800684DF20041C4F20001884214D132
:10717000FFE744F62400C2F2004001904021009154
:10718000F9F70AF90099019B079843F2DC22C2F251
:107190000042FEF7C5FFFFE7FFE7FFE7FFE708B0A4
:1071A00080BD00000000000080B586B0059004910D
:1071B0009DF81000C00600284AD5FFE70598006832
:1071C0004AF20041C4F20001884240D1FFE744F294
:1071D000E470C2F2004001904021F9F7DDF8019B14
:1071E000059843F2B422C2F2004202924121FEF716
:1071F00097FF029800680390132815D0FFE70398C3
:10720000142822D1FFE743F2B420C2F20040C26842
:1072100041F2B850C2F20040C03044F2E471C2F210
:107220000041FBF7F9F811E043F2B420C2F200404C
:10723000C26841F2B850C2F20040803044F2E471BA
:10724000C2F20041FBF7E8F800E0FFE7FFE7FFE7E5
:1072500006B080BD0000000082B00090009890F859
:107260009800012811D1FFE70099022081F89800C9
:1072700000980168886920F0010088610099002069
:10728000C1F89C008DF807000AE00099D1F89C0035
:1072900040F00400C1F89C0001208DF80700FFE7D2
:1072A0009DF8070002B0704782B00190009102B0D3
:1072B000704700000000000082B00190009102B011
:1072C000704700000000000083B00290019100921E
:1072D00003B070470000000082B00190009102B03E
:1072E000704700000000000081B0009001B07047BE
:1072F00081B0009001B0704782B00190009102B05F
:10730000704700000000000082B00190009102B0C0
:10731000704700000000000082B00190009102B0B0
:10732000704700000000000081B0009001B070477D
:107330008FB00E900D9100200C908020C5F60000BB
:107340000990FFE70D9800680C99C840002800F0EC
:10735000C181FFE70D9800680C9A01219140084017
:107360000B900B98002800F0B181FFE70D98406862
:1073700000F00300012807D0FFE70D98406800F0F7
:10738000030002282FD1FFE70E9880680A900C981E
:107390004100032000FA01F10A9888430A900D98F1
:1073A000C0680C99490000FA01F10A9808430A9054
:1073B0000A980E9988600E9840680A900C990120EE
:1073C00000FA01F10A9888430A900D984068C0F3CA
:1073D00000100C9900FA01F10A9808430A900A98E3
:1073E0000E994860FFE70D98406800F003000328FD
:1073F00018D0FFE70E98C0680A900C98410003204F
:1074000000FA01F10A9888430A900D9880680C9957
:10741000490000FA01F10A9808430A900A980E9967
:10742000C860FFE70D98406800F00300022826D1ED
:10743000FFE70E980C996FF0030202EA510108442D
:10744000006A0A900C9800F0070081000F2000FAF3
:1074500001F10A9888430A900D9800690C9901F08F
:107460000701890000FA01F10A9808430A900A9876
:107470000E990C9B02EA530211440862FFE70E9832
:1074800000680A900C984100032000FA01F10A9864
:1074900088430A900D98406800F003000C99490059
:1074A00000FA01F10A9808430A900A980E990860B8
:1074B0000D9880798007002800F00781FFE7FFE73B
:1074C00044F2F440C5F60200016841F00201016097
:1074D000006800F0020008900898FFE70C9820F080
:1074E000030040F20841C5F6000140580A900C988C
:1074F00000F0030081000F2000FA01F10A98884390
:107500000A900E980021C5F60201884203D1FFE7D8
:10751000002007906CE00E9840F20041C5F6020191
:10752000884203D1FFE7012006905EE00E9840F606
:107530000001C5F60201884203D1FFE70220059051
:1075400050E00E9840F60041C5F60201884203D192
:10755000FFE70320049042E00E9841F20001C5F6D7
:107560000201884203D1FFE70420039034E00E9823
:1075700041F20041C5F60201884203D1FFE7052030
:10758000029026E00E9841F60001C5F602018842FD
:1075900003D1FFE70620019018E00E9841F6004164
:1075A000C5F60201884203D1FFE7072000900AE0F8
:1075B0000E9942F20042C5F602020A20914208BF2B
:1075C00009200090FFE700980190FFE701980290E2
:1075D000FFE702980390FFE703980490FFE7049801
:1075E0000590FFE705980690FFE706980790FFE7EC
:1075F00007980C9901F00301890000FA01F10A983B
:1076000008430A900A980C9921F0030140F20842BD
:10761000C5F6000288504FF0B04000680A900B9900
:107620000A9888430A900D988079C006002805D5ED
:10763000FFE70B990A9808430A90FFE70A984FF072
:10764000B04108600420C5F6000000680A900B995C
:107650000A9888430A900D9880798006002805D5FD
:10766000FFE70B990A9808430A90FFE70A9804215C
:10767000C5F600010860099840680A900B990A98BD
:1076800088430A900D9880798007002805D5FFE788
:107690000B990A9808430A90FFE70A9809994860ED
:1076A000099800680A900B990A9888430A900D98E7
:1076B0008079C00728B1FFE70B990A9808430A9020
:1076C000FFE70A9809990860FFE7FFE70C98013087
:1076D0000C9037E60FB0704782B00190ADF8021001
:1076E0008DF801209DF8010028B1FFE7BDF80200E8
:1076F0000199886105E0BDF80200000401998861E4
:10770000FFE702B0704700004DF26820C2F200406F
:10771000006870470000000042F62C30C2F20040C2
:1077200002784DF26821C2F20041086810440860F6
:10773000704700000000000080B582B0032000F018
:10774000E7F803F0E9F844F21842C5F602021168BE
:10775000C1F303234AF64431C0F60101CB5C03F0C8
:107760001F03D84000900098126802F00F02895C55
:1077700001F01F01C84042F64821C2F200410860F2
:10778000009842F64421C2F2004108600F2000F048
:1077900013F820B1FFE701208DF8070005E000F0A5
:1077A00077F800208DF80700FFE79DF8070002B08A
:1077B00080BD00000000000080B590B00E900E98D3
:1077C0000F2810D8FFE70E991C200090002200F02F
:1077D00087F8009800F078F80E9842F63031C2F23F
:1077E0000041086003E001208DF83F004CE0FFE716
:1077F00044F2E840C5F60200016841F00101016071
:10780000006800F0010001900198FFE706A802A9B6
:1078100002F0EAFF0B980490049820B9FFE703F008
:1078200053F8059004E003F04FF840000590FFE79F
:1078300005984DF68361C4F21B31A0FB01014FF0A6
:10784000FF3000EB9140039045F20860C2F2004027
:107850004FF08041016040F2E731C160039941601F
:1078600000210161816004F087FE48B9FFE745F21D
:107870000860C2F2004004F0D7FE8DF83F0003E03C
:1078800001208DF83F00FFE79DF83F0010B080BD5C
:1078900080B582B0FFE744F2F440C5F6020001680B
:1078A00041F002010160006800F0020001900198BF
:1078B000FFE76FF001000F21002200F011F802B085
:1078C00080BD00000000000080B582B0ADF8060069
:1078D000BDF9060010F040FB02B080BD00000000C2
:1078E00080B586B0ADF816000491039210F04CFB01
:1078F0000290BDF91600019002980499039A07F0CE
:1079000097FC0146019810F047FB06B080BD0000CF
:1079100080B582B00190019810F062FB02B080BD8A
:1079200082B0019001980068009001990120C1F88F
:1079300000050199002081F8F404009A916941F052
:1079400000619161009A516D0323C1F20003194354
:10795000516502B07047000082B001908DF80310AD
:1079600002B070470000000082B00190ADF8021034
:10797000BDF80200019909684862002002B0704712
:1079800084B003908DF80B10ADF8082003980068C0
:10799000406A00909DF80B0048B9FFE7BDF8081059
:1079A000009840EA014003990968886233E003982F
:1079B0000068816A009800EB1140009000208DF86B
:1079C0000700FFE79DF807009DF80B10013988427A
:1079D00013D2FFE7039800689DF8071000EB8100C1
:1079E000D0F80411009800EB11400090FFE79DF8DB
:1079F000070001308DF80700E4E7BDF80810009893
:107A000040EA0140039909689DF80B2001EB8201CF
:107A1000C1F80001FFE7002004B07047000000003B
:107A200080B582B001900198D0F808050BF0B4FF42
:107A300002B080BD0000000080B582B001908DF8DA
:107A40000310019AD2F808059DF8031001EBC10359
:107A500002EB8302926C0BF0FBFD02B080BD0000D4
:107A600080B582B001908DF80310019AD2F8080514
:107A70009DF8031001EBC10302EB8302D2F88822C8
:107A80000BF0AEFE02B080BD80B582B001900198CF
:107A9000D0F808050BF088FF02B080BD00000000A0
:107AA00080B584B003908DF80B109DF80B00000694
:107AB00000280CD5FFE703989DF80B1001F00F018B
:107AC00001EBC10100EB81003C3001900CE0039818
:107AD0009DF80B1001F00F0101EBC10100EB8100DB
:107AE00000F51F700190FFE70398006801990DF001
:107AF0003FFD8DF80A009DF80A0004B080BD00002B
:107B000080B584B002908DF807109DF8070000063C
:107B100000280FD5FFE702989DF8071001F00F012C
:107B200001EBC10100EB81003C3000900099012085
:107B300048700FE002989DF8071001F00F0101EB6B
:107B4000C10100EB810000F51F700090009900203A
:107B50004870FFE79DF8070000F00F0000990870DB
:107B6000FFE7029890F8BC04012804D1FFE7022047
:107B70008DF80F0014E00299012081F8BC04FFE7A2
:107B8000FFE70298006800990CF0CEFFFFE702992A
:107B9000002081F8BC04FFE700208DF80F00FFE70C
:107BA0009DF80F0004B080BD80B584B002908DF8C0
:107BB00007109DF8070000F00F00029949688842FD
:107BC00004D9FFE701208DF80F004DE09DF8070074
:107BD000000600280FD5FFE702989DF8071001F076
:107BE0000F0101EBC10100EB81003C3000900099D6
:107BF000012048700FE002989DF8071001F00F0176
:107C000001EBC10100EB810000F51F7000900099AD
:107C100000204870FFE70099002088709DF8070059
:107C200000F00F0000990870FFE7029890F8BC047C
:107C3000012804D1FFE702208DF80F0014E002991B
:107C4000012081F8BC04FFE7FFE702980068009973
:107C50000DF0F6F9FFE70299002081F8BC04FFE778
:107C600000208DF80F00FFE79DF80F0004B080BDE5
:107C700082B001908DF8031001989DF8031001F077
:107C80000F0101EBC10100EB8100D0F8900202B0BE
:107C9000704700000000000080B586B004908DF8A9
:107CA0000F10ADF80C208DF80B3000208DF80A0075
:107CB0009DF80F00000600280FD5FFE704989DF8F7
:107CC0000F1001F00F0101EBC10100EB81003C300E
:107CD00001900199012048700FE004989DF80F1061
:107CE00001F00F0101EBC10100EB810000F51F70F5
:107CF0000190019900204870FFE79DF80F0000F007
:107D00000F0001990870BDF80C00019988609DF87A
:107D10000B00019908710198407820B1FFE70199A3
:107D200008784883FFE79DF80B00022804D1FFE79D
:107D3000019900204871FFE7FFE7049890F8BC0420
:107D4000012804D1FFE702208DF8170015E00499FF
:107D5000012081F8BC04FFE7FFE70498006801995F
:107D60000CF08AFDFFE70499002081F8BC04FFE7CE
:107D70009DF80A008DF81700FFE79DF8170006B080
:107D800080BD00000000000080B586B005908DF831
:107D900013100392029305989DF8131001F00F0140
:107DA00001EBC10100EB810000F51F700190039809
:107DB0000199C86002980199086101990020486101
:107DC000019948709DF8130000F00F0001990870A8
:107DD0000598C068012804D1FFE703980199C8619C
:107DE000FFE7059A10680199127B0DF0CDF900208C
:107DF00006B080BD0000000080B584B002908DF810
:107E000007109DF8070000F00F00029949688842AA
:107E100004D9FFE701208DF80F0058E09DF8070016
:107E2000000600280FD5FFE702989DF8071001F023
:107E30000F0101EBC10100EB81003C300090009983
:107E4000012048700DE002989DF8071001EBC10178
:107E500000EB810000F51F70009000990020487031
:107E6000FFE70099012088709DF8070000F00F00DF
:107E700000990870FFE7029890F8BC04012804D12B
:107E8000FFE702208DF80F0021E00299012081F820
:107E9000BC04FFE7FFE70298006800990DF020F9A5
:107EA0009DF80700000740B9FFE7029A1068117BB0
:107EB00002F2C4420DF074F8FFE7FFE702990020D8
:107EC00081F8BC04FFE700208DF80F00FFE79DF864
:107ED0000F0004B080BD000080B586B005908DF81D
:107EE00013100392029305989DF8131001F00F01EF
:107EF00001EBC10100EB81003C3001900398019936
:107F0000C8600298019908610199002048610199AF
:107F1000012048709DF8130000F00F0001990870CF
:107F20000598C068012804D1FFE703980199C8614A
:107F3000FFE7059A10680199127B0DF025F90020E2
:107F400006B080BD0000000080B58CB00B900B988F
:107F500000680A900A9809900B9800680DF050FC90
:107F6000002840F03584FFE70B9800680DF0B8FC5E
:107F700010B9FFE700F02CBC0998D0F80808C0F34E
:107F80000D200B99C1F8FC040B9800680DF0A8FCBB
:107F90008007002807D5FFE70B980168486900F0C3
:107FA00002004861FFE70B9800680DF099FCC006DD
:107FB000002862D5FFE70B980168886920F010005F
:107FC00088610A98006A02900B98029901F00F01EB
:107FD00001EBC10100EB810000F51F7008900298D1
:107FE00000F4F0110220B0EB514F23D1FFE7BDF8B0
:107FF000080047F6F07108421BD0FFE70A9808997D
:10800000C968029AC2F30A120DF07AFC029847F688
:10801000F07100EA0103089AD06800EB1310D060F9
:10802000029800EA01020899486900EB12104861C1
:10803000FFE71BE0029800F4F0110620B0EB514F6F
:1080400012D1FFE70A980B9901F2C44108220DF002
:1080500057FC029847F6F07100EA01020899486956
:1080600000EB1210486100E0FFE7FFE70B980168A2
:10807000886940F010008861FFE70B9800680DF0F8
:108080002FFC0003002840F1A680FFE700200490A9
:108090000B9800680DF0D0FB0690FFE706980028CB
:1080A00000F09880FFE79DF81800C007002800F056
:1080B0008A80FFE70B9800689DF810100DF0F8FB20
:1080C00005909DF81400C00760B1FFE70998049976
:1080D00000EB41110120C1F8080B0B98049907F03F
:1080E0002FF9FFE79DF81400000700280CD5FFE7E3
:1080F0000998049900EB41110820C1F8080B0B986E
:10810000049907F0D5F8FFE79DF81400C006002891
:1081100008D5FFE70998049900EB41111020C1F838
:10812000080BFFE79DF81400800700282DD5FFE716
:108130000A9840690006002808D5FFE70999D1F898
:10814000040840F48060C1F80408FFE70B98049924
:1081500001EBC10100EB810000F51F700890089849
:10816000C078012809D1FFE708990020C8700B9852
:108170009DF8101000F040FBFFE70998049900EB10
:1081800041110220C1F8080BFFE79DF8140080069A
:10819000002808D5FFE70998049900EB4111202039
:1081A000C1F8080BFFE79DF815008006002809D5E7
:1081B000FFE70998049900EB41114FF40050C1F812
:1081C000080BFFE7FFE70498013004900698400889
:1081D000069063E7FFE70B9800680DF081FB400312
:1081E000002840F1C680FFE70B9800680DF010FBF7
:1081F000069000200490FFE70698002800F0B88061
:10820000FFE79DF81800C007002800F0AA80FFE7EC
:108210000B9800689DF810100DF022FB05909DF85A
:108220001400C00700283ED0FFE7049800F00F01BB
:10823000012000FA01F10391039B099AD2F8341846
:108240009943C2F834180999049A01EB4211C1F814
:1082500008090B98C06801281FD1FFE70B98049903
:1082600001EBC10100EB81014A6C886C1044886409
:10827000049888B9FFE70B98049901EBC10100EB62
:108280008100C06C40B9FFE70B99086801F2C44255
:1082900001210CF085FEFFE7FFE70B989DF8101019
:1082A000FFF7CAFBFFE79DF814000007002808D578
:1082B000FFE70998049900EB41110820C1F808096B
:1082C000FFE79DF81400C006002808D5FFE70998CD
:1082D000049900EB41111020C1F80809FFE79DF84F
:1082E00014004006002808D5FFE70998049900EB20
:1082F00041114020C1F80809FFE79DF814008007EC
:10830000002822D5FFE70A9804990DF00DFA0B9882
:10831000049901EBC10100EB81003C300890089802
:10832000C078012809D1FFE708990020C8700B9890
:108330009DF8101000F050FAFFE70998049900EB3F
:1083400041110220C1F80809FFE79DF8140000065A
:10835000002805D5FFE70B98049907F0D5F8FFE74B
:10836000FFE704980130049006984008069043E720
:10837000FFE70B9800680DF0B3FAC00F00B3FFE7FA
:108380000999D1F8040820F00100C1F804080B98FD
:1083900090F8F404012808D1FFE70B98002180F839
:1083A000F4140B98FFF7D8FA03E00B9800F000FCE8
:1083B000FFE70B980168486900F000404861FFE75B
:1083C0000B9800680DF08CFA0005002811D5FFE726
:1083D0000998D0F80808C00720B1FFE70B9800F013
:1083E0007BFCFFE70B980168486900F40060486176
:1083F000FFE70B9800680DF073FA0001002820D504
:10840000FFE70B980168486900F0006048610B982D
:1084100090F8F40480B9FFE70B98012180F8F41478
:108420000B980068406DC0F383000B9AC2F8F80403
:108430000B98FFF791FA03E00B9800F04DFCFFE773
:10844000FFE70B9800680DF04BFAC004002840F1DC
:108450008680FFE70999D1F8040820F00100C1F8EF
:1084600004080B98006810210DF05EF900200790B9
:10847000FFE707980B994968884231D2FFE70998CE
:10848000079900EB41114FF67F30C1F808090999AF
:10849000079A01EB4212D2F8001921F40011C2F838
:1084A00000190999079A01EB4211C1F8080B0998C4
:1084B000079900EB4111D1F8000B20F40010C1F82E
:1084C000000B0998079900EB4111D1F8000B40F01F
:1084D0000060C1F8000BFFE7079801300790C8E77C
:1084E0000999D1F81C0840F00110C1F81C080B983C
:1084F000006B78B1FFE70999D1F8840840F00B00D0
:10850000C1F884080999D1F8440840F00B00C1F87B
:1085100044080FE00999D1F8140842F22B021043E5
:10852000C1F814080999D1F8100840F00B00C1F8FF
:108530001008FFE70999D1F8000820F4FE60C1F89F
:1085400000080B9A1068117B02F2C4420CF028FD5F
:108550000B980168486900F480504861FFE70B9868
:1085600000680DF0BDF9800400281FD5FFE70B98C7
:1085700000680CF0F1F90B9800680DF019F90B99EF
:1085800008610B980068019002F072F901460198A9
:108590000B9A127C0DF0F4FA0B9800F0DDFA0B98B0
:1085A0000168486900F400504861FFE70B980068D3
:1085B0000DF096F9000700280AD5FFE70B9800F0A8
:1085C00003FB0B980168486900F008004861FFE769
:1085D0000B9800680DF084F90006002825D5FFE708
:1085E0000A99886920F08000886101200490FFE7E3
:1085F00004980B994968884216D2FFE70B980499B2
:1086000001EBC10100EB810090F87F02012806D147
:10861000FFE70B989DF81010FFF742FAFFE7FFE71E
:10862000049801300490E3E7FFE70B9800680DF031
:1086300057F9C00200283ED5FFE701200490FFE76C
:1086400004980B99496888422ED2FFE7099804994B
:1086500000EB4110D0F8000902900B98049901EB4F
:10866000C10100EB810090F84000012817D1FFE71D
:108670009DF80B000006002811D5FFE70B98049920
:1086800001EBC10100EB8101012081F83F000B9853
:108690009DF8101041F08001FFF702FAFFE7FFE7B5
:1086A000049801300490CBE70B980168486900F406
:1086B00080104861FFE70B9800680DF011F9800207
:1086C000002855D5FFE701200490FFE704980B9997
:1086D0004968884245D2FFE70998049900EB4110A8
:1086E000D0F8000B02900B98049901EBC10100EB4C
:1086F000810090F8800201282ED1FFE79DF80B0041
:108700000006002828D5FFE7029800F480300B9976
:10871000D1F8FC1401F0010188421DD1FFE70B984C
:10872000049901EBC10100EB8101012081F87F0276
:108730000A99886940F0800088610A9840690006BB
:10874000002808D4FFE70999D1F8040840F4007024
:10875000C1F8040805E0FFE7FFE704980130049042
:10876000B4E70B980168486900F400104861FFE71E
:108770000B9800680DF0B4F8400000280AD5FFE718
:108780000B98FFF74DF90B980168486900F080409D
:108790004861FFE70B9800680DF0A2F84007002839
:1087A00015D5FFE70B980068406802909DF8080017
:1087B0004007002804D5FFE70B98FFF765F9FFE7AE
:1087C000029A0B980168486810434860FFE7FFE78A
:1087D0000CB080BD0000000080B582B001908DF823
:1087E00003100198D0F808059DF803100BF080F9EC
:1087F00002B080BD0000000080B582B001908DF80D
:1088000003100198D0F808059DF803100BF0A8F9A3
:1088100002B080BD000000002DE9F04F95B013902C
:10882000139820B9FFE701208DF8530051E1139808
:1088300000681290139890F8BD0440B9FFE71399AF
:10884000002081F8BC04139800F04AF9FFE713995F
:10885000032081F8BD041298C06BC005002804D421
:10886000FFE713990020C860FFE7139800680CF039
:108870008BFB13980E9001680F9141688268C36862
:10888000D0F810C044698569C669076AD0F82480A9
:10889000D0F82890D0F82CA0D0F830B0D0F834E040
:1088A00068461090C0F824E00F98DDF840E0CEF85C
:1088B00020B0CEF81CA0CEF81890CEF81480CEF8D8
:1088C0001070CEF80C60CEF80850CEF80440CEF808
:1088D00000C00CF059F840B1FFE71399022081F86D
:1088E000BD0401208DF85300F3E0139800680021C7
:1088F0000D910DF0A5F80D988DF84700FFE79DF854
:10890000470013994968884245D2FFE713989DF8BC
:10891000471001EBC10100EB8101012081F83D000E
:108920009DF84700139900EBC00201EB820181F82A
:108930003C009DF84700139900EBC00201EB820157
:10894000A1F8560013989DF8471001EBC10100EB08
:108950008101002081F8400013999DF8472002EB27
:10896000C20201EB8201486413999DF8472002EB93
:10897000C20201EB8201886413999DF8472002EB43
:10898000C20201EB8201C864FFE79DF84700013095
:108990008DF84700B3E700208DF84700FFE79DF80A
:1089A00047001399496888423ED2FFE713989DF823
:1089B000471001EBC10100EB8101002081F87D022D
:1089C0009DF84710139A01EBC10302EB830282F872
:1089D0007C1213999DF8472002EBC20201EB820141
:1089E00081F8800213999DF8472002EBC20201EB47
:1089F0008201C1F8840213999DF8472002EBC2025C
:108A000001EB8201C1F8880213999DF8472002EB1F
:108A1000C20201EB8201C1F88C02FFE79DF847001A
:108A200001308DF84700BAE713980A9001680B915E
:108A300041688268C368D0F810C044698569C66916
:108A4000076AD0F82480D0F82890D0F82CA0D0F86D
:108A500030B0D0F834E068460C90C0F824E00B98B1
:108A6000DDF830E0CEF820B0CEF81CA0CEF818909B
:108A7000CEF81480CEF81070CEF80C60CEF8085006
:108A8000CEF80440CEF800C00CF022F940B1FFE768
:108A90001399022081F8BD0401208DF8530018E0DD
:108AA0001399002081F838001399012081F8BD0442
:108AB0001398406A012804D1FFE71398FEF730FFAE
:108AC000FFE7139800680CF0EBF800208DF85300D6
:108AD000FFE79DF8530015B0BDE8F08F00000000DF
:108AE00080B5B2B0319002A8B821F7F755FC3198A3
:108AF00000680021C4F2040188422BD1FFE7002066
:108B000003904FF4802002904FF44010239002A86D
:108B100000F026FC18B1FFE7F9F732FFFFE700F09D
:108B20004FF9FFE744F2D840C5F60200016841F072
:108B300000710160006800F0007001900198FFE78B
:108B40004D20009005210022FEF7CAFE0098FEF796
:108B5000BBFEFFE732B080BD80B582B0019001203E
:108B60008DF803000198006920B9FFE700208DF817
:108B700003000CE001980069022804D1FFE70120FE
:108B80008DF8030002E0F9F7FBFEFFE7FFE701982D
:108B9000D0F808059DF803100BF0EAF80198D0F81A
:108BA00008050BF061F802B080BD00000000000075
:108BB00080B582B001900198D0F808050BF0A4F8B8
:108BC00002B080BD0000000080B582B00190019825
:108BD000D0F808050BF0ACF802B080BD0000000032
:108BE00080B584B002908DF80710FFE7029890F8E6
:108BF000BC04012804D1FFE702208DF80F001AE021
:108C00000299012081F8BC04FFE7FFE79DF8070007
:108C1000029981F83800029800689DF807100CF05E
:108C20007FFFFFE70299002081F8BC04FFE70020E6
:108C30008DF80F00FFE79DF80F0004B080BD000025
:108C400080B582B001900199D1F8080501F2C441C4
:108C50000BF0BAF802B080BD80B584B002900298E3
:108C600000680190FFE7029890F8BC04012804D145
:108C7000FFE702208DF80F0028E00299012081F81B
:108C8000BC04FFE7FFE70198C06BC00500280BD4C8
:108C9000FFE70298806A012806D1FFE70199886BF7
:108CA00040F480308863FFE7029800680CF0F0FC25
:108CB000029800680BF0DCFFFFE70299002081F8C2
:108CC000BC04FFE700208DF80F00FFE79DF80F00C0
:108CD00004B080BD0000000080B582B00190019812
:108CE000D0F808050BF0F8F801980168D1F8000EEB
:108CF00040F00100C1F8000E0198006A48B1FFE79A
:108D00004EF61051CEF20001086840F006000860EF
:108D1000FFE702B080BD000080B584B0029044F649
:108D20000C00C5F60200006800F004010020B0EB62
:108D3000910F13D1FFE744F60C00C5F6020000685E
:108D400000F007000299884204D0FFE701208DF867
:108D50000F002EE000208DF80F002AE044F60C01F1
:108D6000C5F60201086820F00700029A1043086067
:108D7000FEF7CAFC0190FFE744F60400C5F60200C6
:108D8000006800F400510020B0EB513F0DD1FFE727
:108D9000FEF7BAFC0199401AB0F57A7F04D9FFE7D3
:108DA00001208DF80F0004E0E6E700208DF80F00A9
:108DB000FFE79DF80F0004B080BD00000000000038
:108DC00044F60C01C5F60201086840F080700860A6
:108DD000704700000000000080B501F049FD44F23A
:108DE0002041C5F602010968C1F302124AF6443176
:108DF000C0F60101895C01F01F01C84080BD000080
:108E000088B0079044F22840C5F60200016801F0DE
:108E1000030106910068C0F30530059044F22C4030
:108E2000C5F602000068C0F300100490049844F2F4
:108E30003C41C5F60201096889B2C908484300EE01
:108E4000100AB8EE400A8DED020A0598002800F0DD
:108E50001B81FFE70698009048B1FFE700980128C2
:108E600069D0FFE70098022800F08980ABE044F267
:108E70000040C5F60200006800F020010020B0EBC1
:108E8000511F33D0FFE744F20040C5F602000068EE
:108E9000C0F3C10149F20000C0F2D030C8400390D5
:108EA0009DED030AB8EE400A9DED051AB8EE411A91
:108EB00080EE010A44F23840C5F6020000686FF304
:108EC0005F2001EE100AB8EE411A9DED022A9FEDD7
:108ED000743A82EE032A31EE021AB7EE002A31EE1E
:108EE000021A20EE010A8DED010A23E09DED050A2C
:108EF000B8EE401A9FED6C0A80EE010A44F2384049
:108F0000C5F6020000686FF35F2001EE100AB8EEAC
:108F1000411A9DED022A9FED623A82EE032A31EE5C
:108F2000021AB7EE002A31EE021A20EE010A8DED88
:108F3000010AFFE76BE09DED050AB8EE401A9FEDD0
:108F4000590A80EE010A44F23840C5F60200006872
:108F50006FF35F2001EE100AB8EE411A9DED022A70
:108F60009FED4F3A82EE032A31EE021AB7EE002A45
:108F700031EE021A20EE010A8DED010A47E09DED67
:108F8000050AB8EE401A9FED450A80EE010A44F248
:108F90003840C5F6020000686FF35F2001EE100A4A
:108FA000B8EE411A9DED022A9FED3D3A82EE032A6A
:108FB00031EE021AB7EE002A31EE021A20EE010A53
:108FC0008DED010A23E09DED050AB8EE401A9FEDF4
:108FD000350A80EE010A44F23840C5F60200006806
:108FE0006FF35F2001EE100AB8EE411A9DED022AE0
:108FF0009FED2B3A82EE032A31EE021AB7EE002AD9
:1090000031EE021A20EE010A8DED010AFFE79DED17
:10901000010A44F23840C5F60200016889B2490AE3
:1090200001EE101AB8EE411AB7EE002A31EE021A1C
:1090300080EE010A0799BCEEC00A81ED000A9DEDA1
:10904000010A0168C1F3064101EE101AB8EE411A97
:1090500031EE021A80EE010A0799BCEEC00A81EDDA
:10906000010A9DED010A0068C0F3066001EE100AD6
:10907000B8EE411A31EE021A80EE010A0798BCEEF2
:10908000C00A80ED020A07E00799002008600799EE
:10909000486007998860FFE708B07047001BB74B2E
:1090A000000000460024744A0024744C00000000B4
:1090B00088B0079044F22840C5F60200016801F02C
:1090C000030106910068C0F30550059044F22C405E
:1090D000C5F602000068C0F300200490049844F232
:1090E0004441C5F60201096889B2C908484300EE47
:1090F000100AB8EE400A8DED020A0598002800F02B
:109100001B81FFE70698009048B1FFE7009801280F
:1091100069D0FFE70098022800F08980ABE044F2B4
:109120000040C5F60200006800F020010020B0EB0E
:10913000511F33D0FFE744F20040C5F6020000683B
:10914000C0F3C10149F20000C0F2D030C840039022
:109150009DED030AB8EE400A9DED051AB8EE411ADE
:1091600080EE010A44F24040C5F6020000686FF349
:109170005F2001EE100AB8EE411A9DED022A9FED24
:10918000743A82EE032A31EE021AB7EE002A31EE6B
:10919000021A20EE010A8DED010A23E09DED050A79
:1091A000B8EE401A9FED6C0A80EE010A44F240408E
:1091B000C5F6020000686FF35F2001EE100AB8EEFA
:1091C000411A9DED022A9FED623A82EE032A31EEAA
:1091D000021AB7EE002A31EE021A20EE010A8DEDD6
:1091E000010AFFE76BE09DED050AB8EE401A9FED1E
:1091F000590A80EE010A44F24040C5F602000068B8
:109200006FF35F2001EE100AB8EE411A9DED022ABD
:109210009FED4F3A82EE032A31EE021AB7EE002A92
:1092200031EE021A20EE010A8DED010A47E09DEDB4
:10923000050AB8EE401A9FED450A80EE010A44F295
:109240004040C5F6020000686FF35F2001EE100A8F
:10925000B8EE411A9DED022A9FED3D3A82EE032AB7
:1092600031EE021AB7EE002A31EE021A20EE010AA0
:109270008DED010A23E09DED050AB8EE401A9FED41
:10928000350A80EE010A44F24040C5F6020000684B
:109290006FF35F2001EE100AB8EE411A9DED022A2D
:1092A0009FED2B3A82EE032A31EE021AB7EE002A26
:1092B00031EE021A20EE010A8DED010AFFE79DED65
:1092C000010A44F24040C5F60200016889B2490A29
:1092D00001EE101AB8EE411AB7EE002A31EE021A6A
:1092E00080EE010A0799BCEEC00A81ED000A9DEDEF
:1092F000010A0168C1F3064101EE101AB8EE411AE5
:1093000031EE021A80EE010A0799BCEEC00A81ED27
:10931000010A9DED010A0068C0F3066001EE100A23
:10932000B8EE411A31EE021A80EE010A0798BCEE3F
:10933000C00A80ED020A07E007990020086007993B
:10934000486007998860FFE708B07047001BB74B7B
:10935000000000460024744A0024744C0000000001
:1093600080B59AB0189000208DF857008DF85600FF
:109370001898C0780007002848D5FFE71898406E75
:10938000149078B1FFE71498B0F5801F13D0FFE771
:109390001498B0F5001F16D0FFE71498B0F5401FE1
:1093A00019D019E044F22C41C5F60201086840F4D6
:1093B0000030086014E018980830022106F00CFB19
:1093C0008DF857000CE018982830022106F0ECFBCD
:1093D0008DF8570004E003E001208DF85700FFE707
:1093E0009DF8570060B9FFE744F25041C5F602010D
:1093F000086820F44010189A526E1043086004E088
:109400009DF857008DF85600FFE7FFE71898407861
:10941000C007002840D0FFE71898806D13900428FB
:1094200020D81399DFE801F0030C141C1D0044F24E
:109430002C41C5F60201086840F40030086015E0D0
:1094400018980830002106F0C7FA8DF857000DE093
:1094500018982830002106F0A7FB8DF8570005E08A
:1094600004E003E001208DF85700FFE79DF8570066
:1094700060B9FFE744F25041C5F60201086820F0E8
:109480000700189A926D1043086004E09DF8570099
:109490008DF85600FFE7FFE718984078400700284E
:1094A00056D5FFE71898D0F8A4001290C8B1FFE78E
:1094B0001298B0F5001F1DD0FFE71298B0F5800F8D
:1094C00020D0FFE71298B0F5C00F23D0FFE7129825
:1094D000B0F5000F1FD0FFE71298B0F5200F1BD09A
:1094E0001BE044F22C41C5F60201086840F400304C
:1094F000086016E018980830002106F06DFA8DF823
:1095000057000EE018982830002106F04DFB8DF82A
:10951000570006E005E004E003E001208DF8570065
:10952000FFE79DF8570068B9FFE744F25841C5F6D8
:109530000201086820F46000189AD2F8A4201043B1
:10954000086004E09DF857008DF85600FFE7FFE73C
:10955000189840780007002856D5FFE71898D0F8EB
:10956000A8001190C8B1FFE71198B0F1807F1DD01D
:10957000FFE71198B0F1007F20D0FFE71198B0F11C
:10958000407F23D0FFE71198B0F1806F1FD0FFE735
:109590001198B0F1A06F1BD01BE044F22C41C5F62E
:1095A0000201086840F40030086016E0189808309E
:1095B000002106F011FA8DF857000EE018982830B7
:1095C000002106F0F1FA8DF8570006E005E004E00E
:1095D00003E001208DF85700FFE79DF8570068B9B8
:1095E000FFE744F25841C5F60201086820F0E06048
:1095F000189AD2F8A8201043086004E09DF857009C
:109600008DF85600FFE7FFE71898C078800700281C
:109610003ED5FFE71898C06C1090F0B1FFE71098A6
:10962000102808D0FFE7109820280DD0FFE71098E9
:10963000302811D012E044F22C41C5F6020108682E
:1096400040F4003008600DE018980830022106F060
:10965000C3F98DF8570005E004E003E001208DF820
:109660005700FFE79DF8570060B9FFE744F24C410F
:10967000C5F60201086820F03000189AD26C104339
:10968000086004E09DF857008DF85600FFE7FFE7FB
:1096900018984078C00600284ED5FFE71898C06D8E
:1096A0000F90A0B1FFE70F98B0F5805F18D0FFE7EB
:1096B0000F98B0F5005F1BD0FFE70F98B0F5405F43
:1096C0001ED0FFE70F98B0F5804F1AD01AE044F291
:1096D0002C41C5F60201086840F40030086015E02E
:1096E00018980830002106F077F98DF857000DE042
:1096F00018982830002106F057FA8DF8570005E039
:1097000004E003E001208DF85700FFE79DF85700C3
:1097100060B9FFE744F25041C5F60201086820F441
:10972000E040189AD26D1043086004E09DF857009D
:109730008DF85600FFE7FFE718984078800600286C
:109740004CD5FFE71898006E0E90C8B1FFE70E9851
:10975000B0F5803F15D0FFE70E98B0F5003F18D068
:10976000FFE70E98B0F5403F1BD0FFE70E98B0F52D
:10977000802F17D0FFE70E98B0F5A02F13D013E07D
:1097800016E018980830012106F026F98DF85700E8
:109790000EE018982830012106F006FA8DF85700DF
:1097A00006E005E004E003E001208DF85700FFE744
:1097B0009DF8570060B9FFE744F25041C5F6020139
:1097C000086820F4E020189A126E1043086004E044
:1097D0009DF857008DF85600FFE7FFE7189840788E
:1097E000400600284ED5FFE71898D0F8AC000D9041
:1097F000C8B1FFE70D98B0F1805F15D0FFE70D9875
:10980000B0F1005F18D0FFE70D98B0F1405F1BD0BA
:10981000FFE70D98B0F1804F17D0FFE70D98B0F13A
:10982000A04F13D013E016E018980830012106F07D
:10983000D3F88DF857000EE018982830012106F073
:10984000B3F98DF8570006E005E004E003E00120DD
:109850008DF85700FFE79DF8570068B9FFE744F21D
:109860005841C5F60201086820F0E040189AD2F885
:10987000AC201043086004E09DF857008DF85600B6
:10988000FFE7FFE718984078000600283BD5FFE780
:109890001898C06E0C90D8B1FFE70C98B0F1805FBB
:1098A00005D0FFE70C98B0F1005F09D011E044F259
:1098B0002C41C5F60201086840F4003008600CE055
:1098C00018980830012106F087F88DF8570004E059
:1098D00003E001208DF85700FFE79DF8570060B9BD
:1098E000FFE744F25041C5F60201086820F04050FD
:1098F000189AD26E1043086004E09DF857008DF866
:109900005600FFE7FFE71898C078C007002837D057
:10991000FFE71898806C0B90032817D80B99DFE8A5
:1099200001F014020B1344F22C41C5F60201086841
:1099300040F4003008600DE018980830022106F06D
:109940004BF88DF8570005E004E003E001208DF8A6
:109950005700FFE79DF8570060B9FFE744F24C411C
:10996000C5F60201086820F00300189A926C1043B3
:10997000086004E09DF857008DF85600FFE7FFE708
:10998000189880784006002840F1B480FFE744F63C
:109990000001C5F60201086840F480700860FDF718
:1099A000B3FE1690FFE744F60000C5F6020000681B
:1099B000C00500280CD4FFE7FDF7A6FE1699401A53
:1099C000652804D3FFE703208DF8570000E0EAE79D
:1099D0009DF85700002840F08780FFE744F2704070
:1099E000C5F60200006800F440701899D1F8B01074
:1099F00001F44071884213D0FFE744F27041C5F68C
:109A00000201086820F440701790086840F4803024
:109A10000860086820F48030086017980860FFE745
:109A20001898D0F8B000B0F5807F1FD1FFE7FDF7A0
:109A30006BFE1690FFE744F27040C5F60200006826
:109A400000F002010020B0EB510F0ED1FFE7FDF74F
:109A50005BFE1699401A41F28931884204D3FFE730
:109A600003208DF8570000E0E5E7FFE79DF8570079
:109A7000A0BBFFE7FFE71898D0F8B00000F44070F3
:109A8000B0F5407F13D1FFE744F21041C5F6020163
:109A9000086820F47C50189AD2F8B0204FF6F043B2
:109AA000C0F6FF731A4040EA1210086008E044F262
:109AB0001041C5F60201086820F47C500860FFE7F9
:109AC0001898D0F8B0206FF31F3244F27041C5F6F9
:109AD0000201086810430860FFE704E09DF85700A2
:109AE0008DF85600FFE704E09DF857008DF856000A
:109AF000FFE7FFE718980068C007002800F04C80D7
:109B0000FFE71898806F0A9028282BD80A99DFE879
:109B100001F015292929292929291629292929293D
:109B200029291E29292929292929262929292929B3
:109B300029292729292929292929280016E01898BF
:109B40000830012105F048FF8DF857000EE0189805
:109B50002830012106F028F88DF8570006E005E0CE
:109B600004E003E001208DF85700FFE79DF857005F
:109B700060B9FFE744F25441C5F60201086820F0DD
:109B80003800189A926F1043086004E09DF857005F
:109B90008DF85600FFE7FFE7189800788007002847
:109BA00039D5FFE71898406F0990052819D8099909
:109BB000DFE801F003040C14151616E018980830BD
:109BC000012105F009FF8DF857000EE018982830A4
:109BD000012105F0E9FF8DF8570006E005E004E0FB
:109BE00003E001208DF85700FFE79DF8570060B9AA
:109BF000FFE744F25441C5F60201086820F007006F
:109C0000189A526F1043086004E09DF857008DF8D1
:109C10005600FFE7FFE718980078400700283BD57B
:109C2000FFE71898D0F890000890052819D80899EF
:109C3000DFE801F003040C14151616E0189808303C
:109C4000012105F0C9FE8DF857000EE01898283064
:109C5000012105F0A9FF8DF8570006E005E004E0BA
:109C600003E001208DF85700FFE79DF8570068B921
:109C7000FFE744F25841C5F60201086820F00700EA
:109C8000189AD2F890201043086004E09DF857001D
:109C90008DF85600FFE7FFE7189800788006002847
:109CA0004ED5FFE71898D0F88C000790C8B1FFE7B1
:109CB0000798B0F1805F15D0FFE70798B0F1005F1B
:109CC00018D0FFE70798B0F1405F1BD0FFE7079877
:109CD000B0F1804F17D0FFE70798B0F1A04F13D035
:109CE00013E016E018980830002105F075FE8DF895
:109CF00057000EE018982830022105F055FF8DF826
:109D0000570006E005E004E003E001208DF857006D
:109D1000FFE79DF8570068B9FFE744F25441C5F6E4
:109D20000201086820F0E040189AD2F88C20104315
:109D3000086004E09DF857008DF85600FFE7FFE744
:109D400018980078400600284ED5FFE71898D0F8FC
:109D500098000690C8B1FFE70698B0F5806F15D05F
:109D6000FFE70698B0F5006F18D0FFE70698B0F54A
:109D7000406F1BD0FFE70698B0F5805F17D0FFE774
:109D80000698B0F5A05F13D013E016E018980830DD
:109D9000002105F021FE8DF857000EE018982830BC
:109DA000022105F001FF8DF8570006E005E004E010
:109DB00003E001208DF85700FFE79DF8570068B9D0
:109DC000FFE744F25841C5F60201086820F4E0506C
:109DD000189AD2F898201043086004E09DF85700C4
:109DE0008DF85600FFE7FFE7189800780006002876
:109DF0004ED5FFE71898D0F89C000590C8B1FFE752
:109E00000598B0F5005F15D0FFE70598B0F5804FD5
:109E100018D0FFE70598B0F5C04F1BD0FFE70598B5
:109E2000B0F5004F17D0FFE70598B0F5204F13D0DD
:109E300013E016E018980830002105F0CDFD8DF8EC
:109E400057000EE018982830022105F0ADFE8DF87D
:109E5000570006E005E004E003E001208DF857001C
:109E6000FFE79DF8570068B9FFE744F25841C5F68F
:109E70000201086820F46040189AD2F89C20104330
:109E8000086004E09DF857008DF85600FFE7FFE7F3
:109E9000189800780007002820D5FFE71898D0F818
:109EA0008000B0F5805F0CD1FFE7189828300221C0
:109EB00005F07AFE20B1FFE701208DF85600FFE79C
:109EC000FFE744F25441C5F60201086820F440500F
:109ED000189AD2F8802010430860FFE7189800789D
:109EE000C006002820D5FFE71898D0F89400B0F5F8
:109EF000807F0CD1FFE718982830022105F054FE2E
:109F000020B1FFE701208DF85600FFE7FFE744F29C
:109F10005841C5F60201086820F44070189AD2F83A
:109F2000942010430860FFE7189880780007002805
:109F30003CD5FFE71898D0F8A000049050B1FFE797
:109F40000498B0F5803F0DD0FFE70498B0F5003FCE
:109F500010D010E018980830002105F03DFD8DF874
:109F600057000CE018982830022105F01DFE8DF8EE
:109F7000570004E003E001208DF85700FFE79DF84B
:109F8000570068B9FFE744F25841C5F60201086876
:109F900020F44030189AD2F8A0201043086004E062
:109FA0009DF857008DF85600FFE7FFE71898807876
:109FB000400700283FD5FFE71898D0F884000390A9
:109FC000B0F5801F0AD0FFE70398B0F5001F0ED050
:109FD000FFE70398B0F5401F11D011E044F22C4187
:109FE000C5F60201086840F4003008600CE01898DB
:109FF0002830012105F0D8FD8DF8570004E003E07A
:10A0000001208DF85700FFE79DF8570068B9FFE77A
:10A0100044F25441C5F60201086820F44010189A31
:10A02000D2F884201043086004E09DF857008DF8B2
:10A030005600FFE7FFE718988078C007A8B3FFE74E
:10A040001898006D029028B1FFE70298B0F5803FA4
:10A0500009D010E044F22C41C5F60201086840F432
:10A06000003008600BE018980830022105F0B4FCBD
:10A070008DF8570003E001208DF85700FFE79DF8A9
:10A08000570060B9FFE744F24C41C5F60201086889
:10A0900020F48030189A126D1043086004E09DF897
:10A0A00057008DF85600FFE7FFE71898C078800644
:10A0B00000280CD5FFE718982830022105F074FD20
:10A0C00020B1FFE701208DF85600FFE7FFE7189861
:10A0D0008078800700283AD5FFE71898C06F019074
:10A0E000D0B1FFE70198B0F5807F0AD0FFE7019873
:10A0F000B0F5007F0ED0FFE70198B0F5407F0AD0A1
:10A100000BE044F22C41C5F60201086840F400302F
:10A11000086006E005E004E003E001208DF8570048
:10A12000FFE79DF8570060B9FFE744F25441C5F6D8
:10A130000201086820F44070189AD26F104308603A
:10A1400004E09DF857008DF85600FFE7FFE71898E8
:10A150008078C00600280CD5FFE744F25041C5F6D0
:10A160000201086820F00040189A126F104308603E
:10A17000FFE718988078800600280CD5FFE744F2A6
:10A180005041C5F60201086820F08070189A926E5E
:10A1900010430860FFE71898C0784006002811D5E2
:10A1A000FFE7FFE744F21041C5F60201086820F41A
:10A1B000004008601898D0F8B42008681043086080
:10A1C000FFE7FFE71898C078000600280CD5FFE7E6
:10A1D00044F24C41C5F60201086820F04050189A3C
:10A1E000526D10430860FFE7189880780006002839
:10A1F0000DD5FFE744F25441C5F60201086820F48A
:10A200004000189AD2F8882010430860FFE7189899
:10A210000079C00790B1FFE718980830002105F0D9
:10A22000DBFB8DF857009DF8570008B9FFE704E005
:10A230009DF857008DF85600FFE7FFE71898007962
:10A240008007002812D5FFE718980830012105F093
:10A25000C3FB8DF857009DF8570008B9FFE704E0ED
:10A260009DF857008DF85600FFE7FFE71898007932
:10A270004007002812D5FFE718980830022105F0A2
:10A28000ABFB8DF857009DF8570008B9FFE704E0D5
:10A290009DF857008DF85600FFE7FFE71898007902
:10A2A0000007002812D5FFE718982830002105F094
:10A2B0007BFC8DF857009DF8570008B9FFE704E0D4
:10A2C0009DF857008DF85600FFE7FFE718980079D2
:10A2D000C006002812D5FFE718982830012105F0A4
:10A2E00063FC8DF857009DF8570008B9FFE704E0BC
:10A2F0009DF857008DF85600FFE7FFE718980079A2
:10A300008006002812D5FFE718982830022105F0B2
:10A310004BFC8DF857009DF8570008B9FFE704E0A3
:10A320009DF857008DF85600FFE7FFE79DF85600AF
:10A3300020B9FFE700208DF8670003E001208DF8C9
:10A340006700FFE79DF867001AB080BD00000000BD
:10A3500080B586B004900391049820B9FFE70120EE
:10A360008DF817003CE2039842F20001C5F200218B
:10A37000096801F00F01884216D9FFE742F2000098
:10A38000C5F20020016821F00F01039A114301601A
:10A39000006800F00F000399884204D0FFE7012015
:10A3A0008DF817001CE2FFE70498007840070028AA
:10A3B00019D5FFE70498006944F21841C5F6020177
:10A3C000096801F0700188420CD9FFE744F2184196
:10A3D000C5F60201086820F07000049A1269104363
:10A3E0000860FFE7FFE7049800780007002819D508
:10A3F000FFE70498406944F21C41C5F60201096870
:10A4000001F0700188420CD9FFE744F21C41C5F607
:10A410000201086820F07000049A52691043086035
:10A42000FFE7FFE704980078C006002819D5FFE78A
:10A430000498806944F21C41C5F60201096801F4E0
:10A44000E06188420CD9FFE744F21C41C5F60201E5
:10A45000086820F4E060049A926910430860FFE7FE
:10A46000FFE7049800788006002819D5FFE70498D4
:10A47000C06944F22041C5F60201096801F070018B
:10A4800088420CD9FFE744F22041C5F60201086872
:10A4900020F07000049AD26910430860FFE7FFE7DC
:10A4A000049800788007002819D5FFE70498C06851
:10A4B00044F21841C5F60201096801F00F01884213
:10A4C0000CD9FFE744F21841C5F60201086820F0F4
:10A4D0000F00049AD26810430860FFE7FFE7049872
:10A4E0000078C007002800F08C80FFE744F2184194
:10A4F000C5F60201086820F47060049A926810435F
:10A50000086004984068022811D1FFE744F2004037
:10A51000C5F60200006800F400310020B0EB514F96
:10A5200004D1FFE701208DF8170059E13EE00498BF
:10A530004068032811D1FFE744F20040C5F602004D
:10A54000006800F000710020B0EB516F04D1FFE70C
:10A5500001208DF8170043E127E0049840680128A6
:10A5600011D1FFE744F20040C5F60200006800F494
:10A5700080710020B0EB112F04D1FFE701208DF88E
:10A5800017002DE110E044F20040C5F6020000681B
:10A5900000F004010020B0EB910F04D1FFE701208F
:10A5A0008DF817001CE1FFE7FFE7FFE744F21041D9
:10A5B000C5F60201086820F00700049A52681043AB
:10A5C0000860FDF7A1F80190FFE744F21040C5F6DE
:10A5D0000200006800F0380004994968B0EBC10F30
:10A5E0000ED0FFE7FDF790F80199401A41F289314A
:10A5F000884204D3FFE703208DF81700F0E0E4E77A
:10A60000FFE7049800788007002819D5FFE7049831
:10A61000C06844F21841C5F60201096801F00F0153
:10A6200088420CD2FFE744F21841C5F602010868DF
:10A6300020F00F00049AD26810430860FFE7FFE79C
:10A64000039842F20001C5F20021096801F00F01F0
:10A65000884216D2FFE742F20000C5F200200168EE
:10A6600021F00F01039A11430160006800F00F0010
:10A670000399884204D0FFE701208DF81700AFE06E
:10A68000FFE7049800784007002819D5FFE70498F1
:10A69000006944F21841C5F60201096801F0700131
:10A6A00088420CD2FFE744F21841C5F6020108685F
:10A6B00020F07000049A126910430860FFE7FFE77A
:10A6C000049800780007002819D5FFE7049840692E
:10A6D00044F21C41C5F60201096801F0700188428C
:10A6E0000CD2FFE744F21C41C5F60201086820F0D5
:10A6F0007000049A526910430860FFE7FFE704986E
:10A700000078C006002819D5FFE70498806944F254
:10A710001C41C5F60201096801F4E06188420CD2CF
:10A72000FFE744F21C41C5F60201086820F4E0602E
:10A73000049A926910430860FFE7FFE704980078E5
:10A740008006002819D5FFE70498C06944F220412B
:10A75000C5F60201096801F0700188420CD2FFE7DA
:10A7600044F22041C5F60201086820F07000049A06
:10A77000D26910430860FFE7FFE700F0CDF844F22C
:10A780001842C5F602021168C1F303234AF64431A8
:10A79000C0F60101CB5C03F01F03D8400090009885
:10A7A000126802F00F02895C01F01F01C84042F6F6
:10A7B0004821C2F200410860009842F64421C2F2EA
:10A7C0000041086042F63030C2F200400068FCF7F9
:10A7D000F3FF8DF80B009DF80B008DF81700FFE7D5
:10A7E0009DF8170006B080BD82B0019000910199DC
:10A7F0003F20086044F21040C5F60200006800F0F7
:10A8000007000199486044F21840C5F6020001684B
:10A8100001F47061019A9160016801F00F01019AE1
:10A82000D160006800F070000199086144F21C409A
:10A83000C5F60200016801F07001019A51610068DB
:10A8400000F4E0600199886144F22040C5F60200FE
:10A85000006800F070000199C86142F20000C5F282
:10A860000020006800F00F000099086002B07047F7
:10A8700080B582B000F050F844F21842C5F60202EA
:10A880001168C1F303234AF64431C0F60101CB5CE1
:10A8900003F01F03D84001900198126802F00F02E4
:10A8A000895C01F01F0120FA01F142F64820C2F252
:10A8B00000400160019942F64422C2F20042116058
:10A8C000006802B080BD000080B5FFF7D1FF44F200
:10A8D0001C41C5F602010968C1F302124AF644316F
:10A8E000C0F60101895C01F01F01C84080BD000075
:10A8F00080B5FFF7BDFF44F21C41C5F602010968AF
:10A90000C1F302224AF64431C0F60101895C01F02C
:10A910001F01C84080BD00008AB044F21040C5F657
:10A920000200006800F0380001460191182800F28A
:10A9300069810199DFE811F019006601660166017D
:10A9400066016601660166013A00660166016601FC
:10A9500066016601660166014000660166016601E6
:10A960006601660166016601460044F20040C5F6D4
:10A970000200006800F020010020B0EB511F0ED053
:10A98000FFE744F20040C5F602000068C0F3C101D1
:10A9900049F20000C0F2D030C840029005E049F210
:10A9A0000000C0F2D0300290FFE731E140F6001025
:10A9B000C0F23D0002902BE143F20060C0F26E1045
:10A9C000029025E144F22840C5F60200016801F03A
:10A9D000030108910068C0F30510079044F22C4071
:10A9E000C5F60200006800F001000690069844F2E7
:10A9F0003441C5F60201096889B2C908484300EE2E
:10AA0000100AB8EE400A8DED040A0798002800F0FD
:10AA1000F580FFE70898009048B1FFE7009801280B
:10AA200069D0FFE70098022800F08980ABE044F28B
:10AA30000040C5F60200006800F020010020B0EBE5
:10AA4000511F33D0FFE744F20040C5F60200006812
:10AA5000C0F3C10149F20000C0F2D030C8400590F7
:10AA60009DED050AB8EE400A9DED071AB8EE411AB1
:10AA700080EE010A44F23040C5F6020000686FF330
:10AA80005F2001EE100AB8EE411A9DED042A9FEDF9
:10AA9000633A82EE032A31EE021AB7EE002A31EE53
:10AAA000021A20EE010A8DED030A23E09DED070A4C
:10AAB000B8EE401A9FED5B0A80EE010A44F2304086
:10AAC000C5F6020000686FF35F2001EE100AB8EED1
:10AAD000411A9DED042A9FED513A82EE032A31EE90
:10AAE000021AB7EE002A31EE021A20EE010A8DEDAD
:10AAF000030AFFE76BE09DED070AB8EE401A9FEDF1
:10AB0000480A80EE010A44F23040C5F602000068AF
:10AB10006FF35F2001EE100AB8EE411A9DED042A92
:10AB20009FED3E3A82EE032A31EE021AB7EE002A7A
:10AB300031EE021A20EE010A8DED030A47E09DED89
:10AB4000070AB8EE401A9FED340A80EE010A44F27B
:10AB50003040C5F6020000686FF35F2001EE100A76
:10AB6000B8EE411A9DED042A9FED2C3A82EE032A9D
:10AB700031EE021AB7EE002A31EE021A20EE010A77
:10AB80008DED030A23E09DED070AB8EE401A9FED14
:10AB9000240A80EE010A44F23040C5F60200006843
:10ABA0006FF35F2001EE100AB8EE411A9DED042A02
:10ABB0009FED1A3A82EE032A31EE021AB7EE002A0E
:10ABC00031EE021A20EE010A8DED030AFFE744F28E
:10ABD0003040C5F60200006881B2012000EB512030
:10ABE00009909DED030A9DED091AB8EE411A80EE19
:10ABF000010ABCEEC00A8DED020A02E000200290BC
:10AC0000FFE705E040F60010C0F23D000290FFE7CC
:10AC100002980AB0704700BF001BB74B0000004607
:10AC20000024744A0024744C80B58CB00A900A98B1
:10AC300028B9FFE701208DF82F0000F001BD0A9828
:10AC40000078C007002800F0B980FFE744F2104008
:10AC5000C5F60200006800F03800069044F2284073
:10AC6000C5F6020000680590069810280AD0FFE794
:10AC7000069818281CD1FFE7059800F00300022869
:10AC800016D1FFE744F20040C5F60200006800F468
:10AC900000310020B0EB514F09D0FFE70A9840681F
:10ACA00028B9FFE701208DF82F0000F0C9BC84E02F
:10ACB000FFE70A984068B0F5803F09D1FFE744F20A
:10ACC0000041C5F60201086840F48030086032E0B7
:10ACD0000A98406868B9FFE744F20041C5F60201EE
:10ACE000086820F480300860086820F4802008603C
:10ACF00020E00A984068B0F5A02F0DD1FFE744F29C
:10AD00000041C5F60201086840F480200860086828
:10AD100040F4803008600CE044F20041C5F60201C6
:10AD2000086820F480300860086820F480200860FB
:10AD3000FFE7FFE7FFE7FFE70A984068F0B1FFE7AA
:10AD4000FCF7E2FC0990FFE744F20040C5F6020080
:10AD5000006800F400310020B0EB514F0DD1FFE747
:10AD6000FCF7D2FC0999401A652805D3FFE70320B8
:10AD70008DF82F0000F064BCE6E71DE0FCF7C4FC92
:10AD80000990FFE744F20040C5F60200006800F4B5
:10AD900000310020B0EB514F0DD0FFE7FCF7B4FCC1
:10ADA0000999401A652805D3FFE703208DF82F0085
:10ADB00000F046BCE6E7FFE7FFE7FFE70A98007808
:10ADC0008007002840F1C580FFE744F21040C5F637
:10ADD0000200006800F03800049044F22840C5F6F4
:10ADE000020000680390049850B1FFE70498182807
:10ADF00050D1FFE79DF80C00800700284AD1FFE7FB
:10AE000044F20040C5F60200006800F00401002092
:10AE1000B0EB910F09D0FFE70A98C06828B9FFE7A7
:10AE200001208DF82F0000F00BBC44F20041C5F664
:10AE30000201086820F019000A9AD26810430860DD
:10AE4000FCF762FC0990FFE744F20040C5F60200FF
:10AE5000006800F004010020B0EB910F0CD1FFE777
:10AE6000FCF752FC0999401A032804D3FFE703209A
:10AE70008DF82F00E4E3E7E744F20441C5F6020150
:10AE8000086820F0FE400A9A126940EA02600860F1
:10AE9000FFE75DE00A98C068A0B3FFE744F2004115
:10AEA000C5F60201086820F019000A9AD26810431A
:10AEB0000860FCF729FC0990FFE744F20040C5F662
:10AEC0000200006800F004010020B0EB910F0CD1EB
:10AED000FFE7FCF719FC0999401A032804D3FFE7A0
:10AEE00003208DF82F00ABE3E7E744F20441C5F6F9
:10AEF0000201086820F0FE400A9A126940EA0260E6
:10AF0000086024E044F20041C5F60201086820F020
:10AF100001000860FCF7F8FB0990FFE744F20040ED
:10AF2000C5F60200006800F004010020B0EB910FAC
:10AF30000CD0FFE7FCF7E8FB0999401A032804D37B
:10AF4000FFE703208DF82F007AE3E7E7FFE7FFE74D
:10AF5000FFE70A980078C006002840F1A080FFE7CC
:10AF600044F21040C5F60200006800F0380002907C
:10AF700044F22840C5F602000068019002980828B3
:10AF80000AD0FFE7029818282BD1FFE7019800F0BC
:10AF90000300012825D1FFE744F20040C5F6020076
:10AFA000006800F480710020B0EB112F09D0FFE79A
:10AFB0000A98C069802804D0FFE701208DF82F008F
:10AFC0003EE3FFE744F20C41C5F60201086820F0B9
:10AFD0007C500A9A126A40EA02600860FFE7FFE7C5
:10AFE0005CE00A98C06998B3FFE744F20041C5F6F7
:10AFF0000201086840F080000860FCF785FB0990BA
:10B00000FFE744F20040C5F60200006800F48071DA
:10B010000020B0EB112F0CD1FFE7FCF775FB09996D
:10B02000401A032804D3FFE703208DF82F0007E31D
:10B03000E7E7FFE744F20C41C5F60201086820F09B
:10B040007C500A9A126A40EA02600860FFE724E036
:10B0500044F20041C5F60201086820F08000086053
:10B06000FCF752FB0990FFE744F20040C5F60200EE
:10B07000006800F480710020B0EB112F0CD0FFE7C6
:10B08000FCF742FB0999401A032804D3FFE7032089
:10B090008DF82F00D4E2E7E7FFE7FFE7FFE70A9824
:10B0A0000078000700284FD5FFE70A98406928B3C9
:10B0B000FFE744F27441C5F60201086840F0010060
:10B0C0000860FCF721FB0990FFE744F27440C5F6E5
:10B0D0000200006800F002010020B0EB510F0CD11B
:10B0E000FFE7FCF711FB0999401A032804D3FFE797
:10B0F00003208DF82F00A3E2E7E724E044F2744137
:10B10000C5F60201086820F001000860FCF7FCFAAF
:10B110000990FFE744F27440C5F60200006800F0B1
:10B1200002010020B0EB510F0CD0FFE7FCF7ECFA66
:10B130000999401A032804D3FFE703208DF82F0054
:10B140007EE2E7E7FFE7FFE70A980078800600283D
:10B150004FD5FFE70A98806928B3FFE744F2004122
:10B16000C5F60201086840F480500860FCF7CCFA8C
:10B170000990FFE744F20040C5F60200006800F4C1
:10B1800000510020B0EB513F0CD1FFE7FCF7BCFAB7
:10B190000999401A032804D3FFE703208DF82F00F4
:10B1A0004EE2E7E724E044F20041C5F602010868F8
:10B1B00020F480500860FCF7A7FA0990FFE744F2FA
:10B1C0000040C5F60200006800F400510020B0EB1A
:10B1D000513F0CD0FFE7FCF797FA0999401A032872
:10B1E00004D3FFE703208DF82F0029E2E7E7FFE70C
:10B1F000FFE70A9800784007002840F1A780FFE7A2
:10B2000044F60001C5F60201086840F48070086049
:10B21000FCF77AFA0990FFE744F60000C5F6020051
:10B220000068C00500280CD4FFE7FCF76DFA099907
:10B23000401A652804D3FFE703208DF82F00FFE1B3
:10B24000EAE7FFE70A988068012809D1FFE744F29E
:10B250007041C5F60201086840F00100086031E065
:10B260000A98806868B9FFE744F27041C5F60201A8
:10B27000086820F001000860086820F004000860F9
:10B280001FE00A98806805280DD1FFE744F270415D
:10B29000C5F60201086840F004000860086840F044
:10B2A000010008600CE044F27041C5F60201086834
:10B2B00020F001000860086820F004000860FFE743
:10B2C000FFE7FFE7FFE70A988068F8B1FFE7FCF7C0
:10B2D0001BFA0990FFE744F27040C5F602000068CF
:10B2E00000F002010020B0EB510F0ED1FFE7FCF798
:10B2F0000BFA0999401A41F28931884204D3FFE7D9
:10B3000003208DF82F009BE1E5E71EE0FCF7FCF938
:10B310000990FFE744F27040C5F60200006800F0B3
:10B3200002010020B0EB510F0ED0FFE7FCF7ECF963
:10B330000999401A41F28931884204D3FFE703207A
:10B340008DF82F007CE1E5E7FFE7FFE70A98406A08
:10B35000002800F07181FFE744F21040C5F60200BA
:10B36000006800F03800182800F0E080FFE70A9835
:10B37000406A022840F0B480FFE744F20041C5F67D
:10B380000201086820F080700860FCF7BDF90990A0
:10B39000FFE744F20040C5F60200006800F00071CB
:10B3A0000020B0EB516F0CD0FFE7FCF7ADF9099925
:10B3B000401A032804D3FFE703208DF82F003FE154
:10B3C000E7E7FFE744F22841C5F60201086840F2CA
:10B3D000F33290430A9B9A6ADB6A42EA03121043F3
:10B3E00008600A99086BD1F834C08B6BCA6B0138BE
:10B3F0006FF35F204FF60061CFF6FF7101EB4C2138
:10B4000089B208440021CFF6FF7101EB034101F43A
:10B41000FE0108444FF07F4101EB026101F0FE4163
:10B42000084444F23041C5F602010860FFE744F2E7
:10B430002C41C5F602010091086820F00100086067
:10B4400044F23442C5F6020210684FF6F87398438E
:10B450000A9B9B6C40EAC3001060086820F00C0057
:10B460000A9A126C10430860086820F002000A9AD9
:10B47000526C10430860086840F480300860086827
:10B4800040F400300860086840F4802008600868D4
:10B4900040F00100086044F20041C5F6020108686E
:10B4A00040F080700860FCF72FF90990FFE744F244
:10B4B0000040C5F60200006800F000710020B0EB0B
:10B4C000516F0CD1FFE7FCF71FF90999401A0328C7
:10B4D00004D3FFE703208DF82F00B1E0E7E724E075
:10B4E00044F20041C5F60201086820F0807008604F
:10B4F000FCF70AF90990FFE744F20040C5F60200A4
:10B50000006800F000710020B0EB516F0CD0FFE735
:10B51000FCF7FAF80999401A032804D3FFE703203F
:10B520008DF82F008CE0E7E7FFE784E044F2284045
:10B53000C5F602000068089044F23040C5F60200EB
:10B54000006807900A98406A012837D0FFE70898FA
:10B5500000F003000A99896A88422FD1FFE7089812
:10B5600000F47C710A98C06AB0EB111F26D1FFE786
:10B5700007986FF35F200A99096B013988421DD142
:10B58000FFE7BDF81C100A98406B0138B0EB512F53
:10B5900014D1FFE7079800F4FE010A98806B013888
:10B5A000B0EB114F0AD1FFE7079800F0FE410A986F
:10B5B000C06B0138B0EB116F04D0FFE701208DF8AC
:10B5C0002F003DE044F23440C5F60200006880B22E
:10B5D000C00808900A98806C0899884229D0FFE733
:10B5E00044F22C41C5F60201086820F00100086011
:10B5F000FCF78AF80990FFE7FCF786F80999401AEA
:10B6000008B9FFE7F8E744F23441C5F602010868DB
:10B610004FF6F87290430A9A926C40EAC2000860B2
:10B6200044F22C41C5F60201086840F001000860B0
:10B63000FFE7FFE7FFE7FFE700208DF82F00FFE7B8
:10B640009DF82F000CB080BD80B586B004900391AA
:10B6500002920193049820B9FFE701208DF81700AA
:10B6600056E00498D0F8880040B9FFE7049900201C
:10B6700081F88400049802F037F8FFE70499242049
:10B68000C1F8880004980168086820F0010008608B
:10B69000049805F0C1FE012804D1FFE701208DF8D0
:10B6A000170035E00498806A20B1FFE7049805F0A0
:10B6B000E3FCFFE704980168886840F480408860F4
:10B6C00004980068806820F40040039908430499B6
:10B6D000096888600298400500900199009840EA46
:10B6E000014000900498006800686FF319400099C9
:10B6F000084304990968086004980168086840F0E4
:10B7000001000860049805F05BFD8DF81700FFE765
:10B710009DF8170006B080BD81B0009001B0704761
:10B7200080B588B007900798006800690690079870
:10B7300000684069059006980599084004900798AC
:10B7400000688068039000200290079890F88100BC
:10B750008DF8070007980068303000909DF81500BC
:10B760000007002810D5FFE79DF818000007002803
:10B770000AD5FFE707980168886940F4006088618E
:10B78000079800F0C1FB91E19DF8100040060028E9
:10B7900015D4FFE79DF81000800600280FD4FFE7BE
:10B7A0009DF810004007002809D5FFE70798416F72
:10B7B00088470798016F884701200290FFE79DF8AE
:10B7C00010004006002811D4FFE79DF81000C007C4
:10B7D00060B1FFE79DF810004007002806D4FFE79E
:10B7E0000798016F884701200290FFE79DF810003D
:10B7F0008006002812D4FFE79DF81000800700287B
:10B800000CD5FFE79DF810004007002806D4FFE79D
:10B810000798416F884701200290FFE7029808B11E
:10B82000FFE743E19DF810000007002840F1898000
:10B83000FFE707980168886940F008008861079869
:10B840000168886940F0100088610798016888697C
:10B8500040F40060886107980168086920F00800DA
:10B86000086107980068806810F4404F3AD1FFE7FC
:10B87000FFE70798B0F86A0098B3FFE70798C06839
:10B8800010280BD3FFE707980068006B0799496EF3
:10B8900008600799486E043048661BE00798C06846
:10B8A00008280AD3FFE7009800880799496E0880A6
:10B8B0000799486E023048660BE00798006890F8D8
:10B8C00030000799496E08700799486E0130486644
:10B8D000FFE7FFE70799B1F86A000138A1F86A00AD
:10B8E000C7E7FFE7079804F0A3FB0799012081F859
:10B8F00081000798D0F8840020B1FFE70798FFF790
:10B900000BFFD3E09DF80700052804D1FFE7079857
:10B9100000F062FD14E09DF80700042804D1FFE761
:10B92000079800F0EDFA0AE09DF80700032804D11B
:10B93000FFE7079800F04CFD00E0FFE7FFE7FFE7B7
:10B94000B4E0BDF8100010F4587F00F0AF80FFE7BE
:10B950009DF81000400600280ED5FFE70799D1F8A2
:10B96000840040F00400C1F88400079801688869E9
:10B9700040F040008861FFE79DF811008007002833
:10B980000ED5FFE70799D1F8840040F00100C1F817
:10B99000840007980168886940F400708861FFE7B7
:10B9A0009DF81100C00770B1FFE70799D1F8840036
:10B9B00040F00800C1F8840007980168886940F4E5
:10B9C00080708861FFE79DF81000800600280ED582
:10B9D000FFE70799D1F8840040F08000C1F88400A7
:10B9E00007980168886940F020008861FFE70798A0
:10B9F000D0F88400002858D0FFE70798016808684D
:10BA000020F00100086007980168086940F26B3275
:10BA100090430861039800F44040B0F5404F3BD19B
:10BA2000FFE707980168886820F44040886007981D
:10BA3000C06FB0B1FFE70798C16F40F24910C0F680
:10BA4000010008650798C06FF8F7A2F840B1FFE75A
:10BA50000799D1F8840040F04000C1F88400FFE766
:10BA6000FFE70798806FB0B1FFE70798816F40F25A
:10BA70004910C0F6010008650798806FF8F788F84C
:10BA800040B1FFE70799D1F8840040F04000C1F8C9
:10BA90008400FFE7FFE707E00799012081F88100B4
:10BAA0000798FFF739FEFFE7FFE7FFE708B080BD23
:10BAB00080B586B00490049820B9FFE701208DF886
:10BAC00017003AE10498406A08B9FFE7FFE70499D4
:10BAD000002088620498006843F20001C4F201016A
:10BAE00088421BD0FFE70498006843F60001C4F2C7
:10BAF0000001884212D0FFE70498006843F6004135
:10BB0000C4F20001884209D0FFE70498C0681028F9
:10BB100004D3FFE701208DF817000EE1049804F02C
:10BB20002BFB02900498006843F20001C4F201016B
:10BB3000884216D0FFE70498006843F60001C4F27B
:10BB4000000188420DD0FFE70498006843F60041E9
:10BB5000C4F20001884204D0FFE7029808281FD8E9
:10BB6000FFE70498006843F20001C4F20101884233
:10BB700012D0FFE70498006843F60001C4F2000108
:10BB8000884209D0FFE70498006843F60041C4F2F8
:10BB90000001884208D1FFE70298112804D3FFE78B
:10BBA00001208DF81700C8E0049890F8810040B992
:10BBB000FFE70499002081F88000049800F0C4F8A1
:10BBC000FFE70499022081F8810004980168086861
:10BBD00020F00100086004980068806800F4F81004
:10BBE000039004988069B0F1806F1BD1FFE704983F
:10BBF0004068B0F5800F04D1FFE70498806B50B126
:10BC0000FFE70498406868B9FFE70498806BB0F1DB
:10BC1000805F07D1FFE704980168086840F480500E
:10BC20000860FFE7049880794006002810D5FFE7F8
:10BC30000498C06807280BD3FFE7049800680068E1
:10BC400020F48070049A1168126D1043086006E0B9
:10BC500004980168086820F480700860FFE7049B7E
:10BC60001968DA68D869D3F828C040EA0C00DDF812
:10BC70000CC040EA0C00DB6B184310438860049A48
:10BC80000192506B516A0843916B084391690843D4
:10BC90001168D2F804C09368D2F810E040EA0E00B0
:10BCA000D2F814E040EA0E00D2F820E040EA0E009C
:10BCB00040EA0C00D2F84CC040EA0C001843936CE8
:10BCC0001843926D1043C8600498406898B9FFE724
:10BCD000049800688068012161F3CC200499096808
:10BCE0008860049800688068022161F34A20049902
:10BCF00009688860FFE704980168086D20F001007A
:10BD0000086504988079400600280BD5FFE7049861
:10BD10000068C06820F00040049A1168526D10431A
:10BD2000C860FFE704990020C1F88400049A01214B
:10BD300082F881108DF81700FFE79DF8170006B014
:10BD400080BD00000000000080B5C0B03F90002022
:10BD50003E903D903C903B903A900CA8B821F4F76F
:10BD60001BFB3F98006843F60001C4F200018842C3
:10BD700040F0C480FFE700200D904FF480510C91FB
:10BD800023900CA8FDF7ECFA18B1FFE7F6F7F8FDE1
:10BD9000FFE7FFE744F2E840C5F60200016841F41E
:10BDA00080410160006800F480400B900B98FFE731
:10BDB000FFE744F2E040C5F60200016841F00401EB
:10BDC0000160006800F004000A900A98FFE7FFE7AE
:10BDD00044F2E040C5F60200016841F00201016052
:10BDE000006800F0020009900998FFE706203A90E9
:10BDF000022003903B90002007903C900320049089
:10BE00003D90052005903E9040F60000C5F60200EA
:10BE10003AA90691FBF78CFADDF80CC0049A059854
:10BE20000699079B4FF4005ECDF8E8E0CDF8ECC032
:10BE30003C933D923E9040F20040C5F60200FBF775
:10BE400077FA079944F64C30C2F20040089010226D
:10BE5000C4F202020260272242608160C1604FF496
:10BE60008062026141618161C1614FF440320262CE
:10BE70004162F9F7C5FA18B1FFE7F6F781FDFFE770
:10BE8000FFE73F9844F64C31C2F20041C1673F984A
:10BE90008863FFE744F6C430C2F2004002902821D4
:10BEA000C4F202010160282141604021816000212B
:10BEB000C1604FF48062026141618161C1614FF4F0
:10BEC000003202624162F9F79BFA18B1FFE7F6F718
:10BED00057FDFFE7FFE73F9844F6C431C2F2004147
:10BEE00081673F988863FFE72420019005210022A5
:10BEF000FBF7F6FC0198FBF7E7FCFFE740B080BDDD
:10BF000081B0009001B0704781B0009001B07047DF
:10BF100080B58EB0DDF840C00C900B910A92ADF860
:10BF2000263000208DF825000C98006820300890FD
:10BF30000C98006830300790FFE70C9890F880006C
:10BF4000012804D1FFE702208DF8370039E20C996F
:10BF5000012081F88000FFE7FFE7FBF7D5FB0690A3
:10BF6000BDF82600ADF81600BDF82600ADF81400A7
:10BF70000C9890F8810001280ED0FFE702208DF880
:10BF80002500FFE70C99002081F88000FFE79DF86D
:10BF900025008DF8370014E20B9838B1FFE70A98B6
:10BFA00020B1FFE7BDF8260070B9FFE701208DF84A
:10BFB0002500FFE70C99002081F88000FFE79DF83D
:10BFC00025008DF83700FCE10C99052081F88100EF
:10BFD0000C990020C1F884000A990C9A5166BDF8AA
:10BFE00026100C9AA2F86A10BDF826100C9AA2F836
:10BFF00068100B990C9AD165BDF826100C9AA2F81E
:10C000006210BDF826100C9AA2F860100C9908670F
:10C010000C9948670C980068C06820F4C0200C99FF
:10C020000968C8600C98006840684FF6FF71884343
:10C03000BDF8261008440C99096848600C980168FE
:10C04000086840F0010008600C984068B0F5800F67
:10C0500007D1FFE70C980168086840F40070086099
:10C06000FFE70C98C06810287ED3FFE7FFE7BDF814
:10C0700016100120049039B9FFE7BDF8140000281C
:10C0800018BF01200490FFE70498C00700286AD079
:10C09000FFE70C98006840698007002819D5FFE782
:10C0A000BDF81600A8B1FFE70C980168C06D0068E4
:10C0B00008620C99C86D0430C8650C99B1F862002B
:10C0C0000138A1F862000C98B0F86200ADF81600D3
:10C0D000FFE70C980068406948F2080108421AD04E
:10C0E000FFE7BDF81400B0B1FFE70C980068006BE3
:10C0F0000C99496E08600C99486E043048660C999A
:10C10000B1F86A000138A1F86A000C98B0F86A002A
:10C11000ADF81400FFE7FBF7F7FA0699401A1099FB
:10C12000884204D3FFE71098013018B9FFE7109850
:10C13000C0B9FFE70C9803F07BFFFFE70C990020E4
:10C1400081F88000FFE70C99D1F8840040F48070FA
:10C15000C1F884000C99012081F8810003208DF83A
:10C1600037002EE183E7FEE00C98C06808287BD3F7
:10C17000FFE7FFE7BDF816100120039039B9FFE78C
:10C18000BDF81400002818BF01200390FFE70398B2
:10C19000C007002867D0FFE70C9800684069800757
:10C1A000002819D5FFE7BDF81600A8B1FFE70C98E5
:10C1B000C06D0088089908800C99C86D0230C86568
:10C1C0000C99B1F862000138A1F862000C98B0F83F
:10C1D0006200ADF81600FFE70C9800684069C007E0
:10C1E000C8B1FFE7BDF81400A8B1FFE707980088C1
:10C1F0000C99496E08800C99486E023048660C997B
:10C20000B1F86A000138A1F86A000C98B0F86A0029
:10C21000ADF81400FFE7FBF777FA0699401A10997A
:10C22000884204D3FFE71098013018B9FFE710984F
:10C23000C0B9FFE70C9803F0FBFEFFE70C99002064
:10C2400081F88000FFE70C99D1F8840040F48070F9
:10C25000C1F884000C99012081F8810003208DF839
:10C260003700AEE086E77DE0FFE7BDF8161001205D
:10C27000029039B9FFE7BDF81400002818BF01206B
:10C280000290FFE70298C00700286AD0FFE70C98E9
:10C2900000684069800700281AD5FFE7BDF816003E
:10C2A000B0B1FFE70C980168C06D007881F82000FC
:10C2B0000C99C86D0130C8650C99B1F8620001385D
:10C2C000A1F862000C98B0F86200ADF81600FFE724
:10C2D0000C9800684069C007D8B1FFE7BDF81400AA
:10C2E000B8B1FFE70C98006890F830000C99496EDF
:10C2F00008700C99486E013048660C99B1F86A00D4
:10C300000138A1F86A000C98B0F86A00ADF8140082
:10C31000FFE7FBF7F9F90699401A1099884204D310
:10C32000FFE71098013018B9FFE71098C0B9FFE790
:10C330000C9803F07DFEFFE70C99002081F8800047
:10C34000FFE70C99D1F8840040F48070C1F88400B4
:10C350000C99012081F8810003208DF8370030E02E
:10C3600083E7FFE7FFE70C98109B06996A46116088
:10C370000821002203F018FF40B1FFE70C99D1F823
:10C38000840040F02000C1F88400FFE70C9803F01F
:10C390004FFEFFE70C99002081F88000FFE70C9921
:10C3A000012081F881000C98D0F8840020B1FFE7CB
:10C3B00001208DF8370004E09DF825008DF8370046
:10C3C000FFE79DF837000EB080BD000000000000C0
:10C3D00081B0009001B0704781B0009001B070470B
:10C3E00081B0009001B0704781B0009001B07047FB
:10C3F00081B0009001B0704785B003900291FFE7D3
:10C40000039890F83C00012804D1FFE702208DF842
:10C410001300ABE00399012081F83C00FFE7FFE740
:10C420000399022081F83D0003980068406801905C
:10C430000398006880680090039800680021C4F2A7
:10C440000101884209D0FFE70398006840F20041EB
:10C45000C4F2010188420AD1FFE7019820F470007C
:10C46000019002984168019808430190FFE7019804
:10C4700020F0700001900298016801980843019033
:10C480000198039909684860039800680021C4F284
:10C49000010188424ED0FFE703980068B0F1804F59
:10C4A00048D0FFE70398006840F20041C4F2000161
:10C4B00088423FD0FFE70398006840F60001C4F2CD
:10C4C0000001884236D0FFE70398006840F600413B
:10C4D000C4F2000188422DD0FFE70398006840F2C3
:10C4E0000041C4F20101884224D0FFE703980068AC
:10C4F00041F60001C4F2000188421BD0FFE7039817
:10C50000006844F20001C4F20101884212D0FFE742
:10C51000039800684EF20001C4F20001884209D07D
:10C52000FFE7039800684EF20041C4F20001884220
:10C530000ED1FFE7009820F08000009002988168FB
:10C540000098084300900098039909688860FFE705
:10C550000399012081F83D00FFE70399002081F84D
:10C560003C00FFE700208DF81300FFE79DF8130063
:10C5700005B070470000000080B582B000900098C0
:10C5800020B9FFE701208DF8070045E0009890F8FA
:10C590003D0040B9FFE70099002081F83C00009879
:10C5A00000F03EF8FFE70099022081F83D00009975
:10C5B00051F8040B04F0D8F80099012081F84800E4
:10C5C000FFE70099012081F83E00009981F83F00C3
:10C5D000009981F84000009981F84100009981F8A4
:10C5E0004200009981F84300FFE7FFE7009901202E
:10C5F00081F84400009981F84500009981F84600CF
:10C60000009981F84700FFE70099012081F83D007B
:10C6100000208DF80700FFE79DF8070002B080BDFD
:10C6200081B0009001B0704783B00190019890F8FC
:10C630003D00012804D0FFE701208DF80B0083E0C6
:10C640000199022081F83D0001980168C86840F016
:10C650000100C860019800680021C4F2010188420D
:10C660004ED0FFE701980068B0F1804F48D0FFE757
:10C670000198006840F20041C4F2000188423FD0B6
:10C68000FFE70198006840F60001C4F2000188420B
:10C6900036D0FFE70198006840F60041C4F200017F
:10C6A00088422DD0FFE70198006840F20041C4F2B3
:10C6B0000101884224D0FFE70198006841F600019B
:10C6C000C4F2000188421BD0FFE70198006844F2E1
:10C6D0000001C4F20101884212D0FFE7019800680E
:10C6E0004EF20001C4F20001884209D0FFE7019830
:10C6F00000684EF20041C4F20001884219D1FFE700
:10C700000198006880680721C0F20101084000908C
:10C71000009806280CD0FFE70098B0F5803F07D0BE
:10C72000FFE701980168086840F001000860FFE732
:10C7300006E001980168086840F001000860FFE722
:10C7400000208DF80B00FFE79DF80B0003B0704749
:10C7500081B0009001B0704780B582B0019001981F
:10C760000068006900F002010020B0EB510F28D0F2
:10C77000FFE701980068C06800F002010020B0EBFC
:10C78000510F1DD0FFE7019801686FF002000861AA
:10C79000019901200877019800688069800720B11D
:10C7A000FFE70198FFF7D4FF06E0019800F064F975
:10C7B000019800F0B1FAFFE7019900200877FFE740
:10C7C000FFE701980068006900F004010020B0EB69
:10C7D000910F29D0FFE701980068C06800F00401BC
:10C7E0000020B0EB910F1ED0FFE7019801686FF0B9
:10C7F00004000861019902200877019800688069A7
:10C8000010F4407F04D0FFE70198FFF7A1FF06E096
:10C81000019800F031F9019800F07EFAFFE70199E4
:10C8200000200877FFE7FFE701980068006900F043
:10C8300008010020B0EBD10F28D0FFE70198006875
:10C84000C06800F008010020B0EBD10F1DD0FFE759
:10C85000019801686FF008000861019904200877C9
:10C8600001980068C069800720B1FFE70198FFF7D1
:10C870006FFF06E0019800F0FFF8019800F04CFA15
:10C88000FFE7019900200877FFE7FFE701980068BC
:10C89000006900F010010020B0EB111F29D0FFE764
:10C8A00001980068C06800F010010020B0EB111F73
:10C8B0001ED0FFE7019801686FF010000861019930
:10C8C0000820087701980068C06910F4407F04D000
:10C8D000FFE70198FFF73CFF06E0019800F0CCF875
:10C8E000019800F019FAFFE7019900200877FFE7A7
:10C8F000FFE7019800680069C00780B1FFE7019871
:10C900000068C068C00748B1FFE7019801686FF090
:10C9100001000861019800F003FAFFE7FFE70198C2
:10C9200000680069C1B20020B0EBD11F13D0FFE74F
:10C9300001980068C068C1B20020B0EBD11F09D0D7
:10C94000FFE7019801686FF0800008610198FFF728
:10C950004BFDFFE7FFE701980068006900F4807174
:10C960000020B0EB112F13D0FFE701980068C068DA
:10C97000C1B20020B0EBD11F09D0FFE701980168D8
:10C980006FF4807008610198FFF72AFDFFE7FFE769
:10C9900001980068006900F040010020B0EB911F91
:10C9A00014D0FFE701980068C06800F04001002043
:10C9B000B0EB911F09D0FFE7019801686FF04000CC
:10C9C0000861019800F0BCF9FFE7FFE701980068F3
:10C9D000006900F020010020B0EB511F14D0FFE7E8
:10C9E00001980068C06800F020010020B0EB511FE2
:10C9F00009D0FFE7019801686FF0200008610198F5
:10CA0000FFF7F6FCFFE7FFE702B080BD0000000083
:10CA100080B588B0079000200690059004900390A0
:10CA200002900798006840F20041C4F20001884279
:10CA30001ED1FFE7FFE744F2E040C5F602000168BF
:10CA400041F002010160006800F0020001900198CD
:10CA5000FFE70220029003900021049105910690C7
:10CA600040F20040C5F6020002A9FAF761FCFFE7B8
:10CA700008B080BD0000000081B0009001B0704798
:10CA800080B586B004900391029200208DF80700D3
:10CA9000FFE7049890F83C00012804D1FFE702204A
:10CAA0008DF81700C0E00499012081F83C00FFE7F1
:10CAB000FFE702980090142800F2A7800099DFE8B1
:10CAC00001F00BA4A4A424A4A4A43EA4A4A457A449
:10CAD000A4A471A4A4A48A0004980068039903F094
:10CAE00023FF04980168886940F008008861049871
:10CAF0000168886920F0040088610398026904983D
:10CB0000016888691043886183E00498006803998C
:10CB100003F0B2FF04980168886940F400608861FE
:10CB200004980168886920F480608861039802692C
:10CB300004980168886940EA0220886169E00498E5
:10CB40000068039904F050F804980168C86940F03F
:10CB50000800C86104980168C86920F00400C86131
:10CB60000398026904980168C8691043C86150E0DD
:10CB700004980068039904F0EFF804980168C86904
:10CB800040F40060C86104980168C86920F48060BE
:10CB9000C8610398026904980168C86940EA0220E4
:10CBA000C86136E004980068039904F045F90498D8
:10CBB0000168486D40F00800486504980168486DB8
:10CBC00020F0040048650398026904980168486DE4
:10CBD000104348651DE004980068039904F094F937
:10CBE00004980168486D40F4006048650498016845
:10CBF000486D20F4806048650398026904980168D4
:10CC0000486D40EA0220486503E001208DF80700E6
:10CC1000FFE7FFE70499002081F83C00FFE79DF85B
:10CC200007008DF81700FFE79DF8170006B080BDDC
:10CC300080B582B00090009820B9FFE701208DF800
:10CC4000070045E0009890F83D0040B9FFE70099E3
:10CC5000002081F83C00009800F03EF8FFE70099C2
:10CC6000022081F83D00009951F8040B03F07CFD8F
:10CC70000099012081F84800FFE70099012081F820
:10CC80003E00009981F83F00009981F8400000992A
:10CC900081F84100009981F84200009981F8430031
:10CCA000FFE7FFE70099012081F84400009981F82F
:10CCB0004500009981F84600009981F84700FFE798
:10CCC0000099012081F83D0000208DF80700FFE762
:10CCD0009DF8070002B080BD82B001900198006805
:10CCE00040F20041C4F20001884210D1FFE7FFE7A3
:10CCF00044F2E840C5F60200016841F0020101601B
:10CD0000006800F0020000900098FFE7FFE702B023
:10CD1000704700000000000081B0009001B0704733
:10CD200080B582B0019001980068B0F1804F03D1C6
:10CD3000FFE7FAF7F1FCFFE702B080BD000000005A
:10CD400081B0009001B0704783B00190FFE7019877
:10CD500090F88400012804D1FFE702208DF80B0031
:10CD60002CE00199012081F88400FFE7FFE7019999
:10CD70002420C1F88800019800680068009001989C
:10CD80000168086820F001000860009820F0005059
:10CD90000090019900204866009801990968086090
:10CDA00001992020C1F88800FFE70199002081F84F
:10CDB0008400FFE700208DF80B00FFE79DF80B00D3
:10CDC00003B070470000000080B582B00190ADF85C
:10CDD0000210019845F2C871C2F20041884206D1A2
:10CDE000FFE70198BDF8021009F0CAFF1DE00198A5
:10CDF00045F23471C2F20041884206D1FFE7019842
:10CE0000BDF8021009F0C8FB0EE0019845F2A061E0
:10CE1000C2F20041884206D1FFE70198BDF8021036
:10CE200008F0D2FFFFE7FFE7FFE702B080BD000098
:10CE300081B0009001B0704780B584B0029001913C
:10CE4000FFE7029890F88400012804D1FFE7022050
:10CE50008DF80F0032E00299012081F88400FFE78D
:10CE6000FFE702992420C1F8880002980068006852
:10CE7000009002980168086820F00100086002989C
:10CE80000068806820F06060019908430299096891
:10CE90008860029804F0ACF800980299096808606C
:10CEA00002992020C1F88800FFE70299002081F84C
:10CEB0008400FFE700208DF80F00FFE79DF80F00CA
:10CEC00004B080BD0000000080B584B002900191E4
:10CED000FFE7029890F88400012804D1FFE70220C0
:10CEE0008DF80F0032E00299012081F88400FFE7FD
:10CEF000FFE702992420C1F88800029800680068C2
:10CF0000009002980168086820F00100086002980B
:10CF10000068806820F06040019908430299096820
:10CF20008860029804F064F8009802990968086023
:10CF300002992020C1F88800FFE70299002081F8BB
:10CF40008400FFE700208DF80F00FFE79DF80F0039
:10CF500004B080BD0000000081B0009001B07047B7
:10CF600081B0009001B0704781B0009001B070476F
:10CF700080B592B0119011980068C0691090119816
:10CF8000006800680F901198006880680E901098F3
:10CF900040F60F0108400D900D98E0B9FFE79DF8AD
:10CFA00040008006002815D5FFE79DF83C0080066C
:10CFB000002806D4FFE79DF83B00C006002809D5ED
:10CFC000FFE71198406F20B1FFE71198416F884744
:10CFD000FFE72FE3FFE70D98002800F00C81FFE743
:10CFE0000E980121C1F20001084209D1FFE70F9814
:10CFF00040F22011C0F20041084200F0FC80FFE73F
:10D000009DF84000C00788B1FFE79DF83D00C007CC
:10D0100060B1FFE711980168012008621199D1F809
:10D02000900040F00100C1F89000FFE79DF840003B
:10D030008007002811D5FFE79DF83800C00760B1D0
:10D04000FFE711980168022008621199D1F8900059
:10D0500040F00400C1F89000FFE79DF84000400751
:10D06000002811D5FFE79DF83800C00760B1FFE741
:10D0700011980168042008621199D1F8900040F0DD
:10D080000200C1F89000FFE79DF84000000700286B
:10D0900019D5FFE79DF83C008006002807D4FFE77C
:10D0A0000E980121C1F2000108420CD0FFE711984F
:10D0B0000168082008621199D1F8900040F008003A
:10D0C000C1F89000FFE79DF841000007002813D544
:10D0D000FFE79DF83F00400700280DD5FFE71198B6
:10D0E00001684FF4006008621199D1F8900040F097
:10D0F0002000C1F89000FFE71198D0F890000028B8
:10D1000078D0FFE79DF840008006002815D5FFE79E
:10D110009DF83C008006002806D4FFE79DF83B0000
:10D12000C006002809D5FFE71198406F20B1FFE73E
:10D130001198416F8847FFE7FFE71198D0F89000FA
:10D140000C9011980068806800F04000402806D0DC
:10D15000FFE79DF8300010F0280F42D0FFE711984C
:10D1600004F0E6F81198006880684006002833D57E
:10D17000FFE7FFE7FFE71198006850E8020F20F093
:10D1800040000B90FFE70B991198026842E80210EB
:10D190000028F0D1FFE7FFE71198D0F88000B0B188
:10D1A000FFE71198D0F8801041F20930C0F6010075
:10D1B00008651198D0F88000F6F7EAFC30B1FFE777
:10D1C0001198D0F88000016D8847FFE703E01198BF
:10D1D000FFF7CAFEFFE703E01198FFF7C5FEFFE780
:10D1E00007E01198FFF7C0FE11990020C1F89000E8
:10D1F000FFE7FFE71EE21198C06E012840F0BB81F7
:10D20000FFE79DF84000C006002840F1B481FFE729
:10D210009DF83C00C006002840F1AD81FFE7119861
:10D220000168102008621198006880684006002894
:10D2300040F13F81FFE71198D0F88000006810218D
:10D24000C4F20201884200F0A280FFE71198D0F8F2
:10D25000800000682821C4F20201884200F0978013
:10D26000FFE71198D0F8800000684021C4F2020165
:10D27000884200F08C80FFE71198D0F880000068A9
:10D280005821C4F20201884200F08180FFE7119822
:10D29000D0F8800000687021C4F20201884276D084
:10D2A000FFE71198D0F8800000688821C4F20201DD
:10D2B00088426CD0FFE71198D0F880000068A02168
:10D2C000C4F20201884262D0FFE71198D0F88000D2
:10D2D0000068B821C4F20201884258D0FFE71198D3
:10D2E000D0F88000006840F21041C4F20201884288
:10D2F0004DD0FFE71198D0F88000006840F2284137
:10D30000C4F20201884242D0FFE71198D0F88000B1
:10D31000006840F24041C4F20201884237D0FFE782
:10D320001198D0F88000006840F25841C4F2020120
:10D3300088422CD0FFE71198D0F88000006840F2B6
:10D340007041C4F20201884221D0FFE71198D0F861
:10D350008000006840F28841C4F20201884216D081
:10D36000FFE71198D0F88000006840F2A041C4F2B5
:10D37000020188420BD0FFE71198D0F880000068C6
:10D3800040F2B841C4F20201884207D1FFE7119888
:10D39000D0F8800000684068019006E01198D0F84D
:10D3A0008000006840680190FFE70198ADF82A000E
:10D3B000BDF82A0000287BD0FFE7BDF82A001199AC
:10D3C000B1F85C10884273DAFFE7BDF82A001199C2
:10D3D000A1F85E001198D0F88000C069B0F5807F98
:10D3E00059D0FFE7FFE7FFE71198006850E8000F0A
:10D3F00020F480700990FFE709991198026842E8CB
:10D4000000100028F0D1FFE7FFE7FFE7FFE71198E2
:10D41000006850E8020F20F001000890FFE708992B
:10D420001198026842E802100028F0D1FFE7FFE7F8
:10D43000FFE7FFE71198006850E8020F20F0400076
:10D440000790FFE707991198026842E80210002848
:10D45000F0D1FFE7FFE711992020C1F88C00119966
:10D460000020C866FFE7FFE71198006850E8000F4A
:10D4700020F010000690FFE706991198026842E834
:10D4800000100028F0D1FFE7FFE71198D0F88000E6
:10D49000F5F7C2FEFFE71199022008671198B0F86E
:10D4A0005C10B0F85E20891A89B2FFF78DFCFFE7A7
:10D4B000C0E01199B1F85C00B1F85E10401AADF807
:10D4C00016001198B0F85E00002853D0FFE7BDF8B1
:10D4D000160000284ED0FFE7FFE7FFE7119800682D
:10D4E00050E8000F20F490700490FFE70499119821
:10D4F000026842E800100028F0D1FFE7FFE7FFE7ED
:10D50000FFE71198006850E8020F4FF6FE71CEF663
:10D51000FF7108400390FFE703991198026842E801
:10D5200002100028EDD1FFE7FFE711992020C1F894
:10D530008C0011990020C86611994867FFE7FFE742
:10D540001198006850E8000F20F010000290FFE7EB
:10D5500002991198026842E800100028F0D1FFE714
:10D56000FFE71199022008671198BDF81610FFF720
:10D570002BFCFFE75EE09DF84200C00600280FD5B7
:10D58000FFE79DF83A004006002809D5FFE711980B
:10D5900001684FF4801008621198FFF7E1FC49E040
:10D5A0009DF840000006002815D5FFE79DF83C00D7
:10D5B0000006002806D4FFE79DF83A000006002880
:10D5C00009D5FFE71198806F20B1FFE71198816FAF
:10D5D0008847FFE72EE09DF84000400600280AD566
:10D5E000FFE79DF83C004006002804D5FFE71198AE
:10D5F00003F0EEFE1EE09DF84200000600280AD56A
:10D60000FFE79DF83F004006002804D5FFE711988A
:10D61000FFF7A2FC0EE09DF84300C00750B1FFE702
:10D620009DF83F000006002804D5FFE71198FFF79A
:10D63000FFFBFFE712B080BD80B582B0009000987C
:10D6400020B9FFE701208DF8070046E000988069C7
:10D6500008B1FFE700E0FFE70098D0F8880040B984
:10D66000FFE70099002081F88400009800F03CF862
:10D67000FFE700992420C1F8880000980168086835
:10D6800020F001000860009803F0C6FE012804D1D4
:10D69000FFE701208DF807001FE00098806A20B1A5
:10D6A000FFE7009803F0E8FCFFE70098016848688E
:10D6B00020F49040486000980168886820F02A00B3
:10D6C000886000980168086840F0010008600098D0
:10D6D00003F076FD8DF80700FFE79DF8070002B024
:10D6E00080BD00000000000080B5CCB04B90002051
:10D6F0004A90499048904790469018A8B821F2F770
:10D700004BFE4B98006845F20001C4F200018842CC
:10D7100040F09880FFE70020199002211891359081
:10D7200018A8FBF71DFE18B1FFE7F5F729F9FFE789
:10D73000FFE744F2E840C5F60200016841F48011B9
:10D740000160006800F4801017901798FFE7FFE76A
:10D7500044F2E040C5F60200016841F004010160B6
:10D76000006800F0040016901698FFE7FFE744F207
:10D77000E040C5F60200016841F008010160006860
:10D7800000F0080015901598FFE74FF48050469080
:10D7900002200C90479000200F904890499008205C
:10D7A0000D904A9040F60000C5F6020046A90E9181
:10D7B000F9F7BEFD0C9B0D980E990F9A4FF0040CD3
:10D7C000CDF818C14793489249924A9040F60040DC
:10D7D000C5F60200F9F7ACFD0F9944F63C40C2F2E1
:10D7E000004010904022C4F20202026041224260D6
:10D7F0008160C1604FF480620261416181614FF4D8
:10D800008072C2614FF4403202624162F7F7F8FD64
:10D8100018B1FFE7F5F7B4F8FFE7FFE74B9844F6D8
:10D820003C41C2F20041C0F880104B988863FFE78A
:10D8300035200B9005210022FAF752F80B98FAF7E1
:10D8400043F85EE14B98006844F20041C4F20001E5
:10D85000884240F09D80FFE7002019900221189136
:10D86000359018A8FBF77CFD18B1FFE7F5F788F8AD
:10D87000FFE7FFE744F2E840C5F60200016841F423
:10D8800000310160006800F4003014901498FFE744
:10D89000FFE744F2E040C5F60200016841F00801EC
:10D8A0000160006800F0080013901398FFE77020F3
:10D8B0004690022047900020099048904990072008
:10D8C0004A9040F60040C5F6020046A9F9F730FD3F
:10D8D000099944F6A450C2F200400A905822C4F2BA
:10D8E000020202602B2242608160C1604FF48062BC
:10D8F0000261416181614FF48072C2614FF4003274
:10D9000002624162F7F77CFD18B1FFE7F5F738F8DE
:10D91000FFE7FFE74B9844F6A451C2F20041C0F87C
:10D9200080104B988863FFE744F61C60C2F2004009
:10D9300008907021C4F2020101602C214160402155
:10D9400081600021C1604FF48062026141618161A8
:10D95000C1614FF4003202624162F7F751FD18B124
:10D96000FFE7F5F70DF8FFE7FFE74B9844F61C617A
:10D97000C2F20041C1674B988863FFE726200790F9
:10D9800005210022F9F7ACFF0798F9F79DFFB7E0F2
:10D990004B98006841F60041C4F20101884240F012
:10D9A000AE80FFE70020199001211891369018A849
:10D9B000FBF7D6FC18B1FFE7F4F7E2FFFFE7FFE75C
:10D9C00044F2F040C5F60200016841F080010160B8
:10D9D000006800F0800012901298FFE7FFE744F221
:10D9E000E040C5F60200016841F0100101600068E6
:10D9F00000F0100011901198FFE7042046900221DA
:10DA00000291479100210591489149914A9041F234
:10DA10000000C5F60200039046A90491F9F788FCBE
:10DA2000029B03980499059A4FF0080CCDF818C191
:10DA30004793489249920B224A92F9F779FC05994B
:10DA400044F6B440C2F2004006908822C4F20202BA
:10DA50000260762242608160C1604FF480620261A0
:10DA6000416181614FF48072C2614FF40032026201
:10DA70004162F7F7C5FC18B1FFE7F4F781FFFFE754
:10DA8000FFE74B9844F6B441C2F20041C0F8801061
:10DA90004B988863FFE744F62C50C2F20040019097
:10DAA000A021C4F202010160772141604021816020
:10DAB0000021C1604FF48062026141618161C161F6
:10DAC0004FF4003202624162F7F79AFC18B1FFE7A7
:10DAD000F4F756FFFFE7FFE74B9844F62C51C2F2EC
:10DAE0000041C1674B988863FFE79C2000900521A7
:10DAF0000022F9F7F5FE0098F9F7E6FEFFE7FFE7E9
:10DB0000FFE74CB080BD000081B0009001B07047CD
:10DB1000FFE7FEE70000000080B545F6DC00C2F23A
:10DB20000040B7EE000ADFED080A9FED081A0AF080
:10DB3000E3FF42F6F061C2F200414DF24E10C3F62F
:10DB40001140086480BD00BF000000006F12833ADE
:10DB500080B582B00190FFE700F002F8FCE700001A
:10DB600080B58AB0FFF7D8FFFFE742F68470C2F2B3
:10DB70000040F4F769FD45F65C00C2F2004080ED1C
:10DB8000000A006845F6DC01C2F200410491886099
:10DB900042F6FC40C2F200400390F2F799FC039B6E
:10DBA0000498196842F6F06CC2F2004CCDF814C02B
:10DBB000CCF81C105968CCF820109968CCF82410C7
:10DBC0001A6842F66031C2F200410A605A684A603F
:10DBD0009A688A60DA68CCF810201A69CCF81420A8
:10DBE0005A69CCF81820D3F80CC042F6E062C2F2B1
:10DBF0000042C2F800C0D3F810C0C2F804C05B698C
:10DC0000936092ED000AD2ED010A92ED021AD1ED75
:10DC1000001A91ED012AD1ED022A0AF09DFF049825
:10DC20000AF0DEFF04980AF0B7FF049802F0ACF89F
:10DC30000498059A016B1160416B5160816B916092
:10DC4000C06BD06042F61C30C2F2004007A9F4F766
:10DC500013FE00208DF81B00FFE79DF81B00022833
:10DC600030DCFFE79DF81B0042F6F061C2F2004194
:10DC700007AA02EB800292ED002A01EB800090EDF2
:10DC8000070A90ED0A1A30EE420A45F65C02C2F22B
:10DC9000004292ED002A20EE020A91ED103A33EE96
:10DCA000022A80EE020A21EE031A81EE021A30EEF9
:10DCB000010A80ED0A0AFFE79DF81B0001308DF88C
:10DCC0001B00CAE742F6F062C2F20042029202F181
:10DCD000280002F13401F2F797FE029890ED0D0A48
:10DCE000B0EEC00A9FED6D1AB4EE410AF1EE10FAE3
:10DCF00007DAFFE742F6F061C2F200410020486314
:10DD0000FFE742F6F060C2F2004090ED0E0AB0EE7E
:10DD1000C00A9FED621AB4EE410AF1EE10FA07DA7A
:10DD2000FFE742F6F061C2F2004100208863FFE79E
:10DD300042F6F060C2F2004090ED0F0AB0EEC00A69
:10DD40009FED571AB4EE410AF1EE10FA0EDAFFE732
:10DD500042F6F061C2F200410020C86345F624217A
:10DD6000C2F20041086801300860FFE745F6600034
:10DD7000C2F2004090ED000A9FED4A1AB4EE410A4B
:10DD8000F1EE10FA79DDFFE742F6F060C2F20040F2
:10DD9000019090ED0E1A90ED220A9FED432A01EEBC
:10DDA000020A80ED220A90ED221A90ED230A01EE7C
:10DDB000020A80ED230A012180F8901045F6DC016B
:10DDC000C2F2004191ED1A0AB1EE400A80ED1C0A40
:10DDD00091ED190AB1EE400A80ED1D0AC96E816706
:10DDE00090ED1E0A90ED201A30EE410A9FED2F1A99
:10DDF000B4EE410AF1EE10FA0DDDFFE742F6F060F5
:10DE0000C2F2004090ED210ABFEE001A30EE010A86
:10DE100080ED210A1FE042F6F060C2F2004090ED72
:10DE20001E0A90ED201A30EE410A9FED211AB4EE41
:10DE3000410AF1EE10FA0DDAFFE742F6F060C2F2A5
:10DE4000004090ED210AB7EE001A30EE010A80ED95
:10DE5000210AFFE7FFE742F6F061C2F2004191EDCF
:10DE60001E0A91ED211A9FED132A01EE020A81ED9F
:10DE70001F0A886FC1F880000CE045F66000C2F20E
:10DE8000004090ED000AB7EE001A30EE010A80ED76
:10DE9000000AFFE701200BF0AFF866E60AD7A33CC3
:10DEA0000AD7233D0080BB446F12833ADA0F494002
:10DEB000DA0F49C0560EC94083B0029001918DF827
:10DEC000032000208DF80200FFE79DF802009DF876
:10DED0000310884229DAFFE70298000F092809D8C1
:10DEE000FFE70298000F303001999DF8022001F8F9
:10DEF000120009E00299372000EB117001999DF89A
:10DF0000022001F81200FFE7029800010290019838
:10DF10009DF8021000EB410100204870FFE79DF8DA
:10DF2000020001308DF80200CFE703B07047000017
:10DF300080B588B041F2B850C2F20040049090ED34
:10DF4000680A90EDD21A30EE410A8DED070A90ED85
:10DF5000690A90EDD31A30EE410A8DED060A9DED67
:10DF6000071A9DED060A9FED292A20EE020A9FED71
:10DF7000282A01EE020A8DED050A05A89FED250A63
:10DF8000DFED250A0BF010F8049890ED900A0AF0E6
:10DF900045F804988DED010AD0ED6A0A90ED770AF4
:10DFA00043F2F810C2F2004001F052FB9DED011A5D
:10DFB00004989FED1A2A8DED022A01EE020A9DEDCA
:10DFC000051A30EE010A80ED8D0A90EDC30A0AF0C1
:10DFD00025F804988DED030AD0ED6B0A90EDAA0A9E
:10DFE00043F24020C2F2004001F032FB9DED022AD4
:10DFF0009DED031A049801EE020A9DED051A30EE1C
:10E00000410A80EDC00A08B080BD00BF0000204278
:10E010000000C842000070C2000070429A99574246
:10E0200084B08DED030ACDED020A8DED011ACDED20
:10E03000001A039845F65021C2F200410860029888
:10E040004860019888600098C86004B0704700007C
:10E0500082B0019000200090FFE7009809280FDCB3
:10E06000FFE70199009A002041F822000199009AE7
:10E0700001EB82018863FFE7009801300090ECE734
:10E0800000200090FFE7009803280BDCFFE70198D1
:10E09000009900EB810100208862FFE700980130C1
:10E0A0000090F0E702B0704783B002900191002029
:10E0B0000090FFE70098092812DCFFE70198009A1A
:10E0C00050F82200029941F822000298009900EBD2
:10E0D000810100208863FFE7009801300090E9E7A4
:10E0E00000200090FFE7009803280BDCFFE7029870
:10E0F000009900EB810100208862FFE70098013061
:10E100000090F0E703B0704780B598B041F2B85086
:10E11000C2F2004090F871130139B1FA81F1490956
:10E120008DF85F10D0F8DC110B91D0F8A8020A909E
:10E130009DF85F100020069051B1FFE745F6601092
:10E14000C2F200400078B0FA80F040090690FFE784
:10E15000069800F001008DF85E009DF85F0045F61E
:10E160006011C2F2004108709DF85E00D0B1FFE777
:10E1700045F62021C2F20041002008600990FFE727
:10E18000099803280DDCFFE7099A45F65021C2F2F1
:10E190000041002041F82200FFE709980130099072
:10E1A000EEE7FFE79DF85F0038B9FFE745F6C401E9
:10E1B000C2F20041002008709DE19DED0B0ADDEDEB
:10E1C0000A0A42F66C30C2F2004040F68801C2F200
:10E1D000004164220AF000FC9DED0B0ADDED0A0A05
:10E1E00042F64C50C2F2004041F2F011C2F200413E
:10E1F00028220AF0F1FB9DED0B0ADDED0A0A42F63A
:10E20000C870C2F2004041F64C11C2F200418C22AB
:10E210000AF0E2FB41F2B850C2F200400590D0F89B
:10E2200060130D91D0F864130E9142F6F061C2F2C2
:10E230000041896F0F91D0F854131091D0F840121B
:10E240001191D0F844121291D0F80C131391D0F818
:10E2500010131491D0F858131591D0F85C03169050
:10E260009DF85E0040B1FFE745F66400C2F2004051
:10E270000DA9FFF719FFFFE74AF69430C0F6010039
:10E280006946886045F65020C2F2004048600DA8FB
:10E29000086045F66400C2F2004042F66C31C2F2FA
:10E2A000004142F64C52C2F2004242F6C873C2F23A
:10E2B000004300F029F941F2B850C2F2004090ED5D
:10E2C000D90AB0EEC00A9FED8D1AB4EE410AF1EE04
:10E2D00010FA2DDAFFE741F2B850C2F2004090ED9B
:10E2E000910AB0EEC00AB6EE001AB4EE410AF1EEA1
:10E2F00010FA1DDAFFE741F2B850C2F2004090ED8B
:10E30000C40AB0EEC00AB6EE001AB4EE410AF1EE4D
:10E3100010FA0DDAFFE745F62020C2F2004090ED3A
:10E32000000A9FED771A30EE010A80ED000A06E040
:10E3300045F62021C2F2004100200860FFE745F6C3
:10E340002020C2F2004090ED000AB6EE001AB4EEB2
:10E35000410AF1EE10FA09DDFFE742F62830C2F279
:10E36000004090ED000A8DED040A04E09FED650A7F
:10E370008DED040AFFE79DED040A8DED0C0A9DED7D
:10E380000C0AB5EE400AF1EE10FA68DDFFE745F63B
:10E390006400C2F2004090ED0A0AB4EE400AF1EEC9
:10E3A00010FA5CD1FFE745F66400C2F2004090ED40
:10E3B0000B0AB4EE400AF1EE10FA50D1FFE745F631
:10E3C0006400C2F2004090ED0C0AB4EE400AF1EE97
:10E3D00010FA44D1FFE745F66400C2F2004090ED28
:10E3E0000D0AB4EE400AF1EE10FA38D1FFE79DEDC8
:10E3F0000C1A45F66401C2F2004191ED0A2A41F27D
:10E40000B850C2F20040039090ED510A01EE420A6A
:10E4100080ED510A9DED0C1A91ED0B2A90ED480A02
:10E4200001EE420A80ED480A9DED0C1A91ED0C2A8E
:10E4300090ED8E0A01EE420A80ED8E0A9DED0C1AD7
:10E4400091ED0D2A90EDC10A01EE420A80EDC10A5C
:10E4500045F6C401C2F200410120087006E045F60D
:10E46000C401C2F2004100200870FFE745F66400D5
:10E47000C2F20040826A45F6C801C2F200410A6059
:10E48000C26A4A60026B8A60406BC86000200890D4
:10E490000790FFE70798092826DCFFE7079945F66C
:10E4A0006400C2F2004000EB810090ED0E0AB0EE75
:10E4B000C00A9DED081AB4EE410AF1EE10FA0EDD25
:10E4C000FFE7079945F66400C2F2004000EB8100C7
:10E4D00090ED0E0AB0EEC00A8DED080AFFE7FFE7E7
:10E4E000079801300790D5E7089845F6D801C2F2A1
:10E4F00000410860FFE718B080BD00BFCDCCCC3D27
:10E500006F12833A0000000080B596B0DDF868C055
:10E51000DDF864C0DDF860C0159014911392129379
:10E5200018980A210AF0A0FAA0B9FFE742F6B470E1
:10E53000C2F20040007840B1FFE7159842F68C71B6
:10E54000C2F20041FFF7B0FD03E01598FFF780FD30
:10E55000FFE757E115980A210AF086FA08BBFFE7A2
:10E5600015981899FFF7A0FD00200390FFE7039886
:10E5700009280FDCFFE71898039A50F8220042F6AA
:10E580008C71C2F2004141F82200FFE7039801308C
:10E590000390ECE742F6B471C2F20041012008702A
:10E5A00030E100200390FFE70398092814DCFFE71F
:10E5B0001898039900EB810090ED000A159800EB84
:10E5C000810090ED001A30EE410A80ED0E0AFFE75F
:10E5D000039801300390E7E700200390FFE70398DA
:10E5E000092876DCFFE7002001900290FFE70298FF
:10E5F00009281BDCFFE71498039901EB81020299BB
:10E6000001EB420200EB820090ED001A159800EB3E
:10E61000810090ED002A9DED010A01EE020A8DEDC8
:10E62000010AFFE7029801300290E0E70020029023
:10E63000FFE70298032820DCFFE71398039A02996A
:10E6400001EB820200EB820090ED001A159800EBBE
:10E65000810090ED0A0A199800EB810090ED002AE4
:10E6600030EE022A9DED010A01EE020A8DED010A4B
:10E67000FFE7029801300290DBE700200290FFE7FD
:10E68000029809281BDCFFE71298039901EB81022D
:10E69000029901EB420200EB820090ED001A1598FE
:10E6A00000EB810090ED0E2A9DED010A01EE020AB9
:10E6B0008DED010AFFE7029801300290E0E7019832
:10E6C000039A08A941F82200FFE70398013003905C
:10E6D00085E700200390FFE7039803284EDCFFE75F
:10E6E0001598806A00901598039900EB8100806A64
:10E6F000009000200290FFE7029809281BDCFFE74A
:10E700001298039901EB8102029901EB420200EB9E
:10E71000820090ED641A159800EB810090ED0E2AAE
:10E720009DED000A01EE020A8DED000AFFE7029856
:10E7300001300290E0E71A98039900EB810090ED18
:10E74000000AB5EE400AF1EE10FA0DDDFFE79DED8F
:10E75000000A1A98039900EB8100D0ED000A0AF034
:10E7600003F98DED000AFFE70098039A04A941F828
:10E770002200FFE7039801300390ADE700200390EB
:10E78000FFE7039809280CDCFFE7039A08A850F874
:10E790002200159941F82200FFE703980130039009
:10E7A000EFE700200390FFE7039803280DDCFFE765
:10E7B000039A04A850F82200159901EB820188629F
:10E7C000FFE7039801300390EEE700200390FFE796
:10E7D000039809280FDCFFE71898039A50F82200E5
:10E7E00042F68C71C2F2004141F82200FFE7039823
:10E7F00001300390ECE742F6B471C2F2004101200F
:10E800000870FFE716B080BD80B541F2B850C2F283
:10E81000004090ED770AD0EDAA0A00F001F880BD23
:10E8200080B588B006A880ED010AC0ED000A90ED21
:10E83000010AD0ED000A42F63C60C2F2004042F20A
:10E840006C61C2F20041F4F70FFC41F2B850C2F221
:10E850000040039090EDD80AB1EE400A45F6282119
:10E86000C2F20041049181ED000A90ED640A90ED3E
:10E87000D91A30EE410A81ED010A42F6F061C2F286
:10E88000004191ED1E0AD0ED660AF4F725FB0399CD
:10E89000049880ED020A91ED670A91EDD51A30EEE9
:10E8A000410A80ED030A91ED900AB1EE400A80ED35
:10E8B000040A91ED910AB1EE400A80ED050A91ED4E
:10E8C000C30AB1EE400A80ED060A91EDC40AB1EE2A
:10E8D000400A80ED070A91EDD60AB1EE400A80EDBC
:10E8E000080A91EDD70AB1EE400A80ED090A00202E
:10E8F0008DF81700FFE79DF8170003285BDCFFE7A2
:10E9000045F62822C2F2004201929DF8171001EB51
:10E91000810342F63C60C2F2004000EBC30002906B
:10E9200092ED005A92ED010A92ED023A92ED031A2D
:10E9300090ED006A90ED017A90ED024A90ED032A85
:10E9400020EE070A05EE060A03EE040A01EE020AAB
:10E9500092ED041A90ED042A01EE020A92ED051AD6
:10E9600090ED052A01EE020A92ED061A90ED062AB4
:10E9700001EE020A92ED071A90ED072A01EE020A53
:10E9800092ED081A90ED082A01EE020A92ED091A9A
:10E9900090ED092A01EE020A42F6B870C2F2004078
:10E9A00000EB810080ED000AFFE79DF817000130C1
:10E9B0008DF817009FE742F6B870C2F20040026877
:10E9C00041F2B851C2F20041C1F844214268C1F895
:10E9D00020218268C1F83822C068C1F8040308B059
:10E9E00080BD00000000000080B58CB0FFE744F25D
:10E9F000D840C5F60200016841F0010101600068DD
:10EA000000F001000B900B98FFE70B20019006210E
:10EA1000029100220992F8F763FF0198F8F754FF7A
:10EA20000299099A0C200390F8F75AFF0398F8F717
:10EA30004BFF099A0D20049005210891F8F750FF2B
:10EA40000498F8F741FF0899099A0E200590F8F705
:10EA500047FF0598F8F738FF0899099A0F200690A4
:10EA6000F8F73EFF0698F8F72FFF0899099A10204B
:10EA70000790F8F735FF0798F8F726FF0899099AE5
:10EA800011200A90F8F72CFF0A98F8F71DFF0CB038
:10EA900080BD00000000000080B582B044F69460A4
:10EAA000C2F2004000904AF20001C4F2000101608D
:10EAB000002201928260C2600274427482744FF03C
:10EAC000030CC0F814C00A2181611D23C3610162D7
:10EAD000C0F824C08162C362016305214163816380
:10EAE000C16304230364082141648264C164026534
:10EAF00043658265C265016642668166F7F788FFF5
:10EB000018B1FFE7F3F73CFFFFE702B080BD00005C
:10EB100080B582B044F63470C2F2004000904AF2F0
:10EB20000041C4F200010160002201928260C260D3
:10EB30000274427482744FF0030CC0F814C00A21AE
:10EB400081611D23C3610162C0F824C08162C36278
:10EB5000016340F25631416305218163C163026460
:10EB60000423436483640821C164026543658265AC
:10EB7000C265036642668166F7F74AFF18B1FFE790
:10EB8000F3F7FEFEFFE702B080BD000000000000CA
:10EB900080B582B044F6D470C2F2004000904DF2CD
:10EBA0000041C4F200010160002201928260C26053
:10EBB0000274427482744FF0030CC0F814C00A232C
:10EBC00083611D21C1610362C0F824C08362C162F8
:10EBD0000521016340F2AD6343638163C163042394
:10EBE0000364082141648264C364026543658265ED
:10EBF000C265036642668166F7F70AFF18B1FFE750
:10EC0000F3F7BEFEFFE702B080BD00000000000089
:10EC100080B596B04AF6183CC0F6010CDCF800004E
:10EC2000DCF80410DCF80820DCF80C30DCF810C04C
:10EC3000CDF854C0149313921291119011A8002191
:10EC400001910AF0F5F9019944F29472C2F200427E
:10EC500010604AF6F02EC0F6010EDEF80000DEF875
:10EC60000420DEF80830DEF80CC0DEF810E0CDF845
:10EC700040E0CDF83CC00E930D920C900CA80AF029
:10EC8000D7F9019942F68872C2F2004210604AF642
:10EC9000DC2EC0F6010EDEF80000DEF80420DEF8FF
:10ECA0000830DEF80CC0DEF810E0CDF82CE0CDF82E
:10ECB00028C009930892079007A80AF0B9F90199AA
:10ECC00042F6EC52C2F2004210604AF6043EC0F630
:10ECD000010EDEF80000DEF80420DEF80830DEF871
:10ECE0000CC0DEF810E0CDF818E0CDF814C00493A5
:10ECF0000392029002A80AF09BF943F28821C2F223
:10ED00000041086016B080BD80B594B0002013901B
:10ED10001290119010900F90FFE744F2E040C5F67A
:10ED20000200016841F010010160006800F010006D
:10ED30000E900E98FFE7FFE744F2E040C5F60200B0
:10ED4000016841F004010160006800F004000D90CA
:10ED50000D98FFE7FFE744F2E040C5F602000168C6
:10ED600041F080010160006800F080000C900C9878
:10ED7000FFE7FFE744F2E040C5F60200016841F01A
:10ED800001010160006800F001000B900B98FFE7A3
:10ED9000FFE744F2E040C5F60200016841F00201DD
:10EDA0000160006800F002000A900A98FFE7FFE7A0
:10EDB00044F2E040C5F60200016841F0080101603C
:10EDC000006800F0080009900998FFE740F600008D
:10EDD000C5F6020001904FF4C04100220592F8F7F9
:10EDE0007BFC019848F2090101220692F8F774FCB5
:10EDF000059A06990020C5F602000290F8F76CFC0F
:10EE00000298069A0421F8F767FC059A41F200007F
:10EE1000C5F6020007904FF400710391F8F75CFC0F
:10EE200001980599069A4FF460430F93109211913F
:10EE300012910FA90891F8F77BFA0198059A069BA1
:10EE400008994FF0090CCDF83CC0109311920322A1
:10EE500004921292F8F76CFA0298049A069B0899A9
:10EE60004FF0050CCDF83CC0109311931292F8F7B7
:10EE70005FFADDF80CC0049A069B07980899CDF854
:10EE80003CC0109311931292F8F752FA059A079822
:10EE900008994FF4A0530F934FF4881310931192D5
:10EEA000F8F746FA059B069A079808994FF4005C14
:10EEB000CDF83CC010931192F8F73AFA14B080BD27
:10EEC00080B582B045F28050C2F20040009043F617
:10EED0000001C4F2000101604FF480014160002193
:10EEE000019181600722C2604FF0007202614FF011
:10EEF000807242614FF0806282614FF08042C26155
:10EF0000016241628162C16242638163C1630164E3
:10EF100041648164C164016541658165FCF7C8FD98
:10EF200018B1FFE7F3F72CFDFFE702B080BD00004A
:10EF300080B58CB0002101910B910A910991089143
:10EF400007910691059104910391029145F2546055
:10EF5000C2F2004040F20042C4F2000202601722F6
:10EF60004260816042F20F72C26001618021816162
:10EF7000FDF75EFE18B1FFE7F3F702FDFFE70020A3
:10EF800009900B9045F25460C2F2004009A9FDF7C8
:10EF900033FA18B1FFE7F3F7F3FCFFE760200290C4
:10EFA000002003900490069045F25460C2F20040A5
:10EFB00002A90C22FDF764FD18B1FFE7F3F7E0FCAE
:10EFC000FFE745F25460C2F20040FDF721FD0CB0AE
:10EFD00080BD00000000000080B582B045F2C8701E
:10EFE000C2F20040019045F20001C4F2000101604C
:10EFF00048F2A061C0F2010141604FF4805181608C
:10F000004FF40051C1604FF48061016104214161FE
:10F0100000218161C161016241628162FEF70CFBE6
:10F0200018B1FFE7F3F7ACFCFFE745F2C870C2F296
:10F0300000400021FDF748FF18B1FFE7F3F7A0FCFF
:10F04000FFE745F2C870C2F200400021FDF7F4FE70
:10F0500018B1FFE7F3F794FCFFE745F2C870C2F27E
:10F060000040FDF771FE18B1FFE7F3F789FCFFE7F9
:10F0700002B080BD0000000080B582B045F2A06003
:10F08000C2F20040009041F60041C4F2010101606B
:10F090004FF4E1314160002101918160C160016163
:10F0A0000C2242618161C161016241628162FEF7AD
:10F0B000C3FA18B1FFE7F3F763FCFFE745F2A0607E
:10F0C000C2F200400021FDF7FFFE18B1FFE7F3F7A1
:10F0D00057FCFFE745F2A060C2F200400021FDF7B7
:10F0E000ABFE18B1FFE7F3F74BFCFFE745F2A0607A
:10F0F000C2F20040FDF728FE18B1FFE7F3F740FC2D
:10F10000FFE702B080BD000080B582B045F23470E8
:10F11000C2F20040009044F20041C4F200010160DC
:10F1200040F60011C0F23D0141600023019383606D
:10F13000C36003610C2141618361C3610362436267
:10F14000836219461A46FCF77FFA18B1FFE7F3F716
:10F1500017FCFFE745F23470C2F200400021FDF7D2
:10F16000B3FE18B1FFE7F3F70BFCFFE745F234708D
:10F17000C2F200400021FDF75FFE18B1FFE7F3F790
:10F18000FFFBFFE745F23470C2F20040FDF7DCFD03
:10F1900018B1FFE7F3F7F4FBFFE702B080BD000012
:10F1A00080B544F67000C2F2004041F62C11C2F264
:10F1B0000041012204F0D4F918B1FFE7F3F7E0FBB6
:10F1C000FFE744F67000C2F2004042F64C21C2F262
:10F1D000004104F0F1FE18B1FFE7F3F7D1FBFFE7C0
:10F1E00044F67000C2F2004042F6E821C2F200414B
:10F1F00003F0FAFB18B1FFE7F3F7C2FBFFE744F6B1
:10F200007000C2F2004005F067F818B1FFE7F3F7AD
:10F21000B7FBFFE7F9F7D4FD80BD00000000000058
:10F22000FFE7FEE700000000FFE7FEE70000000048
:10F2300088B0079006910592079800F007000490A7
:10F240000498C0F10700052803D3FFE704200190CC
:10F2500004E00498C0F107000190FFE701980390D3
:10F2600004980430062803D8FFE70020009003E04C
:10F27000049803380090FFE70098029006980399DD
:10F28000012202FA01F101390840029B98400599D8
:10F290009A40013A1140084308B07047000000004E
:10F2A00080B545F27400C2F20040F8F74DFE80BD13
:10F2B00080B586B005900491059800680390039886
:10F2C00002900398006C01900298049900EB4110A1
:10F2D000D0F8080B0090019843F20B01C4F654716A
:10F2E00088420FD3FFE79DF801000006002809D5EA
:10F2F000FFE70298049900EB41114FF40040C1F878
:10F30000080BFFE70598F9F79BFC019843F20B0106
:10F31000C4F6547188420DD3FFE70598C0680128F0
:10F3200008D1FFE70599086801F2C442012105F000
:10F3300037FEFFE7002006B080BD0000000000009F
:10F3400080B588B0079006910798006804900498EB
:10F3500003900498006C02900398069900EB41100A
:10F36000D0F8080B01900798C068012840F0818010
:10F37000FFE79DF804000007002818D5FFE7029872
:10F3800043F20B01C4F6547188420FD3FFE79DF896
:10F3900005000006002809D5FFE70398069900EB51
:10F3A00041114FF40040C1F8080BFFE760E09DF801
:10F3B00004008006002808D5FFE70398069900EBB3
:10F3C00041112020C1F8080B51E09DF8040010F015
:10F3D000280F4AD1FFE7029843F20B01C4F654719B
:10F3E00088420FD3FFE79DF805000006002809D5E5
:10F3F000FFE70398069900EB41114FF40040C1F874
:10F40000080B31E00798069901EBC10100EB810080
:10F4100000F51F7005900598006A0399069A01EBA4
:10F420004211D1F8101B6FF3DF41401A0599486172
:10F43000069898B9FFE70598006940B9FFE7079972
:10F44000086801F2C442012105F0AAFD05E0059912
:10F45000C8684A691044C860FFE7FFE707989DF84D
:10F460001810F8F7FDFAFFE700E0FFE7FFE7FFE716
:10F4700047E0029843F20A11C4F65471884224D13D
:10F48000FFE79DF805000006002809D5FFE703986F
:10F49000069900EB41114FF40040C1F8080B13E04E
:10F4A0009DF804008006002808D5FFE70398069918
:10F4B00000EB41112020C1F8080BFFE707989DF8E9
:10F4C0001810F8F7CDFAFFE71AE0069890B9FFE7B1
:10F4D0000798069901EBC10100EB8100D0F88C027E
:10F4E00040B9FFE70799086801F2C442002105F01E
:10F4F00057FDFFE707989DF81810F8F7B1FAFFE7F6
:10F50000FFE7002008B080BD80B58CB00A9009915B
:10F510000A9800680890089807900A98099901EBE2
:10F52000C10100EB81003C300690069801694069FA
:10F53000884204D9FFE701208DF82F0079E0069971
:10F5400008694969401A05900598069989688842B2
:10F5500004D9FFE7069880680590FFE70598033017
:10F5600080080490FFE70798099900EB4110D0F854
:10F57000180981B2049A0020914202900FD3FFE74C
:10F5800006980269416900209142029007D2FFE784
:10F5900006980069002818BF01200290FFE7029832
:10F5A000C00770B3FFE7069908694969401A0590DA
:10F5B000059806998968884204D9FFE7069880680B
:10F5C0000590FFE705980330800804900898069995
:10F5D000C9689DF82420BDF81430DDF828C09CF8D7
:10F5E0000CC0EE46CEF800C006F0AAFB059A0699BC
:10F5F000C8681044C860059A069948691044486173
:10F60000B1E706990869496988420ED8FFE7099869
:10F6100000F00F01012088400390039A0799D1F868
:10F6200034089043C1F83408FFE700208DF82F001C
:10F63000FFE79DF82F000CB080BD00000000000027
:10F6400082B00190009102B07047000000000000FD
:10F6500086B004908DED030ACDED020A049818B926
:10F66000FFE70020059035E10499086C486404998F
:10F67000C86B086402980499886103980499C8616A
:10F680009DED020A9DED031A30EE410A049880EDCB
:10F690000F0A04984078C007002800F0FC80FFE7BC
:10F6A000049800780146019128B1FFE701980128EC
:10F6B00000F08580EEE0049890ED010A90ED0F1ABD
:10F6C00020EE010A80ED090A049890ED021A90EDEF
:10F6D0000A0A90ED0F2A01EE020A80ED0A0A049947
:10F6E000486B88630499086B4863049890ED0F0A8F
:10F6F00090ED101A30EE410A80ED0C0A049890ED5E
:10F70000030A90ED0C1A20EE010A80ED0B0A049812
:10F7100090ED051A90ED0A0AB4EE410AF1EE10FAE6
:10F7200004DDFFE704994869886215E0049890EDCC
:10F73000051A90ED0A0AB1EE411AB4EE410AF1EE53
:10F7400010FA08DAFFE7049890ED050AB1EE400AD6
:10F7500080ED0A0AFFE7FFE7049890ED090A90EDB3
:10F760000A2A90ED0B1A30EE020A30EE010A80ED03
:10F77000080A049890ED041A90ED080AB4EE410AC4
:10F78000F1EE10FA04DDFFE704990869086215E05C
:10F79000049890ED041A90ED080AB1EE411AB4EE07
:10F7A000410AF1EE10FA08DAFFE7049890ED040A36
:10F7B000B1EE400A80ED080AFFE7FFE76AE004982F
:10F7C00090ED010A90ED0F1A90ED102A31EE421AD9
:10F7D00020EE010A80ED090A049890ED020A90EDEE
:10F7E0000F1A20EE010A80ED0A0A0499486B88631B
:10F7F0000499086B4863049890ED0F0A90ED102A65
:10F8000090ED111A32EE022A30EE420A30EE010A71
:10F8100080ED0C0A049890ED030A90ED0C1A20EE8E
:10F82000010A80ED0B0A049890ED080A90ED091A80
:10F8300090ED0A3A90ED0B2A31EE031A31EE021ADE
:10F8400030EE010A80ED080A049890ED041A90ED5C
:10F85000080AB4EE410AF1EE10FA04DDFFE704995C
:10F860000869086215E0049890ED041A90ED080A02
:10F87000B1EE411AB4EE410AF1EE10FA08DAFFE7F0
:10F88000049890ED040AB1EE400A80ED080AFFE703
:10F89000FFE7FFE71AE0049900200090486404990C
:10F8A00008640499C86304998863049948630499B7
:10F8B00008630499C86204998862049948620499AB
:10F8C0000862049988610499C861FFE70498006A96
:10F8D0000590FFE79DED050A06B0704700000000A7
:10F8E00086B005908DF8131003928DED020ACDEDD0
:10F8F000010A059818B1FFE7039808B9FFE734E05B
:10F9000005984078C00780BBFFE79DF81300059974
:10F910000870039800680599486003984068059945
:10F920008860039880680599C86002980599086105
:10F930000198059948610599002000908863059910
:10F94000486305990863059908620599C862059995
:10F950008862059948620599486405990864059983
:10F96000C863059901204870FFE706B070470000A2
:10F97000EFF30980BFF36F8F154B1A681EF0100F5D
:10F9800008BF20ED108A20E9F04F10602DE9090032
:10F990004FF0500080F31188BFF34F8FBFF36F8F8C
:10F9A0000AF0EAFA4FF0000080F31188BDE8090080
:10F9B00019680868B0E8F04F1EF0100F08BFB0ECEF
:10F9C000108A80F30988BFF36F8F704700BF00BFB4
:10F9D000645900240000000080B586B004900391B3
:10F9E00000208DF8070044F22840C5F602000068A8
:10F9F00000F00300032804D1FFE701208DF8170071
:10FA0000CBE044F20041C5F60201086820F08060B6
:10FA10000860F7F779FE0290FFE744F20040C5F670
:10FA20000200006800F000610020B0EBD16F0CD044
:10FA3000FFE7F7F769FE0299401A032804D3FFE7AE
:10FA400003208DF81700A8E0E7E7FFE744F228411C
:10FA5000C5F60201086820F47C30049A126840EA76
:10FA60000230086004994868D1F808C0CB680A6978
:10FA700001386FF35F204FF60061CFF6FF7101EBA5
:10FA80004C2189B208440021CFF6FF7101EB0341FC
:10FA900001F4FE0108444FF07F4101EB026101F0E7
:10FAA000FE41084444F23841C5F602010860FFE710
:10FAB00044F22C41C5F602010091086820F0C00014
:10FAC000049A526910430860086820F02000049AE4
:10FAD000926910430860086820F01000086044F242
:10FAE0003C42C5F6020210684FF6F8739843049B37
:10FAF000DB6940EAC3001060086840F0100008604D
:10FB0000039848B9FFE744F22C41C5F602010868A2
:10FB100040F40020086016E00398012809D1FFE7AF
:10FB200044F22C41C5F60201086840F480100860D8
:10FB300008E044F22C41C5F60201086840F40010C8
:10FB40000860FFE7FFE744F20041C5F602010868DC
:10FB500040F080600860F7F7D7FD0290FFE744F2BD
:10FB60000040C5F60200006800F000610020B0EB24
:10FB7000D16F0CD1FFE7F7F7C7FD0299401A0328B0
:10FB800004D3FFE703208DF8170006E0E7E7FFE75F
:10FB90009DF807008DF81700FFE79DF8170006B0E5
:10FBA00080BD00000000000080B586B00490039185
:10FBB00000208DF8070044F22840C5F602000068D6
:10FBC00000F00300032804D1FFE701208DF817009F
:10FBD000CBE044F20041C5F60201086820F08050F5
:10FBE0000860F7F791FD0290FFE744F20040C5F688
:10FBF0000200006800F000510020B0EB517F0CD0F3
:10FC0000FFE7F7F781FD0299401A032804D3FFE7C5
:10FC100003208DF81700A8E0E7E7FFE744F228414A
:10FC2000C5F60201086820F07C70049A126840EA68
:10FC30000250086004994868D1F808C0CB680A6986
:10FC400001386FF35F204FF60061CFF6FF7101EBD3
:10FC50004C2189B208440021CFF6FF7101EB03412A
:10FC600001F4FE0108444FF07F4101EB026101F015
:10FC7000FE41084444F24041C5F602010860FFE736
:10FC800044F22C41C5F602010091086820F440605E
:10FC9000049A526910430860086820F40070049ABE
:10FCA000926910430860086820F48070086044F28C
:10FCB0004442C5F6020210684FF6F8739843049B5D
:10FCC000DB6940EAC3001060086840F48070086097
:10FCD000039848B9FFE744F22C41C5F602010868D1
:10FCE00040F48000086016E00398012809D1FFE77E
:10FCF00044F22C41C5F60201086840F40000086097
:10FD000008E044F22C41C5F60201086840F080701A
:10FD10000860FFE7FFE744F20041C5F6020108680A
:10FD200040F080500860F7F7EFFC0290FFE744F2E4
:10FD30000040C5F60200006800F000510020B0EB62
:10FD4000517F0CD1FFE7F7F7DFFC0299401A032837
:10FD500004D3FFE703208DF8170006E0E7E7FFE78D
:10FD60009DF807008DF81700FFE79DF8170006B013
:10FD700080BD00000000000080B582B00190FFE768
:10FD800009F0FEFDFCE700008AB00990099890EDAB
:10FD90000D0A20EE000A8DED080A099890ED0E0A72
:10FDA00020EE000A8DED070A099890ED0F0A20EE6B
:10FDB000000A8DED060A099890ED0C0A90ED0D1AD7
:10FDC00020EE010A8DED050A099890ED0C0A90EDE0
:10FDD0000E1A20EE010A8DED040A099890ED0C0A26
:10FDE00090ED0F1A20EE010A8DED030A099890EDAF
:10FDF0000D0A90ED0E1A20EE010A8DED020A099807
:10FE000090ED0D0A90ED0F1A20EE010A8DED010A1A
:10FE1000099890ED0E0A90ED0F1A20EE010A8DED73
:10FE2000000A9DED070A30EE001AB7EE000A30EE28
:10FE3000411A9DED062A32EE022A31EE421A099845
:10FE400080ED101A9DED021A9DED032A31EE421A43
:10FE500031EE011A099880ED111A9DED011A9DED00
:10FE6000042A31EE021A31EE011A099880ED121AB5
:10FE70009DED021A9DED032A31EE021A31EE011AB0
:10FE8000099880ED131A9DED081A31EE011A30EE33
:10FE9000411A9DED062A32EE022A31EE421A0998E5
:10FEA00080ED141A9DED001A9DED052A31EE421ADF
:10FEB00031EE011A099880ED151A9DED011A9DED9C
:10FEC000042A31EE421A31EE011A099880ED161A11
:10FED0009DED001A9DED052A31EE021A31EE011A50
:10FEE000099880ED171A9DED081A31EE011A30EECF
:10FEF000410A9DED071A31EE011A30EE410A0998C8
:10FF000080ED180A0AB0704780B582B00190009168
:10FF1000019808B9FFE77FE001990878497840EA3D
:10FF200001206FF3DF200099088000990888A0F570
:10FF300080600880019948788978C00840EA4110BB
:10FF40006FF3DF200099488000994888A0F5806011
:10FF5000488001998878CA780979800940EA820046
:10FF600040EA81206FF3DF2000998880009988881B
:10FF7000A0F580608880019908794979400840EAB5
:10FF8000C1106FF3DF200099C8800099C888A0F5E0
:10FF90008060C880019840798009009908720198B2
:10FFA0004079C0F301100099487201998879C979A4
:10FFB00040EA01200099C8810199087A497A40EA0B
:10FFC0000120009908820199887AC97A40EA0120C3
:10FFD000009948820198007B009908750198407B40
:10FFE000009948750198807B0099C8820199087C26
:10FFF000497C40EA01206FF3DF2000994881009995
:020000040801F1
:100000004889A0F580604881F7F77EFB45F6182106
:10001000C2F200410860FFE702B080BD00000000AE
:1000200080B545F28050C2F20040FBF779FB80BDFD
:1000300082B00190019800684069009001980168C1
:10004000886940F00800886101980168886940F07B
:100050001000886101980168086820F001000860BC
:1000600001980168086940F26F3290430861019875
:100070000168886820F440408860019890F8810009
:10008000042815D0FFE79DF80000800600280ED553
:10009000FFE70199D1F8840040F08000C1F88400A6
:1000A00001980168886940F020008861FFE7FFE758
:1000B000019890F88100032815D0FFE79DF8000013
:1000C000400600280ED5FFE70199D1F8840040F0E2
:1000D0000400C1F8840001980168886940F040007C
:1000E0008861FFE7FFE79DF80100800700280ED533
:1000F000FFE70199D1F8840040F00100C1F88400C5
:1001000001980168886940F400708861FFE79DF8F4
:100110000100C00770B1FFE70199D1F8840040F0F9
:100120000800C1F8840001980168886940F4807073
:100130008861FFE701990020A1F862000199A1F808
:100140006A0002B07047000080B582B0019001984B
:10015000806B009000990020A1F86A000099A1F836
:1001600062000099012081F881000098FBF7D4FA21
:1001700002B080BD0000000083B002900298C16B05
:10018000012000EB511001900298C06801300090EE
:1001900000980730C008009000980199484303B0C8
:1001A000704700000000000080B586B0DDF820C078
:1001B000049003918DF80B200193FFE704980068E9
:1001C000406903990840401AB0FA80F040099DF850
:1001D0000B10884214D1FFE7F7F796FA0899401AF6
:1001E0000199884204D3FFE70198013018B9FFE76D
:1001F000019820B9FFE703208DF8170004E0DDE740
:1002000000208DF81700FFE79DF8170006B080BDAD
:10021000074B19680868B0E8F04F80F30988BFF30E
:100220006F8F4FF0000080F31188704700BF00BF50
:10023000645900240000000084B0039003980090EB
:1002400000980078ADF80800009801300090009800
:100250000078ADF80600BDF80610BDF8080040EAC9
:100260000120ADF80A00BDF80A0004B07047000094
:1002700080B582B00190FEF793FFFFE7012008F000
:10028000BBFEFBE70000000083B08DF80B0001917E
:100290008DF8032003B0704780B584B003900291BD
:1002A00003980078029908700398407801460191FC
:1002B000062800F09180FFE70198222800F0BF8017
:1002C000FFE70198432818D0FFE701984C2800F079
:1002D000F380FFE701989A2800F0A080FFE70198DB
:1002E000F32868D0FFE70198FD2800F08680FFE73B
:1002F0000198FE2800F0F18000E1039880781F2823
:1003000058D1FFE70398C078092853D1FFE7039835
:10031000807F6B284DD1FFE703980179407940EA4F
:1003200001200299488003988179C07940EA012030
:10033000029988800398017A407A40EA0120029964
:10034000C8800398807A029908720398D0F80B004D
:1003500000BA0299C8600398C07B02990874039898
:10036000017C407C40EA0120029948820398807C0D
:10037000029908750398D0F8130000BA02998861B1
:100380000398C07D029908770398806900BA0299A2
:1003900008620398007F029981F824000398407F47
:1003A000029981F82500029908784322FFF76CFF33
:1003B000FFE7FFE7A3E00398C0786B280BD1FFE7C6
:1003C00003988078029981F8370002990878F3221F
:1003D000FFF75AFFFFE792E00398C0786B280BD134
:1003E000FFE703988078029981F83800029908782D
:1003F0000622FFF749FFFFE781E00398C0786B28EA
:100400000BD1FFE703988078029981F839000299AF
:100410000878FD22FFF738FFFFE770E00398C07807
:100420006B280BD1FFE703988078029981F83A0096
:10043000029908789A22FFF727FFFFE75FE0039809
:10044000407C6B2837D1FFE703988078029981F8C8
:1004500026000398C078029981F827000398017953
:10046000407940EA0120029908850398D0F80600F7
:1004700000BA0299C8620398817AC07A40EA0120E2
:10048000029908860398017B407B40EA012002998B
:1004900048860398817BC07B40EA012002998886C8
:1004A0000398007C029981F836000299087822228C
:1004B000FFF7EAFEFFE722E00398C0786B280BD134
:1004C000FFE703988078029981F83B000299087849
:1004D0004C22FFF7D9FEFFE711E00398C0786B28A4
:1004E0000BD1FFE703988078029981F83C000299CC
:1004F0000878FE22FFF7C8FEFFE700E0FFE704B040
:1005000080BD00000000000080B582B04FF05000B8
:1005100080F31188BFF36F8FBFF34F8F009009F006
:1005200083FE40B1FFE74EF60451CEF200014FF0DA
:1005300080500860FFE700200190019880F3118847
:1005400002B080BD0000000080B59EB00BA84C2119
:10055000EFF722FF002001900A9009900890079081
:1005600006900590049003900220F8F7D5FBFFE772
:100570000020029044F61800C5F60200016821F43C
:1005800040410160006800F4404002900298FFE79B
:10059000FFE744F61800C5F60200006800F40050BA
:1005A000B0F5005F01D0FFE7F3E721200B904FF497
:1005B00080300C9001201190022114911591169118
:1005C000282117911890042019901A900C201B9044
:1005D00000201C901D900BA8FAF726FB18B1FFE72E
:1005E000F2F7CEF9FFE73F200390032104910020AA
:1005F0000590082006904020079008904FF48062F4
:1006000009920A9003A8F9F7A3FE18B1FFE7F2F7E1
:10061000B7F9FFE71EB080BD4EF68851CEF200015B
:10062000086840F47000086042F20000C5F2002043
:10063000006800F00F0006280AD8FFE742F2000128
:10064000C5F200210868072262F303000860FFE793
:1006500044F20041C5F60201086840F0010008605C
:1006600044F21042C5F602020020106008684EF6FF
:100670007F52CEF6F6221040086042F20000C5F22A
:100680000020006800F00F0008280AD3FFE742F2BC
:100690000001C5F200210868072262F30300086028
:1006A000FFE744F21841C5F602010020086044F259
:1006B0001C41C5F60201086044F22041C5F6020162
:1006C000086044F22842C5F6020240F20021C0F25E
:1006D0000221116044F22C42C5F602020021C0F250
:1006E000FF11116044F23042C5F6020240F280214F
:1006F000C0F20111116044F23442C5F602021060EA
:1007000044F23842C5F60202116044F23C42C5F69A
:100710000202106044F24042C5F60202116044F247
:100720004441C5F60201086044F20042C5F60202E7
:10073000116821F48021116044F26041C5F6020184
:10074000086044F20001C5F2002143F2D2000860C3
:10075000704700000000000080B545F20860C2F25A
:100760000040FBF7F9FF80BD83B002900191029831
:100770000068009002980021C4F20101884225D04F
:10078000FFE70298B0F1804F20D0FFE7029840F2D7
:100790000041C4F20001884218D0FFE7029840F6F9
:1007A0000001C4F20001884210D0FFE7029840F631
:1007B0000041C4F20001884208D0FFE7029840F2ED
:1007C0000041C4F2010188420AD1FFE7009820F0FD
:1007D0007000009001984168009808430090FFE77E
:1007E00002980021C4F2010188424DD0FFE702982F
:1007F000B0F1804F48D0FFE7029840F20041C4F2C8
:100800000001884240D0FFE7029840F60001C4F2A0
:100810000001884238D0FFE7029840F60041C4F258
:100820000001884230D0FFE7029840F20041C4F254
:100830000101884228D0FFE7029844F20001C4F287
:100840000101884220D0FFE7029844F20041C4F23F
:100850000101884218D0FFE7029844F60001C4F273
:100860000101884210D0FFE702984EF20001C4F265
:100870000001884208D0FFE702984EF20041C4F21E
:10088000000188420AD1FFE7009820F440700090F0
:100890000198C168009808430090FFE7009820F095
:1008A0008000019949690843009000980299086006
:1008B000019880680299C86201980068029988626C
:1008C00002980021C4F20101884220D0FFE702987B
:1008D00040F20041C4F20101884218D0FFE70298BB
:1008E00044F20001C4F20101884210D0FFE70298EF
:1008F00044F20041C4F20101884208D0FFE70298A7
:1009000044F60001C4F20101884205D1FFE70198D5
:10091000006902990863FFE702990120486103B06A
:10092000704700000000000085B004900391049916
:10093000086A20F0010008620498006A0190049897
:100940004068009004988069029002984FF68F7179
:10095000CFF6FE7108400290029820F0030002904A
:1009600003980168029808430290019820F0020061
:100970000190039881680198084301900498002130
:10098000C4F20101884220D0FFE7049840F2004100
:10099000C4F20101884218D0FFE7049844F2000134
:1009A000C4F20101884210D0FFE7049844F20041EC
:1009B000C4F20101884208D0FFE7049844F6000120
:1009C000C4F2010188420ED1FFE7019820F008002F
:1009D00001900398C168019808430190019820F0A4
:1009E00004000190FFE704980021C4F2010188424D
:1009F00020D0FFE7049840F20041C4F20101884290
:100A000018D0FFE7049844F20001C4F201018842C3
:100A100010D0FFE7049844F20041C4F2010188427B
:100A200008D0FFE7049844F60001C4F201018842AF
:100A300013D1FFE7009820F480700090009820F414
:100A40000070009003984169009808430090039853
:100A50008169009808430090FFE700980499486076
:100A60000298049988610398406804994863019842
:100A70000499086205B0704785B004900391049909
:100A8000086A20F0100008620498006A0190049837
:100A900040680090049880690290029848F6FF71BF
:100AA000CFF6FF6108400290029820F44070029057
:100AB00003980168029840EA01200290019820F012
:100AC0002000019003988168019840EA011001908C
:100AD00004980021C4F20101884229D0FFE704985C
:100AE00040F20041C4F20101884221D0FFE704989E
:100AF00044F20001C4F20101884203D1FFE7002063
:100B0000B0B9FFE7049844F20041C4F20101884201
:100B100003D1FFE7002058B9FFE7049844F600012D
:100B2000C4F20101884212D1FFE7012078B9FFE742
:100B3000019820F0800001900398C168019840EA74
:100B400001100190019820F040000190FFE7049807
:100B50000021C4F20101884220D0FFE7049840F24E
:100B60000041C4F20101884218D0FFE7049844F222
:100B70000001C4F20101884210D0FFE7049844F25A
:100B80000041C4F20101884208D0FFE7049844F60E
:100B90000001C4F20101884215D1FFE7009820F45A
:100BA00080600090009820F40060009003984169F4
:100BB000009840EA8100009003988169009840EA1B
:100BC00081000090FFE7009804994860029804991A
:100BD00088610398406804998863019804990862C1
:100BE00005B070470000000085B00490039104999F
:100BF000086A20F4807008620498006A01900498E2
:100C0000406800900498C069029002984FF68F7176
:100C1000CFF6FE7108400290029820F00300029087
:100C200003980168029808430290019820F400702C
:100C3000019003988168019840EA0120019004988E
:100C40000021C4F20101884229D0FFE7049840F254
:100C50000041C4F20101884221D0FFE7049844F228
:100C60000001C4F20101884203D1FFE70020B0B9BE
:100C7000FFE7049844F20041C4F20101884203D125
:100C8000FFE7002058B9FFE7049844F60001C4F2DA
:100C90000101884212D1FFE7012078B9FFE70198EE
:100CA00020F4006001900398C168019840EA012097
:100CB0000190019820F480600190FFE704980021E2
:100CC000C4F20101884220D0FFE7049840F20041BD
:100CD000C4F20101884218D0FFE7049844F20001F1
:100CE000C4F20101884210D0FFE7049844F20041A9
:100CF000C4F20101884208D0FFE7049844F60001DD
:100D0000C4F20101884215D1FFE7009820F4805019
:100D10000090009820F400500090039841690098DA
:100D200040EA0110009003988169009840EA0110A0
:100D30000090FFE700980499486002980499C86100
:100D4000039840680499C86301980499086205B043
:100D5000704700000000000085B0049003910499E2
:100D6000086A20F4805008620498006A0190049890
:100D7000406800900498C0690290029848F6FF719C
:100D8000CFF6FF6108400290029820F44070029074
:100D900003980168029840EA01200290019820F42B
:100DA0000050019003988168019840EA0130019059
:100DB00004980021C4F20101884220D0FFE7049882
:100DC00040F20041C4F20101884218D0FFE70498C4
:100DD00044F20001C4F20101884210D0FFE70498F8
:100DE00044F20041C4F20101884208D0FFE70498B0
:100DF00044F60001C4F2010188420BD1FFE70098DC
:100E000020F48040009003984169009840EA8110E6
:100E10000090FFE700980499486002980499C8611F
:100E2000039840680499086401980499086205B021
:100E3000704700000000000085B004900391049901
:100E4000086A20F4803008620498006A01900498CF
:100E5000406800900498406D029002984FF68F71A0
:100E6000CFF6FE710840029003980168029808438B
:100E70000290019820F40030019003988168019855
:100E800040EA0140019004980021C4F20101884227
:100E900020D0FFE7049840F20041C4F201018842EB
:100EA00018D0FFE7049844F20001C4F2010188421F
:100EB00010D0FFE7049844F20041C4F201018842D7
:100EC00008D0FFE7049844F60001C4F2010188420B
:100ED0000BD1FFE7009820F480300090039841691F
:100EE000009840EA01200090FFE7009804994860CC
:100EF00002980499486503984068049988650198A8
:100F00000499086205B0704785B004900391049974
:100F1000086A20F4801008620498006A019004981E
:100F2000406800900498406D0290029848F6FF7166
:100F3000CFF6FF610840029003980168029840EAEA
:100F400001200290019820F400100190039881681C
:100F5000019840EA0150019004980021C4F2010177
:100F6000884220D0FFE7049840F20041C4F201011A
:100F7000884218D0FFE7049844F20001C4F201014E
:100F8000884210D0FFE7049844F20041C4F2010106
:100F9000884208D0FFE7049844F60001C4F201013A
:100FA00088420BD1FFE7009820F48020009003983E
:100FB0004169009840EA81200090FFE70098049979
:100FC0004860029804994865039840680499C86588
:100FD00001980499086205B0704700000000000005
:100FE00080B545F2C870C2F20040FBF7C1FF80BD7A
:100FF00082B001900198406E40B9FFE7019901204D
:10100000A1F86A000199A1F8680032E010208DF87B
:1010100003008DF80200019800688068C0F3426008
:101020008DF80100019800688068400F8DF800007D
:101030009DF802009DF800204AF67433C0F60103C3
:10104000995C48434AF66C31C0F601018A5CB0FBFA
:10105000F2F0019AA2F86A009DF803009DF80120C1
:101060009B5C5843895CB0FBF1F00199A1F86800E2
:10107000FFE702B07047000081B00090009890F840
:101080002800C00758B1FFE700980068406820F4C6
:101090000030009A1168D26A10434860FFE7009858
:1010A00090F82800800700280BD5FFE7009800681B
:1010B000406820F48030009A1168126B1043486039
:1010C000FFE7009890F82800400700280BD5FFE7BD
:1010D00000980068406820F48020009A1168526BE4
:1010E00010434860FFE7009890F8280000070028A8
:1010F0000BD5FFE700980068406820F40040009A94
:101100001168926B10434860FFE7009890F8280040
:10111000C00600280BD5FFE700980068806820F41F
:101120008050009A1168D26B10438860FFE70098E6
:1011300090F82800800600280BD5FFE7009800688B
:10114000806820F40050009A1168126C1043886087
:10115000FFE7009890F82800400600281CD5FFE71C
:1011600000980068406820F48010009A1168526C62
:10117000104348600098406CB0F5801F0BD1FFE72A
:1011800000980068406820F4C000009A1168926CD2
:1011900010434860FFE7FFE7009890F8280000063A
:1011A00000280BD5FFE700980068406820F4002075
:1011B000009A1168D26C10434860FFE701B0704795
:1011C00080B588B0069006990020C1F89000F6F727
:1011D0009BFA0590069800680068000700282FD544
:1011E000FFE70698059B6A466FF07E4111604FF459
:1011F0000011002200F038FE08B3FFE7FFE7FFE729
:101200000698006850E8000F20F080000490FFE787
:1012100004990698026842E800100028F0D1FFE720
:10122000FFE706992020C1F88800FFE70699002013
:1012300081F88400FFE703208DF81F005FE0FFE7DF
:101240000698006800684007002842D5FFE7069826
:10125000059B6A466FF07E4111604FF480010022C9
:1012600000F002FEA0B3FFE7FFE7FFE70698006883
:1012700050E8000F20F490700390FFE70399069860
:10128000026842E800100028F0D1FFE7FFE7FFE71F
:10129000FFE70698006850E8020F20F00100029076
:1012A000FFE702990698026842E802100028F0D190
:1012B000FFE7FFE706992020C1F88C00FFE70699B9
:1012C000002081F88400FFE703208DF81F0016E05E
:1012D000FFE706992020C1F888000699C1F88C0024
:1012E00006990020C86606990867FFE7069900205E
:1012F00081F88400FFE700208DF81F00FFE79DF8CC
:101300001F0008B080BD000080B582B00190019838
:10131000806B009000990020A1F85E000099A1F870
:1013200056000098FBF720FE02B080BD00000000D0
:1013300084B00390FFE7FFE70398006850E8000FD0
:1013400020F490700290FFE702990398026842E847
:1013500000100028F0D1FFE7FFE7FFE7FFE7039861
:10136000006850E8020F4FF6FE71CEF6FF7108409C
:101370000190FFE701990398026842E802100028F3
:10138000EDD1FFE7FFE70398C06E012814D1FFE716
:10139000FFE7FFE70398006850E8000F20F0100017
:1013A0000090FFE700990398026842E800100028C7
:1013B000F0D1FFE7FFE7FFE703992020C1F88C0099
:1013C00003990020C8660399486704B0704700007D
:1013D00080B582B00190FFE7FFE70198006850E810
:1013E000000F20F040000090FFE70099019802688C
:1013F00042E800100028F0D1FFE7FFE70199202024
:10140000C1F888000199002088670198FCF77CFBEF
:1014100002B080BD0000000080B59EB01D9000208D
:101420008DF867001D98006840F60041C5F6000180
:10143000884201D1FFE700E0FFE71D9988680B694A
:101440004A69C9691843104308431C901D980068F5
:10145000006846F6F311CCF6FF7108401C9908436A
:101460001D99096808601D980068406820F4405084
:101470001D9A1168D268104348601D9880691C90BD
:101480001D98006840F60041C5F60001884206D06C
:10149000FFE71D98016A1C9808431C90FFE71D9800
:1014A000006880684FF2FF41C1F2FF1108401C99AB
:1014B00008431D99096888601D980068C06A20F07B
:1014C0000F001D9A1168526A1043C862FFE71D9809
:1014D000006841F20001C4F20101884240F04180FD
:1014E000FFE744F25440C5F60200006800F03800FF
:1014F0000146109128282FD81099DFE801F0152D0A
:101500002D2D2D2D2D2D192D2D2D2D2D2D2D1D2D2F
:101510002D2D2D2D2D2D212D2D2D2D2D2D2D252D0F
:101520002D2D2D2D2D2D290001208DF86D0017E07A
:1015300004208DF86D0013E008208DF86D000FE099
:1015400010208DF86D000BE020208DF86D0007E075
:1015500040208DF86D0003E080208DF86D00FFE7DE
:101560006CE21D98006844F20041C4F20001884218
:101570002ED1FFE744F25440C5F60200006800F0A7
:10158000070001460F9105281DD80F99DFE801F0EB
:1015900003070B0F131700208DF86D0017E00420D0
:1015A0008DF86D0013E008208DF86D000FE010201D
:1015B0008DF86D000BE020208DF86D0007E04020D5
:1015C0008DF86D0003E080208DF86D00FFE734E2B8
:1015D0001D98006844F60001C4F2000188422ED133
:1015E000FFE744F25440C5F60200006800F007002F
:1015F00001460E9105281DD80E99DFE801F003077A
:101600000B0F131700208DF86D0017E004208DF8E4
:101610006D0013E008208DF86D000FE010208DF8AC
:101620006D000BE020208DF86D0007E040208DF864
:101630006D0003E080208DF86D00FFE7FCE11D9850
:10164000006844F60041C4F2000188422ED1FFE751
:1016500044F25440C5F60200006800F0070001465D
:101660000D9105281DD80D99DFE801F003070B0F38
:10167000131700208DF86D0017E004208DF86D0021
:1016800013E008208DF86D000FE010208DF86D003C
:101690000BE020208DF86D0007E040208DF86D00F4
:1016A00003E080208DF86D00FFE7C4E11D9800681D
:1016B00045F20001C4F2000188422ED1FFE744F256
:1016C0005440C5F60200006800F0070001460C9186
:1016D00005281DD80C99DFE801F003070B0F13173D
:1016E00000208DF86D0017E004208DF86D0013E0E8
:1016F00008208DF86D000FE010208DF86D000BE0D4
:1017000020208DF86D0007E040208DF86D0003E08B
:1017100080208DF86D00FFE78CE11D98006841F294
:101720000041C4F20101884240F04180FFE744F2E9
:101730005440C5F60200006800F0380001460B91E5
:1017400028282FD80B99DFE801F0152D2D2D2D2DF0
:101750002D2D192D2D2D2D2D2D2D1D2D2D2D2D2DDD
:101760002D2D212D2D2D2D2D2D2D252D2D2D2D2DBD
:101770002D2D290001208DF86D0017E004208DF833
:101780006D0013E008208DF86D000FE010208DF83B
:101790006D000BE020208DF86D0007E040208DF8F3
:1017A0006D0003E080208DF86D00FFE741E11D989A
:1017B000006847F60001C4F2000188422ED1FFE71D
:1017C00044F25440C5F60200006800F007000146EC
:1017D0000A9105281DD80A99DFE801F003070B0FCD
:1017E000131700208DF86D0017E004208DF86D00B0
:1017F00013E008208DF86D000FE010208DF86D00CB
:101800000BE020208DF86D0007E040208DF86D0082
:1018100003E080208DF86D00FFE709E11D98006866
:1018200047F60041C4F2000188422ED1FFE744F29E
:101830005440C5F60200006800F007000146099117
:1018400005281DD80999DFE801F003070B0F1317CE
:1018500000208DF86D0017E004208DF86D0013E076
:1018600008208DF86D000FE010208DF86D000BE062
:1018700020208DF86D0007E040208DF86D0003E01A
:1018800080208DF86D00FFE7D1E01D98006841F6DB
:101890000001C4F20101884240F04180FFE744F2B8
:1018A0005440C5F60200006800F038000146089177
:1018B00028282FD80899DFE801F0152D2D2D2D2D82
:1018C0002D2D192D2D2D2D2D2D2D1D2D2D2D2D2D6C
:1018D0002D2D212D2D2D2D2D2D2D252D2D2D2D2D4C
:1018E0002D2D290001208DF86D0017E004208DF8C2
:1018F0006D0013E008208DF86D000FE010208DF8CA
:101900006D000BE020208DF86D0007E040208DF881
:101910006D0003E080208DF86D00FFE786E01D98E4
:10192000006841F60041C4F20101884240F0418064
:10193000FFE744F25440C5F60200006800F03800AA
:101940000146079128282FD80799DFE801F0152DC7
:101950002D2D2D2D2D2D192D2D2D2D2D2D2D1D2DDB
:101960002D2D2D2D2D2D212D2D2D2D2D2D2D252DBB
:101970002D2D2D2D2D2D290001208DF86D0017E026
:1019800004208DF86D0013E008208DF86D000FE045
:1019900010208DF86D000BE020208DF86D0007E021
:1019A00040208DF86D0003E080208DF86D00FFE78A
:1019B0003BE01D98006840F60041C5F600018842F2
:1019C0002ED1FFE744F25840C5F60200006800F04F
:1019D00007000146069105281DD80699DFE801F0A9
:1019E00003070B0F131702208DF86D0017E004207A
:1019F0008DF86D0013E008208DF86D000FE01020C9
:101A00008DF86D000BE020208DF86D0007E0402080
:101A10008DF86D0003E080208DF86D00FFE703E096
:101A200080208DF86D00FFE7FFE7FFE7FFE7FFE7A6
:101A3000FFE7FFE7FFE7FFE7FFE7FFE7FFE71D98A7
:101A4000006840F60041C5F60001884240F0B480CD
:101A5000FFE79DF86D0001460591022814D0FFE7CD
:101A60000598042814D0FFE70598082816D0FFE74A
:101A70000598102818D0FFE70598202835D0FFE7F3
:101A80000598402837D03AE0F7F7A6F911903CE0E6
:101A900015A8F7F7B5F91698119036E012A8F7F7E0
:101AA00007FB1398119030E044F20040C5F60200A5
:101AB000006800F020010020B0EB511F0ED0FFE7BE
:101AC00044F20040C5F602000068C0F3C10149F2CB
:101AD0000000C0F2D030C840119005E049F200008B
:101AE000C0F2D0301190FFE70FE040F60010C0F2D6
:101AF0003D00119009E04FF40040119005E00020F6
:101B0000119001208DF86700FFE71198002852D04E
:101B1000FFE711981D994A6A4AF67C31C0F6010127
:101B200031F81210B0FBF1F0189018981D9949681F
:101B300001EB4101884207D3FFE718981D994968D6
:101B4000B0EB013F04D9FFE701208DF8670031E0D9
:101B500011981D994A6803924A6A4AF67C31C0F688
:101B6000010131F81220002304931946EEF7CAFB55
:101B7000039A049B090241EA1061000210EB520033
:101B800041F10001EEF7BEFB1A901A98B0F5407FC4
:101B90000BD3FFE71A990020B0EB115F05D1FFE7E7
:101BA0001A981D990968C86003E001208DF8670044
:101BB000FFE7FFE7FFE746E11D98C069B0F5004F7A
:101BC00040F0A880FFE79DF86D0001460291402893
:101BD00000F263800299DFE801F02125606029604E
:101BE00060602F6060606060606035606060606051
:101BF00060606060606060606060566060606060EF
:101C000060606060606060606060606060606060D4
:101C1000606060606060606060605C00F8F754FE67
:101C2000119040E0F8F764FE11903CE015A8F7F73A
:101C3000E7F81698119036E012A8F7F739FA1398DA
:101C4000119030E044F20040C5F60200006800F058
:101C500020010020B0EB511F0ED0FFE744F20040FE
:101C6000C5F602000068C0F3C10149F20000C0F2ED
:101C7000D030C840119005E049F20000C0F2D030E9
:101C80001190FFE70FE040F60010C0F23D00119008
:101C900009E04FF40040119005E000201190012070
:101CA0008DF86700FFE7119898B3FFE711981D9A28
:101CB0005168536A4AF67C32C0F6010232F81320AA
:101CC000B0FBF2F0400000EB5100B0FBF1F01A90D5
:101CD0001A98102818D3FFE7BDF86A00A0B9FFE7EB
:101CE0001A9820F00F00ADF86E001A9800F00E015F
:101CF000BDF86E0040EA5100ADF86E00BDF86E0010
:101D00001D990968C86003E001208DF86700FFE7AE
:101D1000FFE797E09DF86D0001460191402800F231
:101D200063800199DFE801F021256060296060602F
:101D30002F606060606060603560606060606060FF
:101D4000606060606060606056606060606060609D
:101D50006060606060606060606060606060606083
:101D600060606060606060605C00F8F7ADFD1190DD
:101D700040E0F8F7BDFD11903CE015A8F7F740F8FA
:101D80001698119036E012A8F7F792F9139811906F
:101D900030E044F20040C5F60200006800F0200187
:101DA0000020B0EB511F0ED0FFE744F20040C5F613
:101DB00002000068C0F3C10149F20000C0F2D03057
:101DC000C840119005E049F20000C0F2D0301190F7
:101DD000FFE70FE040F60010C0F23D00119009E06F
:101DE0004FF40040119005E00020119001208DF883
:101DF0006700FFE7119820B3FFE711981D9A51681B
:101E0000536A4AF67C32C0F6010232F81320B0FB66
:101E1000F2F000EB5100B0FBF1F01A901A98102884
:101E20000AD3FFE7BDF86A0030B9FFE7BDF86800E4
:101E30001D990968C86003E001208DF86700FFE77D
:101E4000FFE7FFE7FFE71D990120A1F86A001D9950
:101E5000A1F868001D99002048671D9988679DF8C2
:101E600067001EB080BD000080B586B0DDF820C0E0
:101E7000049003918DF80B200193FFE7049800680C
:101E8000C06903990840401AB0FA80F040099DF8F3
:101E90000B1088425ED1FFE708980130002858D027
:101EA000FFE7F5F731FC0199401A0899884203D8F9
:101EB000FFE7089820B9FFE703208DF817004DE0F1
:101EC0000498006800684007002841D5FFE704989F
:101ED0000068C06900F008010120B0EBD10F16D1F5
:101EE000FFE7049801680820009008620498FFF753
:101EF0001FFA00980499C1F89000FFE704990020A8
:101F000081F88400FFE701208DF8170026E004988F
:101F10000068C06900F400610120B0EBD12F16D138
:101F2000FFE7049801684FF4006008620498FFF727
:101F3000FFF904992020C1F89000FFE704990020E0
:101F400081F88400FFE703208DF8170006E0FFE723
:101F5000FFE793E700208DF81700FFE79DF81700D3
:101F600006B080BD0000000080B545F2A060C2F25E
:101F70000040FAF7FDFF80BD80B545F23470C2F233
:101F80000040FAF7F5FF80BD84B003900291019202
:101F9000009303990120C866009840000399A1F8B6
:101FA0005C0003980168886840F0400088600398EE
:101FB0000168086840F010000860FFE70398D0F857
:101FC000800000681021C4F20201884200F0A28063
:101FD000FFE70398D0F8800000682821C4F20201CE
:101FE000884200F09780FFE70398D0F880000068EF
:101FF0004021C4F20201884200F08C80FFE7039880
:10200000D0F8800000685821C4F20201884200F034
:102010008180FFE70398D0F8800000687021C4F247
:102020000201884276D0FFE70398D0F8800000686C
:102030008821C4F2020188426CD0FFE70398D0F8EF
:1020400080000068A021C4F20201884262D0FFE74C
:102050000398D0F880000068B821C4F202018842D9
:1020600058D0FFE70398D0F88000006840F2104194
:10207000C4F2020188424DD0FFE70398D0F88000F7
:10208000006840F22841C4F20201884242D0FFE7D2
:102090000398D0F88000006840F24041C4F2020189
:1020A000884237D0FFE70398D0F88000006840F2FC
:1020B0005841C4F2020188422CD0FFE70398D0F8BF
:1020C0008000006840F27041C4F20201884221D0D1
:1020D000FFE70398D0F88000006840F28841C4F21E
:1020E0000201884216D0FFE70398D0F8800000680C
:1020F00040F2A041C4F2020188420BD0FFE70398EE
:10210000D0F88000006840F2B841C4F20201884271
:1021100009D1FFE70398D0F880000168086820F033
:102120000100086008E00398D0F8800001680868A2
:1021300020F001000860FFE7FFE70398D0F8800077
:1021400000680068C00700287FF438AFFFE70399F4
:102150000868D1F8801024300968886002980399D3
:10216000D1F880100968C86001980399D1F88010EF
:102170000968086100980399D1F8801009684860DF
:102180000398D0F880000168086840F48020086057
:102190000398D0F8800000681021C4F20201884240
:1021A00000F0A280FFE70398D0F8800000682821A3
:1021B000C4F20201884200F09780FFE70398D0F84C
:1021C000800000684021C4F20201884200F08C8047
:1021D000FFE70398D0F8800000685821C4F202019C
:1021E000884200F08180FFE70398D0F88000006803
:1021F0007021C4F20201884276D0FFE70398D0F83C
:10220000800000688821C4F2020188426CD0FFE798
:102210000398D0F880000068A021C4F2020188422F
:1022200062D0FFE70398D0F880000068B821C4F2BC
:102230000201884258D0FFE70398D0F88000006878
:1022400040F21041C4F2020188424DD0FFE70398EA
:10225000D0F88000006840F22841C4F202018842B0
:1022600042D0FFE70398D0F88000006840F2404178
:10227000C4F20201884237D0FFE70398D0F880000B
:10228000006840F25841C4F2020188422CD0FFE7B6
:102290000398D0F88000006840F27041C4F2020157
:1022A000884221D0FFE70398D0F88000006840F210
:1022B0008841C4F20201884216D0FFE70398D0F8A3
:1022C0008000006840F2A041C4F2020188420BD0B5
:1022D000FFE70398D0F88000006840F2B841C4F2EC
:1022E0000201884209D1FFE70398D0F88000016815
:1022F000086840F00100086008E00398D0F880000A
:102300000168086840F001000860FFE704B070470A
:1023100080B586B004908DF80F100498D0F8C802EC
:1023200001900498D0F8D41200EB8100D0F8C002DC
:1023300020B9FFE703208DF817005FE00498D0F87C
:10234000D41200EB8100D0F8C002029004989DF8EE
:102350000F1001F00F0101EB810100EB810080699A
:1023600040B3FFE704989DF80F1001F00F0101EB57
:10237000810200EB82008269019801EBC10100EB50
:102380008100416CB2FBF1F000FB112090B9FFE736
:1023900004989DF80F1001F00F0101EB810100EB93
:1023A00081000023836104989DF80F101A4601F004
:1023B000ABFD1FE002990020C1F814020498D0F888
:1023C000D41200EB8100D0F8C402006988B1FFE7A5
:1023D0000498D0F8D41200EB8100D0F8C40203694D
:1023E0000299D1F8080201F504719DF80F20984771
:1023F000FFE7FFE700208DF81700FFE79DF81700C3
:1024000006B080BD0000000080B584B002908DF859
:1024100007100298D0F8D41200EB8100D0F8C00267
:1024200000900298D0F8D41200EB8100D0F8C002DE
:1024300020B9FFE703208DF80F0019E002989DF8FE
:10244000071001F0D1FA0099C1F80C020298D0F8F7
:10245000D41200EB8100D0F8C402C2680099D1F810
:10246000040201F50371904700208DF80F00FFE78B
:102470009DF80F0004B080BD80B586B005908DF842
:102480001310059841F2B151C2F200410091097850
:1024900001F0BEF800990598097801F00F0101EBF1
:1024A000810100EB8101002003908884059841F2AE
:1024B000B251C2F200410191097801F0A9F8019AE4
:1024C00003980599127802F00F0202EB820201EBE9
:1024D0008201A1F86401059841F2B051C2F20041B5
:1024E0000291097801F094F8029A039805991378FB
:1024F00003F00F0303EB830301EB83018884059949
:10250000127802F00F0202EB820201EB8201C88412
:102510000598D0F8D41200EB8100D0F8C002F0B1D9
:10252000FFE70598D0F8D41200EB8100D0F8C40280
:10253000406880470598D0F8D41200EB8100D0F8AD
:10254000C00202F08DF90598D0F8D41200EB810199
:102550000020C1F8C0020599C1F8BC02FFE70020C5
:1025600006B080BD0000000080B584B002900298E3
:10257000D0F8D41200EB8100D0F8C002019001988D
:1025800020B9FFE703208DF80F0025E00298D0F86E
:10259000D41200EB8100D0F8C402C8B1FFE7019863
:1025A00090F80002FF2813D0FFE70298D0F8D41269
:1025B00000EB8100D0F8C4028368019991F8000211
:1025C00091F8012298470199FF2081F80002FFE766
:1025D00000208DF80F00FFE79DF80F0004B080BDCC
:1025E00081B0009000990A20088042F6C820C2F20B
:1025F000004001B07047000080B586B0059042F6FB
:102600008420C2F200400190822100F0D5FD0146F5
:1026100001980491012100F0CFFD0146019803913A
:10262000812100F0C9FD0290049820B1FFE70499D0
:1026300010208871FFE7039820B1FFE7039940203D
:102640008880FFE7029820B1FFE702994020888048
:10265000FFE705994320088042F68420C2F200403B
:1026600006B080BD0000000080B586B0059042F63F
:102670008420C2F200400190822100F09DFD0146BD
:1026800001980491012100F097FD01460198039102
:10269000812100F091FD0290049820B1FFE7049998
:1026A00010208871FFE7039828B1FFE703994FF4E2
:1026B00000708880FFE7029828B1FFE702994FF485
:1026C00000708880FFE705994320088042F6842047
:1026D000C2F2004006B080BD80B586B0059042F6DB
:1026E0008420C2F200400190822100F065FD014685
:1026F00001980491012100F05FFD014601980391CA
:10270000812100F059FD0290049820B1FFE704995F
:1027100010208871FFE7039820B1FFE7039940205C
:102720008880FFE7029820B1FFE702994020888067
:10273000FFE705994320088042F68420C2F200405A
:1027400006B080BD0000000080B590B00E908DF8FE
:1027500037104FF4077002F087F80C900C9860B9AE
:10276000FFE70E98D0F8D41200EB81010020C1F8E9
:10277000C00202208DF83F00F0E00C984FF4077182
:10278000EDF70AFE0C980E99D1F8D42201EB8201E4
:10279000C1F8C0020E99D1F8D40201EB8000D0F844
:1027A000C002C1F8BC020E98007C002840D1FFE7AF
:1027B0000E9841F2B151C2F200410791097802220C
:1027C00008924FF40073099301F002FA0799089AEE
:1027D000099B0E98097801F00F0101EB810100EBD4
:1027E000810101200B9088840E9841F2B251C2F20F
:1027F00000410A91097801F0EBF90A9A0B980E99B9
:10280000127802F00F0202EB820201EB8201A1F8C2
:1028100064010E9841F2B051C2F20041097801F012
:102820000F0101EB810100EB81011020C8843EE023
:102830000E9841F2B151C2F2004102910978022290
:1028400003924023049301F0C3F90299039A049B75
:102850000E98097801F00F0101EB810100EB810175
:102860000120069088840E9841F2B251C2F20041D4
:102870000591097801F0ACF9059A06980E9912783D
:1028800002F00F0202EB820201EB8201A1F8640167
:102890000E9841F2B051C2F20041097801F00F01E7
:1028A00001EB810100EB81011020C884FFE70E9845
:1028B00041F2B051C2F2004100910978032208238D
:1028C00001F086F900990E98097801F00F0101EBEB
:1028D000810100EB8101012088840C990020019086
:1028E000C1F804020E98D0F8D41200EB8100D0F8A1
:1028F000C4020068804701980C99C1F814020C9931
:10290000C1F818020C98D0F8040220B9FFE70220A1
:102910008DF83F0022E00E98007C70B9FFE70E981A
:1029200041F2B251C2F2004109780C9AD2F8042265
:102930004FF4007301F074F90CE00E9841F2B251BB
:10294000C2F2004109780C9AD2F80422402301F027
:1029500067F9FFE700208DF83F00FFE79DF83F0093
:1029600010B080BD0000000080B584B002900298D5
:10297000D0F8D41200EB8100D0F8C0020190029888
:10298000D0F8D41200EB8100D0F8C00220B9FFE7E4
:1029900003208DF80F0022E00298007C70B9FFE759
:1029A000029841F2B251C2F200410978019AD2F87C
:1029B00004224FF4007301F033F90CE0029841F265
:1029C000B251C2F200410978019AD2F804224023A0
:1029D00001F026F9FFE700208DF80F00FFE79DF8D2
:1029E0000F0004B080BD000083B0019000910098FA
:1029F00020B9FFE703208DF80B000BE00098019948
:102A0000D1F8D42201EB8201C1F8C40200208DF874
:102A10000B00FFE79DF80B0003B0704700000000BB
:102A200084B0029001910298D0F8D41200EB81009A
:102A3000D0F8C0020090009820B9FFE703208DF87D
:102A40000F0007E001980099C1F8040200208DF8FA
:102A50000F00FFE79DF80F0004B070470000000072
:102A600085B00390029101920398D0F8D41200EB44
:102A70008100D0F8C0020090009820B9FFE7032041
:102A80008DF813000BE002980099C1F80802019834
:102A90000099C1F8100200208DF81300FFE79DF89F
:102AA000130005B07047000080B58AB00890079108
:102AB0000898D0F8D41200EB8100D0F8C00206903C
:102AC00000208DF81500ADF812008DF81100069861
:102AD00020B9FFE703208DF82700C7E007980078AA
:102AE00000F060000146039100285ED0FFE70398E4
:102AF000202840F0AE80FFE70798C088002846D025
:102B0000FFE7079800780006002823D5FFE708981C
:102B1000D0F8D41200EB8100D0F8C4028368079A81
:102B200050780699D28898470798C088082803D318
:102B3000FFE70720029003E00798C0880290FFE7B4
:102B40000298ADF8160008980699BDF8162000F016
:102B50003FF91BE007984078069981F80002079832
:102B6000C0883F2804D8FFE70798C088019002E09A
:102B700040200190FFE70198069981F8010208982A
:102B8000069991F8012200F0F3F8FFE70CE00898AD
:102B9000D0F8D41200EB8100D0F8C4028368079902
:102BA000487800229847FFE75BE0079840780146A5
:102BB00000910B2844D80099DFE801F00641424219
:102BC0004242424242421C32089890F89C0203283A
:102BD00007D1FFE708980DF11201022200F0F8F882
:102BE00007E00898079900F0B3F803208DF811006A
:102BF000FFE72DE0089890F89C02032807D1FFE733
:102C000008980DF11501012200F0E2F807E008989C
:102C1000079900F09DF803208DF81100FFE717E0F9
:102C2000089890F89C02032808D0FFE708980799B5
:102C300000F08EF803208DF81100FFE708E007E0B0
:102C40000898079900F084F803208DF81100FFE739
:102C500007E00898079900F07BF803208DF8110031
:102C6000FFE79DF811008DF82700FFE79DF827008A
:102C70000AB080BD0000000080B582B001908DF8E0
:102C8000031000208DF802000198D0F8B8124A68AD
:102C90009DF80310904720B1FFE703208DF8020054
:102CA000FFE79DF8020002B080BD000000000000B8
:102CB00080B582B001900091019890F89C02013893
:102CC00002280ED8FFE700984088012808D1FFE7C6
:102CD00001990020C1F8A402019800F095F8FFE7DF
:102CE00004E00198009900F033F8FFE702B080BDDE
:102CF00082B001908DF80310002002B070470000F0
:102D000082B001908DF80310002002B070470000DF
:102D100080B584B00390029101920398029A019BBE
:102D20000021009100F07CFF009804B080BD0000FD
:102D300080B584B00390029101920398029A019B9E
:102D40000021009101F0E0F8009804B080BD00007F
:102D500080B582B0019000910198802101F080F847
:102D60000198002101F07CF802B080BD0000000055
:102D700080B584B003900291019203990320C1F8B9
:102D8000940201980399C1F8580101980399C1F878
:102D90005C010398029A019B0021009100F040FF22
:102DA000009804B080BD000080B582B00190019908
:102DB0000520C1F8940201980023009319461A4691
:102DC00000F02EFF009802B080BD0000000000005F
:102DD00080B584B003900291019203990220C1F85A
:102DE000940201980399886101980399C861039836
:102DF000029A019B0021009101F086F8009804B02E
:102E000080BD00000000000080B582B001900199F3
:102E10000420C1F8940201980023009319461A4631
:102E200001F072F8009802B080BD000000000000C0
:102E300080B584B0039002910298C088012805D023
:102E4000FFE703980299FFF783FF21E0039890F8CA
:102E50009C12481E0191022804D3FFE70198032821
:102E60000AD00FE0039900208860039800F1080160
:102E70000122FFF7ADFF0AE00398011D0122FFF7D1
:102E8000A7FF04E003980299FFF762FFFFE7FFE75F
:102E900004B080BD0000000080B588B007900691A6
:102EA0000020ADF8160004908DF80F000698C07849
:102EB0000138014602910E2800F241810299DFE8B3
:102EC00011F02A00340051003E013E010B012301A4
:102ED0003E013E013E013E013E013E013E010F002A
:102EE0000798D0F8B402C06950B1FFE70798D0F84E
:102EF000B412CA69007C0DF116019047049009E0F4
:102F000007980699FFF724FF9DF80F0001308DF810
:102F10000F00FFE71DE10798D0F8B4120A68007CA3
:102F20000DF116019047049013E10798007C60B9F9
:102F3000FFE70798D0F8B802816A0DF116008847BC
:102F400004900499022048700BE00798D0F8B8026A
:102F5000C16A0DF116008847049004990220487058
:102F6000FFE7F6E00698807801460191052800F217
:102F7000A8800199DFE801F0031E39546F8A079891
:102F8000D0F8B402406850B1FFE70798D0F8B41207
:102F90004A68007C0DF116019047049009E00798FB
:102FA0000699FFF7D5FE9DF80F0001308DF80F0050
:102FB000FFE790E00798D0F8B402806850B1FFE7CF
:102FC0000798D0F8B4128A68007C0DF1160190477A
:102FD000049009E007980699FFF7BAFE9DF80F00E4
:102FE00001308DF80F00FFE775E00798D0F8B402C4
:102FF000C06850B1FFE70798D0F8B412CA68007CE7
:103000000DF116019047049009E007980699FFF723
:103010009FFE9DF80F0001308DF80F00FFE75AE08A
:103020000798D0F8B402006950B1FFE70798D0F8CC
:10303000B4120A69007C0DF116019047049009E072
:1030400007980699FFF784FE9DF80F0001308DF870
:103050000F00FFE73FE00798D0F8B402406950B195
:10306000FFE70798D0F8B4124A69007C0DF1160109
:103070009047049009E007980699FFF769FE9DF8CC
:103080000F0001308DF80F00FFE724E00798D0F81B
:10309000B402806950B1FFE70798D0F8B4128A698A
:1030A000007C0DF116019047049009E007980699FD
:1030B000FFF74EFE9DF80F0001308DF80F00FFE77F
:1030C00009E007980699FFF743FE9DF80F000130CD
:1030D0008DF80F00FFE73CE00798007C48B9FFE758
:1030E0000798D0F8B802416B0DF11600884704909C
:1030F00009E007980699FFF72BFE9DF80F000130B5
:103100008DF80F00FFE724E00798007C60B9FFE727
:103110000798D0F8B802016B0DF1160088470490AB
:1031200004990720487009E007980699FFF710FEF8
:103130009DF80F0001308DF80F00FFE709E00798B8
:103140000699FFF705FE9DF80F0001308DF80F007E
:10315000FFE79DF80F0008B1FFE72AE00698C08856
:1031600018B3FFE7BDF81600C8B1FFE7BDF81600B9
:103170000699C988884204DAFFE7BDF81600009076
:1031800003E00698C0880090FFE70098ADF81600AD
:1031900007980499BDF81620FFF71AFE04E0079877
:1031A0000699FFF7D5FDFFE703E00798FFF72CFE30
:1031B000FFE708B080BD000080B586B005908DF8AF
:1031C0001310059803900598029000200190029931
:1031D00048880978884227DDFFE702980078ADF833
:1031E0000200FFE7BDF802000299498888421ADA16
:1031F000FFE703980DF1020100F036F80390039801
:10320000407805280ED1FFE7039801900198807857
:103210009DF81310884201D1FFE704E000200190DF
:10322000FFE7FFE7DEE7FFE7019806B080BD00009B
:1032300083B0029000208DF8070002980090FFE70D
:103240000098007848B1FFE79DF8070001308DF83D
:103250000700009801300090F2E79DF8070003B0E6
:10326000704700000000000083B0029001910298B6
:10327000009000980278019908881044088002980C
:103280000099097808440090009803B07047000046
:1032900080B582B001900091019890F89C020138AD
:1032A00002281FD8FFE70098C088022805D0FFE752
:1032B00001980099FFF74CFD19E001990120C860C1
:1032C0000198D0F8A40230B1FFE70199C86840F036
:1032D0000200C860FFE7019800F10C010222FFF72D
:1032E00077FD04E001980099FFF732FDFFE702B097
:1032F00080BD00000000000080B586B005900491FC
:10330000039200208DF80B00059808B9FFE73DE017
:10331000059801900198FFF78BFF0146022000EB12
:103320004100039908800398007804999DF80B20C8
:1033300088549DF80B0001308DF80B0004999DF81E
:103340000B20032088549DF80B0001308DF80B00F2
:10335000FFE701980078C8B1FFE701980078049969
:103360009DF80B2088540198013001909DF80B00C6
:1033700001308DF80B0004999DF80B200020885433
:103380009DF80B0001308DF80B00E2E706B080BD20
:1033900082B08DF8070000208DF806009DF8070028
:1033A00001460091032814D80099DFE801F00206D5
:1033B0000A0E00208DF806000FE003208DF80600AD
:1033C0000BE001208DF8060007E003208DF80600D1
:1033D00003E003208DF80600FFE79DF8060002B029
:1033E000704700000000000080B582B08DF8070033
:1033F00000919DF8070060B9FFE7009A4BF2E930B1
:10340000C0F6010043F25031C2F20041FFF774FFF1
:103410000BE0009A4BF2E930C0F6010043F2503164
:10342000C2F20041FFF768FFFFE743F25030C2F2FB
:10343000004002B080BD000082B08DF8070000910E
:1034400000991220088042F6D420C2F2004002B057
:10345000704700000000000080B582B08DF80700C2
:1034600000919DF8070060B9FFE7009A4BF2DB304E
:10347000C0F6010043F25031C2F20041FFF73CFFB9
:103480000BE0009A4BF2DB30C0F6010043F2503102
:10349000C2F20041FFF730FFFFE743F25030C2F2C3
:1034A000004002B080BD000082B08DF8070000919E
:1034B00000990420088042F6FC20C2F2004002B0CD
:1034C000704700000000000080B584B08DF80F0048
:1034D0000291029A4BF2F430C0F6010043F25031EF
:1034E000C2F200410191FFF707FF019804B080BDCF
:1034F00080B582B08DF8070000919DF8070060B993
:10350000FFE7009A4BF20740C0F6010043F250314A
:10351000C2F20041FFF7F0FE0BE0009A4BF20740C9
:10352000C0F6010043F25031C2F20041FFF7E4FE61
:10353000FFE743F25030C2F2004002B080BD00000D
:1035400080B582B08DF80700009100991A2008809C
:10355000EFF732FE42F60030C2F2004002B080BD0A
:1035600080B584B0029001918DF80320029820B9B3
:10357000FFE703208DF80F0023E002990020C1F837
:10358000B8020299C1F8C4020299C1F8D0020198A8
:1035900028B1FFE701980299C1F8B402FFE7029948
:1035A000012081F89C029DF803000299087002989E
:1035B00000F02AFA8DF802009DF802008DF80F0045
:1035C000FFE79DF80F0004B080BD00000000000080
:1035D00080B582B001908DF8031000208DF80200B4
:1035E0008DF801000198D0F8C8029DF80310F4F797
:1035F000DBFA8DF802009DF80200FFF7C9FE8DF896
:1036000001009DF8010002B080BD00000000000034
:1036100080B582B001908DF8031000208DF8020073
:103620008DF801000198D0F8C8029DF80310F4F756
:1036300067FA8DF802009DF80200FFF7A9FE8DF8E9
:1036400001009DF8010002B080BD000000000000F4
:1036500080B588B006908DF8171004929DF8170079
:10366000002874D1FFE70698143003900698D0F82C
:10367000940202285DD1FFE703998868C9688842EF
:1036800012D9FFE703998868CA68801A886006988B
:103690000499039A9268FFF74BFB0698002319469A
:1036A0001A4600F0BDFA43E003988168C06888427A
:1036B0001ED1FFE703994868C968884218D3FFE71D
:1036C000039840680699D1F89812884210D2FFE713
:1036D0000698002201921146FFF72AFB019B0698EB
:1036E000C0F89832069819461A4600F099FA1EE07A
:1036F000069890F89C02032811D1FFE70698D0F8AD
:10370000B802C06850B1FFE706990020C1F8D402A2
:103710000698D0F8B812C9688847FFE7FFE706980F
:10372000802100F09DFB0698FFF73EFBFFE7FFE7D7
:10373000FFE7069890F8A00240B1FFE7069800F076
:1037400077FC0699002081F8A002FFE740E0069888
:103750009DF8171041F08001FFF7CAFA8DF80A00B2
:103760009DF80A00FF2832D0FFE79DF80A0070BBE1
:10377000FFE7069890F89C02032827D1FFE70698F8
:103780009DF80A1000EB8100D0F8B8024069E0B162
:10379000FFE79DF80A000699C1F8D40206989DF843
:1037A0000A1000EB8101D1F8B8124A699DF8171090
:1037B00090478DF80B009DF80B0028B1FFE79DF8AE
:1037C0000B008DF81F0007E0FFE7FFE7FFE7FFE7CB
:1037D00000208DF81F00FFE79DF81F0008B080BD96
:1037E00080B58AB008908DF81F10069200208DF8E1
:1037F00013009DF81F00002840F08280FFE7089822
:1038000000F5AA7005900898D0F89402032876D1A4
:10381000FFE705998868C96888421DD9FFE70599BF
:103820008868CA68801A8860089802900698039091
:1038300005998868C968884204D2FFE705988068BE
:10384000019003E00598C0680190FFE70399029892
:10385000019AFFF75DFA51E0089890F8AA0200F08B
:103860001F000146009140B1FFE70098012808D0F1
:10387000FFE7009802280CD013E000208DF812001A
:1038800013E0089890F8AE12FFF73AFA8DF812009C
:103890000BE0089890F8AE12FFF72AFA8DF81200A4
:1038A00003E000208DF81200FFE79DF8120008BB2E
:1038B000FFE7089890F89C0203281AD1FFE70898C0
:1038C0009DF8121000EB8100D0F8B802006978B1C1
:1038D000FFE79DF812000899C1F8D40208989DF8F6
:1038E000121000EB8101D1F8B81209698847FFE78F
:1038F000FFE7FFE70898FFF787FAFFE7FFE740E0F9
:1039000008989DF81F1001F07F01FFF7F1F98DF87D
:1039100012009DF81200FF2832D0FFE79DF8120038
:1039200070BBFFE7089890F89C0203281ED1FFE7C0
:1039300008989DF8121000EB8100D0F8B802806959
:1039400098B1FFE79DF812000899C1F8D4020898D1
:103950009DF8121000EB8101D1F8B8128A699DF828
:103960001F1090478DF81300FFE7FFE79DF8130045
:1039700028B1FFE79DF813008DF8270005E0FFE769
:10398000FFE700208DF82700FFE79DF827000AB029
:1039900080BD00000000000081B00090002001B058
:1039A000704700000000000080B582B00190002048
:1039B0008DF803000199012081F89C020198D0F84C
:1039C000B80268B1FFE70198D0F8B8124A680179E7
:1039D000904720B1FFE703208DF80300FFE7FFE7E2
:1039E0009DF8030002B080BD80B582B001908DF8D3
:1039F00003100198D0F8C8029DF80310F4F738F9C5
:103A000002B080BD0000000080B584B00390039830
:103A10000078012838D1FFE7039945F27400C2F21B
:103A200000400290C0F808150399C1F8C8020021AF
:103A3000C4F20401016009214160022202610021F7
:103A4000C1608261C16101624162C162016341631F
:103A5000F4F7E2FE18B1FFE7EEF792FFFFE745F259
:103A60007400C2F2004001904FF40071F3F77CFF44
:103A7000019800218022F3F783FF019801214FF480
:103A8000BA72F3F77DFFFFE7002004B080BD0000AD
:103A900084B002908DF807100298D0F8C802009008
:103AA0009DF80700000600280ED5FFE700989DF856
:103AB000071001F07F0101EBC10100EB810090F8DC
:103AC0003E008DF80F000DE000989DF8071001F002
:103AD0007F0101EBC10100EB810090F87E028DF8BF
:103AE0000F00FFE79DF80F0004B0704700000000D2
:103AF00080B584B002908DF807100298D0F8D412E7
:103B000000EB8100D0F8B80220B9FFE703208DF860
:103B10000F0020E0029890F89C02032817D1FFE7DD
:103B20000298D0F8D41200EB8100D0F8B802006AF5
:103B300060B1FFE70298D0F8D41200EB8101D1F810
:103B4000B8120A6A9DF807109047FFE7FFE70020C8
:103B50008DF80F00FFE79DF80F0004B080BD000056
:103B600080B584B002908DF807100298D0F8D41276
:103B700000EB8100D0F8B80220B9FFE703208DF8F0
:103B80000F0020E0029890F89C02032817D1FFE76D
:103B90000298D0F8D41200EB8100D0F8B802406A45
:103BA00060B1FFE70298D0F8D41200EB8101D1F8A0
:103BB000B8124A6A9DF807109047FFE7FFE7002018
:103BC0008DF80F00FFE79DF80F0004B080BD0000E6
:103BD00080B584B003908DF80B108DF80A20ADF8F5
:103BE000083000208DF807008DF806000398D0F803
:103BF000C8029DF80B10BDF808209DF80A30F4F7B4
:103C00004BF88DF807009DF80700FFF7C1FB8DF812
:103C100006009DF8060004B080BD00000000000012
:103C200080B586B005908DF81310039202930020A2
:103C30008DF807008DF806000598D0F8C8029DF8A9
:103C40001310039A029BF4F79FF88DF807009DF874
:103C50000700FFF79DFB8DF806009DF8060006B0F3
:103C600080BD00000000000080B586B005900020F7
:103C70008DF81300059A012182F89C120599C1F86C
:103C80009402059948600599C1F8A402059981F844
:103C9000A0020598D0F8B802A0B1FFE70598D0F8C7
:103CA000B802406868B1FFE70598D0F8B8124A68D2
:103CB0000179904720B1FFE703208DF81300FFE75B
:103CC000FFE7FFE705980022019240230393114686
:103CD000FFF77EFF019A039B059901200290A1F84E
:103CE00064010598C0F8603105988021FFF770FFE6
:103CF00002990398059A9184059908629DF813002A
:103D000006B080BD0000000081B00090009890F8DF
:103D10009C02042807D1FFE7009890F89D020099C3
:103D200081F89C02FFE7002001B07047000000000E
:103D300080B582B00190019890F89C02032813D1BD
:103D4000FFE70198D0F8B80268B1FFE70198D0F812
:103D5000B802C06930B1FFE70198D0F8B812C9695C
:103D60008847FFE7FFE7FFE7002002B080BD0000C3
:103D700082B001908DF803109DF80300019908743A
:103D8000002002B07047000080B582B001908DF82D
:103D9000031000208DF802008DF801000198D0F882
:103DA000C8029DF80310F4F71BFF8DF802009DF880
:103DB0000200FFF7EDFA8DF801009DF8010002B056
:103DC00080BD00000000000080B584B00390029127
:103DD000039800F2AA20029900F0BAF80399012092
:103DE000C1F894020399B1F8B002C1F8980203989F
:103DF00090F8AA0200F01F000146009140B1FFE7D1
:103E0000009801280CD0FFE70098022810D017E096
:103E1000039800F2AA2100F067FA8DF8070019E074
:103E2000039800F2AA2100F09FFC8DF8070011E032
:103E3000039800F2AA2100F0BFFA8DF8070009E00C
:103E4000039890F8AA1201F0800100F009F88DF8AB
:103E50000700FFE79DF8070004B080BD00000000E8
:103E600080B582B001908DF8031000208DF802001B
:103E70008DF801000198D0F8C8029DF80310F3F7FF
:103E8000BBFF8DF802009DF80200FFF781FA8DF864
:103E900001009DF8010002B080BD0000000000009C
:103EA00080B582B0019000208DF803008DF80200EB
:103EB0000198D0F8C802F4F7CFFE8DF803009DF802
:103EC0000300FFF765FA8DF802009DF8020002B0CA
:103ED00080BD00000000000081B00090009890F8C4
:103EE0009C02042807D0FFE7009890F89C020099F4
:103EF00081F89D02FFE70099042081F89C020020D0
:103F000001B070470000000080B586B005908DF8C4
:103F100013100392029300208DF807008DF806001D
:103F20000598D0F8C8029DF81310039A029BF3F786
:103F3000D3FF8DF807009DF80700FFF729FA8DF8E9
:103F400006009DF8060006B080BD000000000000DD
:103F500080B584B003900291029801900198007896
:103F60000399087001980130019001980078039935
:103F700048700198013001900198FCF75DF90399B0
:103F8000488001980130019001980130019001981A
:103F9000FCF752F90399888001980130019001984B
:103FA000013001900198FCF747F90399C88004B0EB
:103FB00080BD00000000000080B584B00290019137
:103FC0000020ADF80200019820B9FFE703208DF82A
:103FD0000F0026E001980299C1F8B8020298D0F8C3
:103FE000D41200EB8100D0F8B802C06A78B1FFE7C4
:103FF0000298D0F8D41200EB8100D0F8B802C16A60
:104000000DF1020088470299C1F8D002FFE702993A
:10401000D1F8D8020130C1F8D80200208DF80F0085
:10402000FFE79DF80F0004B080BD00000000000015
:1040300081B00090002001B0704700000000000037
:1040400080B584B00390029102988088B8BBFFE7E6
:104050000298C08898BBFFE7029840887F282ED836
:10406000FFE70298807800F07F008DF80700039842
:1040700090F89C02032805D1FFE703980299FEF708
:1040800067FE1BE09DF80700039981F89E020398E4
:104090009DF80710FFF778FE0398FEF7B5FE9DF830
:1040A000070028B1FFE70399022081F89C0204E091
:1040B0000399012081F89C02FFE7FFE704E00398E1
:1040C0000299FEF745FEFFE704B080BD0000000046
:1040D00080B582B001908DF8031000208DF80200A9
:1040E0000198D0F8B80250B1FFE70198D0F8B812A3
:1040F0000A689DF8031090478DF80200FFE79DF8CD
:10410000020002B080BD000080B586B0049003912B
:1041100000208DF80B000398817843F24C30C2F2F6
:10412000004001700078022808D3FFE70498039943
:10413000FEF70EFE03208DF81700A0E0049890F81B
:104140009C0201460191022804D0FFE70198032850
:104150002FD07FE043F24C30C2F20040007818B319
:10416000FFE743F24C31C2F200410878049A5060F4
:1041700004980978FFF7ACFF8DF80B009DF80B0051
:1041800048B1FFE704980399FEF7E2FD0499022085
:1041900081F89C0207E00498FEF736FE049903209C
:1041A00081F89C02FFE703E00498FEF72DFEFFE78D
:1041B00060E043F24C30C2F20040007898B9FFE76B
:1041C0000499022081F89C0243F24C31C2F2004172
:1041D0000878049A506004980978FEF74DFD049819
:1041E000FEF712FE35E043F24C30C2F20040007898
:1041F00004994968884227D0FFE704980179FEF7BF
:104200003BFD43F24C31C2F200410878049A506001
:1042100004980978FFF75CFF8DF80B009DF80B0000
:1042200068B1FFE704980399FEF792FD04980179BD
:10423000FEF722FD0499022081F89C0203E0049815
:10424000FEF7E2FDFFE703E00498FEF7DDFDFFE780
:10425000FFE70FE004980399FEF77AFD049843F214
:104260004C31C2F200410978FEF706FD03208DF8BB
:104270000B00FFE79DF80B008DF81700FFE79DF896
:10428000170006B080BD000080B582B0019000919B
:1042900000984088012808D1FFE701990120C1F862
:1042A000A4020198FEF7B0FD13E0009840880228B0
:1042B00009D1FFE700984079019981F8A00201989F
:1042C000FEF7A2FD04E001980099FEF741FDFFE72B
:1042D000FFE702B080BD000080B582B00190019878
:1042E000FFF7DEFD02B080BD80B586B00590049179
:1042F00000208DF80F000498007800F0600001465F
:104300000291A8B1FFE70298202804D0FFE70298A5
:10431000402846D1FFE70598D0F8D41200EB810180
:10432000D1F8B8128A68049990478DF80F003DE0E3
:10433000049840780146019109282CD80199DFE8BA
:1043400001F01B252A202A0A052A160F0598049930
:10435000FEF7A2FD24E005980499FFF771FE1FE027
:1043600005980499FFF7D0FE8DF80F0018E0059826
:104370000499FEF75DFD13E005980499FEF788FFA8
:104380000EE005980499FFF77FFF09E0059804996E
:10439000FEF78EFC04E005980499FEF7D9FCFFE7D0
:1043A00004E005980499FEF7D3FCFFE79DF80F00A1
:1043B00006B080BD0000000080B58CB00B900A9163
:1043C00000208DF821000A9880888DF823000A9833
:1043D000007800F0600001460791B8B3FFE7079846
:1043E000202805D0FFE70798402840F0B281FFE77A
:1043F0000B989DF82310FEF77BFC8DF822009DF8AA
:104400002200FF2821D0FFE79DF82200E8B9FFE74E
:104410009DF822000B99C1F8D4020B989DF8221048
:1044200000EB8100D0F8B802806868B1FFE70B9814
:104430009DF8221000EB8101D1F8B8128A680A9920
:1044400090478DF82100FFE7FFE787E10A98407861
:1044500001460691002800F0BD80FFE7069801287C
:104460004CD0FFE70698032840F06D81FFE70B98DA
:1044700090F89C0201460591022804D0FFE70598B8
:10448000032819D034E09DF8230078B1FFE79DF8A8
:10449000230080280AD0FFE70B989DF82310FFF730
:1044A000DFFC0B988021FFF7DBFC04E00B980A99F6
:1044B000FEF74EFCFFE720E00A984088A0B9FFE72E
:1044C0009DF8230078B1FFE79DF8230080280AD0EB
:1044D000FFE70A98C08830B9FFE70B989DF82310D2
:1044E000FFF7BEFCFFE7FFE70B98FEF78DFC04E04B
:1044F0000B980A99FEF72CFCFFE729E10B9890F83E
:104500009C0201460491022804D0FFE70498032886
:1045100019D059E09DF8230078B1FFE79DF82300FA
:1045200080280AD0FFE70B989DF82310FFF798FC2E
:104530000B988021FFF794FC04E00B980A99FEF792
:1045400007FCFFE745E00A984088E0BBFFE79DF8DD
:104550002300400630B1FFE70B989DF82310FFF7CA
:1045600037F8FFE70B98FEF74FFC0B989DF82310E8
:10457000FEF7BEFB8DF822009DF82200FF2821D017
:10458000FFE79DF82200E8B9FFE79DF822000B99AC
:10459000C1F8D4020B989DF8221000EB8100D0F8EE
:1045A000B802806868B1FFE70B989DF8221000EB15
:1045B0008101D1F8B8128A680A9990478DF82100D4
:1045C000FFE7FFE7FFE704E00B980A99FEF7C0FB5F
:1045D000FFE7BDE00B9890F89C020146039102288A
:1045E00004D0FFE70398032838D0A6E09DF8230005
:1045F00050B1FFE79DF82300802805D0FFE70B9816
:104600000A99FEF7A5FB9DE09DF82300000600280F
:104610000CD5FFE70B989DF8231001F07F0101EB0B
:10462000810100EB8100143002900CE00B989DF8A2
:10463000231001F07F0101EB810100EB810000F507
:10464000AA700290FFE7029809900999002008607B
:104650000B9809990222FEF7BBFB73E09DF823003B
:104660000006002812D5FFE70B989DF8231001F0F3
:104670000F0101EB810100EB8100808C28B9FFE77D
:104680000B980A99FEF764FB5CE012E00B989DF82A
:10469000231001F00F0101EB810100EB8100B0F864
:1046A000640128B9FFE70B980A99FEF751FB49E02E
:1046B000FFE79DF82300000600280CD5FFE70B98C4
:1046C0009DF8231001F07F0101EB810100EB8100D7
:1046D000143001900CE00B989DF8231001F07F013D
:1046E00001EB810100EB810000F5AA700190FFE76A
:1046F000019809909DF8230028B1FFE79DF8230059
:10470000802804D1FFE70999002008600FE00B988A
:104710009DF82310FFF7BCF920B1FFE709990120AC
:10472000086003E0099900200860FFE7FFE70B98A5
:1047300009990222FEF74CFB04E00B980A99FEF758
:1047400007FBFFE704E00B980A99FEF701FBFFE780
:1047500004E00B980A99FEF7FBFAFFE79DF82100A9
:104760000CB080BD0000000080B584B003900291C1
:1047700000208DF807000298007800F060000146E4
:10478000009140B1FFE70098202804D0FFE700988F
:1047900040285AD1FFE7039890F89C02013802287C
:1047A0004DD8FFE702980079012842D8FFE7039827
:1047B00002990979FEF7A4FA8DF806009DF8060023
:1047C000FF2825D0FFE79DF8060008BBFFE7039808
:1047D0009DF8061000EB8100D0F8B802806890B117
:1047E000FFE79DF806000399C1F8D40203989DF8ED
:1047F000061000EB8101D1F8B8128A68029990473F
:104800008DF8070003E003208DF80700FFE703E0C1
:1048100003208DF80700FFE70298C08840B9FFE742
:104820009DF8070020B9FFE70398FEF7EDFAFFE7D0
:1048300004E003980299FEF78BFAFFE704E003987F
:104840000299FEF785FAFFE704E003980299FEF764
:104850007FFAFFE79DF8070004B080BD000000006C
:1048600081B0009001B0704781B0009043F2505089
:10487000C2F2004001B0704784B0039002910398E7
:10488000019002980078009002984078012830D179
:10489000FFE70298007800F00F010120884082B203
:1048A0000199D1F81C081043C1F81C08019800991F
:1048B00000EB4110D0F800090004002818D4FFE7ED
:1048C000029988686FF3DF20097940EA8140009AF5
:1048D00040EA8250019901EB4211D1F800291043BE
:1048E00048F20002C1F200021043C1F80009FFE7DC
:1048F0002EE00298007800F00F01012000FA01F28A
:104900000199D1F81C0840EA0240C1F81C0801983E
:10491000009900EB4110D0F8000B0004002816D4D9
:10492000FFE7029988686FF3DF20097940EA814048
:104930000199009A01EB4211D1F8002B104348F283
:104940000002C1F200021043C1F8000BFFE7FFE7CD
:10495000002004B07047000082B0019001980090E0
:104960000099D1F8000940F2FF729043C1F80009A4
:104970000099D1F8040840F48070C1F804080020C0
:1049800002B07047000000002DE9F04F91B0019196
:10499000DDF88CB0DDF888A0DDF88490DDF880804B
:1049A0001F9F1E9E1D9D1C9CDDF86CE0DDF868C0FD
:1049B00001990199CDF840B0CDF83CA0CDF83890E0
:1049C000CDF834800C970B960A950994CDF820E029
:1049D000CDF81CC006930592049103900998012814
:1049E00022D1FFE70399886B20F480308863039914
:1049F000C8684FF6BF72CFF6BD721040C860039909
:104A0000C86820F44010C8601098012806D1FFE75C
:104A10000399C86840F48010C860FFE7039800F06D
:104A20003FF88DF80B0019E00399C86840F040008A
:104A3000C860039800F034F88DF80B000D9830B979
:104A4000FFE70399886B40F48030886305E00399A1
:104A5000886B20F480308863FFE7FFE70698012821
:104A600016D1FFE70399C86D80B2C8650399C86D78
:104A70000022C0F2EE321043C8650399886840F006
:104A8000060088600399886840F020008860FFE78E
:104A90009DF80B0011B0BDE8F08F00000000000091
:104AA00083B0019000200090FFE700980130009053
:104AB000009840F64151C0F20301884204D3FFE759
:104AC00003208DF80B0028E0FFE701980069C00F74
:104AD0000028EAD0FFE7002000900199086940F023
:104AE00001000861FFE7009801300090009840F64F
:104AF0004151C0F20301884204D3FFE703208DF83F
:104B00000B000AE0FFE701980069C0070028EAD11E
:104B1000FFE700208DF80B00FFE79DF80B0003B0C6
:104B2000704700000000000084B0039002910398D9
:104B300001900298007800900298407801284CD1AA
:104B4000FFE70198009900EB4110D0F80009C00F71
:104B5000A8B1FFE70198009900EB4111D1F80009D5
:104B600040F00060C1F800090198009900EB411184
:104B7000D1F8000940F08040C1F80009FFE7029831
:104B8000007800F00F00012101FA00F20020CFF6BA
:104B9000FF7060EA020C019BD3F83C2802EA0C0289
:104BA000C3F83C28029A127802F00F02914060EAA2
:104BB00001020199D1F81C081040C1F81C080198A5
:104BC000009900EB4111D1F8000947F60002CEF63A
:104BD00033421040C1F8000946E00198009900EB0B
:104BE0004110D0F8000BC00FA8B1FFE70198009961
:104BF00000EB4111D1F8000B40F00060C1F8000B50
:104C00000198009900EB4111D1F8000B40F0804071
:104C1000C1F8000BFFE70298007800F00F010120B7
:104C200000FA01F3019AD2F83C1821EA0341C2F8D4
:104C30003C180299097801F00F0100FA01F201997C
:104C4000D1F81C0820EA0240C1F81C08019800991C
:104C500000EB4111D1F8000B47F60002CEF6F372DB
:104C60001040C1F8000BFFE7002004B070470000BF
:104C700082B00190019800900099D1F8000E20F0C8
:104C80000300C1F8000E0099D1F8040820F00200DA
:104C9000C1F80408002002B07047000000000000C6
:104CA00082B00190019800900099D1F8000E20F098
:104CB0000300C1F8000E0099D1F8040840F002008A
:104CC000C1F80408002002B0704700000000000096
:104CD0002DE9F04F93B00191DDF894B0DDF890A08C
:104CE000DDF88C90DDF88880219F209E1F9D1E9C02
:104CF000DDF874E0DDF870C001990199CDF848B095
:104D0000CDF844A0CDF84090CDF83C800E970D969C
:104D10000C950B94CDF828E0CDF824C008930792A9
:104D20000691059000208DF81300059903910290DB
:104D3000FFE702980E280CD8FFE70598029900EBD0
:104D400081010020C1F80401FFE7029801300290C0
:104D5000EFE71098B8B9FFE70399D1F8040840F0DD
:104D60000200C1F804080599886B20F400108863DC
:104D70000599086840F0400008600599086840F00F
:104D80008000086005E00599886B40F40010886396
:104D9000FFE703990020C1F8000E0399D1F800083D
:104DA000C1F800080B9801280ED1FFE7099828B92F
:104DB000FFE70598002100F0CFFE04E005980121EF
:104DC00000F0CAFEFFE704E00598032100F0C4FEEE
:104DD000FFE70598102100F0A7FC20B1FFE70120B4
:104DE0008DF81300FFE7059800F05EFC20B1FFE7A7
:104DF00001208DF81300FFE703990020C1F8100887
:104E00000399C1F814080399C1F81C080290FFE740
:104E10000298069988423BD2FFE70398029900EB7B
:104E20004110D0F80009C00FB0B1FFE7029848B9AF
:104E3000FFE70398029900EB41114FF00060C1F8C1
:104E4000000908E00398029900EB41114FF09040EF
:104E5000C1F80009FFE707E00398029900EB411150
:104E60000020C1F80009FFE70398029900EB411107
:104E70000020C1F810090398029900EB41114FF688
:104E80007F30C1F80809FFE7029801300290BFE7C0
:104E900000200290FFE70298069988423BD2FFE784
:104EA0000398029900EB4110D0F8000BC00FB0B18D
:104EB000FFE7029848B9FFE70398029900EB411118
:104EC0004FF00060C1F8000B08E00398029900EB76
:104ED00041114FF09040C1F8000BFFE707E0039845
:104EE000029900EB41110020C1F8000BFFE7039885
:104EF000029900EB41110020C1F8100B03980299B0
:104F000000EB41114FF67F30C1F8080BFFE7029824
:104F100001300290BFE70399D1F8100820F48070A7
:104F2000C1F8100805990020886105996FF080404C
:104F30004861089830B9FFE70599886940F010008A
:104F40008861FFE70599886943F60002C8F23C02D0
:104F5000104388610C9830B1FFE70599886940F0EB
:104F600008008861FFE71098012808D1FFE705993C
:104F700088690422C4F2000210438861FFE79DF8AB
:104F8000130013B0BDE8F08F81B0009000998868DD
:104F900020F001008860002001B070470000000090
:104FA00086B004908DF80F10029204980190049836
:104FB000006C0090009843F20B01C4F654718842D3
:104FC0000BD3FFE70198D0F8000BC00F20B1FFE72B
:104FD00000208DF817002EE0FFE701990020C1F8AE
:104FE000100B0199D1F8100B40F40020C1F8100B00
:104FF0000199D1F8100B40F01800C1F8100B01997D
:10500000D1F8100B40F0C040C1F8100B9DF80F0014
:1050100001280CD1FFE702980199C1F8140B0199FE
:10502000D1F8000B40F08020C1F8000BFFE7002012
:105030008DF81700FFE79DF8170006B070470000D5
:1050400084B0039002910398019002980078009038
:1050500002984078012820D1FFE70198009900EBE1
:105060004111D1F8000920F40010C1F8000902989C
:105070000079032805D0FFE70298007902280BD1B8
:10508000FFE70198009900EB4111D1F8000940F0C9
:105090008050C1F80009FFE71FE00198009900EB7C
:1050A0004111D1F8000B20F40010C1F8000B029858
:1050B0000079032805D0FFE70298007902280BD178
:1050C000FFE70198009900EB4111D1F8000B40F087
:1050D0008050C1F8000BFFE7FFE7002004B07047E5
:1050E00084B0039002910398019002980078009098
:1050F00002984078012822D1FFE70198009900EB3F
:105100004110D0F80009C00F70B9FFE7009858B1FE
:10511000FFE70198009900EB4111D1F8000920F058
:105120008040C1F80009FFE70198009900EB4111A8
:10513000D1F8000940F40010C1F8000921E00198FD
:10514000009900EB4110D0F8000BC00F70B9FFE7D9
:10515000009858B1FFE70198009900EB4111D1F890
:10516000000B20F08040C1F8000BFFE70198009988
:1051700000EB4111D1F8000B40F40010C1F8000B16
:10518000FFE7002004B0704780B588B00790069113
:105190008DF81720079804900698007803900698D9
:1051A0004078012840F01C81FFE706980069F8B9B3
:1051B000FFE70498039900EB4111D1F810096FF350
:1051C000DC40C1F810090498039900EB4111D1F8B3
:1051D000100940F40020C1F810090498039900EB6D
:1051E0004111D1F810096FF31200C1F8100969E0FC
:1051F0000498039900EB4111D1F810096FF31200E4
:10520000C1F810090498039900EB4111D1F8100975
:105210006FF3DC40C1F810090398A8B9FFE70698BE
:1052200081680069884204D9FFE7069988680861A7
:10523000FFE70498039900EB4111D1F8100940F4FD
:105240000020C1F8100915E006988168006908443B
:105250000138B0FBF1F10020C1F6F87000EAC1425C
:105260000498039900EB4111D1F810091043C1F8DB
:105270001009FFE7069802696FF3DF42049803996B
:1052800000EB4111D1F810091043C1F8100906983C
:105290000079012815D1FFE70498039900EB41112B
:1052A000D1F8100920F0C040C1F810090498039902
:1052B00000EB4111D1F8100940F00050C1F810097D
:1052C000FFE7FFE79DF8170001283BD1FFE70698AD
:1052D000C06948B1FFE70698C0690499039A01EBD9
:1052E0004211C1F81409FFE70698007901281ED180
:1052F000FFE70498D0F80808C00500280BD4FFE7A2
:105300000498039900EB4111D1F8000940F00050D6
:10531000C1F800090AE00498039900EB4111D1F8A3
:10532000000940F08050C1F80009FFE7FFE704984A
:10533000039900EB4111D1F8000940F00440C1F895
:1053400000094CE00498039900EB4111D1F80009E1
:1053500040F00440C1F8000906980079012813D0F4
:10536000FFE70698006970B1FFE70698007800F043
:105370000F01012000FA01F20499D1F8340810431A
:10538000C1F83408FFE729E00498D0F80808C00500
:1053900000280BD4FFE70498039900EB4111D1F8E2
:1053A000000940F00050C1F800090AE00498039990
:1053B00000EB4111D1F8000940F08050C1F800091C
:1053C000FFE70798069BD9681A781B8A9DF817C0D3
:1053D000EE46CEF800C000F0B3FCFFE7FFE7C4E004
:1053E0000498039900EB4111D1F8100B6FF31200F0
:1053F000C1F8100B0498039900EB4111D1F8100B80
:105400006FF3DC40C1F8100B039818BBFFE7069858
:10541000006920B1FFE7069988680861FFE70699EF
:10542000886808620698026A6FF3DF42049803995D
:1054300000EB4111D1F8100B1043C1F8100B049888
:10544000039900EB4111D1F8100B40F40020C1F892
:10545000100B49E006980069C0B9FFE7069882681A
:105460006FF3DF420498039900EB4111D1F8100B60
:105470001043C1F8100B0498039900EB4111D1F8C7
:10548000100B40F40020C1F8100B2CE00698816846
:10549000006908440138B0FBF1F0ADF80A00069944
:1054A0008868BDF80A2050430862BDF80A10002041
:1054B000C1F6F87000EAC1420498039900EB41116B
:1054C000D1F8100B1043C1F8100B0698026A6FF365
:1054D000DF420498039900EB4111D1F8100B1043FF
:1054E000C1F8100BFFE7FFE79DF8170001280ED168
:1054F000FFE70698C06848B1FFE70698C0680499BE
:10550000039A01EB4211C1F8140BFFE7FFE706987D
:10551000007901281ED1FFE70498D0F80808C005DB
:1055200000280BD4FFE70498039900EB4111D1F850
:10553000000B40F00050C1F8000B0AE004980399FA
:1055400000EB4111D1F8000B40F08050C1F8000B86
:10555000FFE7FFE70498039900EB4111D1F8000B36
:1055600040F00440C1F8000BFFE7002008B080BD08
:1055700085B004900391002002908DF807000498F4
:1055800000900398407801283ED1FFE700980399E6
:10559000097800EB4110D0F80009C00F98B3FFE77D
:1055A00000980399097800EB4111D1F8000940F007
:1055B0000060C1F8000900980399097800EB4111D7
:1055C000D1F8000940F08040C1F80009FFE70298D7
:1055D00001300290029842F21171884204D3FFE731
:1055E00001208DF807000DE0FFE700980399097886
:1055F00000EB4110D0F8000900F00040B0F1004F7E
:10560000E5D0FFE7FFE73DE000980399097800EB5C
:105610004110D0F8000BC00F98B3FFE70098039932
:10562000097800EB4111D1F8000B40F00060C1F89F
:10563000000B00980399097800EB4111D1F8000B99
:1056400040F08040C1F8000BFFE702980130029063
:10565000029842F21171884204D3FFE701208DF8CD
:1056600007000DE0FFE700980399097800EB41106F
:10567000D0F8000B00F00040B0F1004FE5D0FFE79C
:10568000FFE7FFE79DF8070005B070470000000046
:1056900081B000900099886840F001008860002087
:1056A00001B070470000000083B00190002000901E
:1056B000FFE7009801300090009840F64151C0F299
:1056C0000301884204D3FFE703208DF80B0027E095
:1056D000FFE701980069C00F0028EAD0FFE700202B
:1056E0000090019910200861FFE7009801300090B8
:1056F000009840F64151C0F20301884204D3FFE70D
:1057000003208DF80B000BE0FFE70198006900F023
:1057100010001028E9D0FFE700208DF80B00FFE70C
:105720009DF80B0003B0704784B0029001910020F7
:105730000090FFE7009801300090009840F641513A
:10574000C0F20301884204D3FFE703208DF80F0065
:1057500029E0FFE702980069C00F0028EAD0FFE7C0
:105760000020009001988001203002990861FFE735
:10577000009801300090009840F64151C0F20301BA
:10578000884204D3FFE703208DF80F000BE0FFE70A
:105790000298006900F020002028E9D0FFE70020EF
:1057A0008DF80F00FFE79DF80F0004B07047000070
:1057B00084B00390039802900298D0F8080800F093
:1057C00006000090009820B9FFE700208DF8070040
:1057D00010E00098022804D0FFE70098062804D1C2
:1057E000FFE702208DF8070003E00F208DF8070087
:1057F000FFE7FFE79DF8070004B0704700000000D6
:1058000081B000900098406900F0010001B070473D
:1058100083B00290029801900198D0F81808009087
:105820000198D0F81C18009808400090BDF80000BE
:1058300003B070470000000083B00290029801900E
:105840000198D0F8180800900198D0F81C1800981A
:1058500008400090BDF8020003B07047000000004F
:1058600086B005908DF81310059803900398D0F832
:10587000100801900398D0F83408009000989DF823
:10588000131001F00F01C84000F00101019840EA37
:10589000C110019003989DF8131000EB4110D0F84F
:1058A0000809019908400290029806B0704700006C
:1058B00084B003908DF80B100398019001989DF827
:1058C0000B1000EB4110D0F8080B00900198D0F8B5
:1058D0001418009808400090009804B07047000029
:1058E00082B0019001984069009001988169009808
:1058F00008400090009802B07047000000000000CF
:1059000089B008900791ADF81A200898059007987B
:105910000490BDF81A0080080190BDF81A0000F04C
:105920000300ADF8020000200290FFE70298019901
:10593000884217D2FFE705984FF4805140580499E8
:105940000860049801300490049801300490049891
:1059500001300490049801300490FFE70298013070
:105960000290E3E7BDF8020008B3FFE700200290D1
:1059700005984FF4805140580390FFE703989DF835
:105980000810C900C84004990870029801300290BC
:10599000049801300490BDF802000138ADF802000F
:1059A000FFE7BDF802000028E8D1FFE7FFE7049811
:1059B00009B070470000000080B584B0ADF80E005B
:1059C00043F27070C2F2004001680291006840F238
:1059D0008201C2F2004188420CD1FFE740F282000E
:1059E000C2F2004000F5806043F27071C2F20041E3
:1059F000086009E043F27071C2F2004140F2820097
:105A0000C2F200400860FFE743F27070C2F200404B
:105A1000016844F67000C2F200400190FDF700F802
:105A20000198FCF7A1FF029840B1FFE7029842F607
:105A30002C21C2F20041F9F703FEFFE704B080BD5C
:105A400080B586B004908DF80F1000200290049964
:105A5000C86820F0C040C8609DF80F00012823D11D
:105A6000FFE70499C86840F00050C860FFE70120D4
:105A7000F0F77AF9029801300290FFE70498FFF7F7
:105A8000BFFE014600200129019007D0FFE70299DF
:105A90000020322938BF01200190FFE70198C0079C
:105AA0000028E4D1FFE72AE09DF80F0010BBFFE7D4
:105AB0000499C86840F08040C860FFE70120F0F713
:105AC00053F9029801300290FFE70498FFF798FE1F
:105AD00001460020009039B1FFE7029900203229E9
:105AE00038BF01200090FFE70098C0070028E5D1EB
:105AF000FFE703E001208DF817000CE0FFE70298B4
:105B0000322804D1FFE701208DF8170003E00020C0
:105B10008DF81700FFE79DF8170006B080BD000064
:105B200083B002908DF80710029800900099D1F888
:105B3000000820F4FE60C1F800089DF8070000F09E
:105B40007F020099D1F8000840EA0210C1F800086D
:105B5000002003B07047000083B002908DF807105A
:105B6000029800909DF807200099D1F80008104392
:105B7000C1F80008002003B07047000000000000DA
:105B800084B0039002918DF807209DF80700022849
:105B900040F0B880FFE702984AF6C041C0F2D80151
:105BA00088420BD3FFE702984EF2BF11C0F2E40126
:105BB000884203D8FFE70F200090A2E002984EF23F
:105BC000C011C0F2E40188420BD3FFE7029842F211
:105BD000FF31C0F2F401884203D8FFE70E200090A5
:105BE0008EE0029842F20041C0F2F40188420BD3E9
:105BF000FFE7029847F27F31C0F20611884203D8CE
:105C0000FFE70D2000907AE0029847F28031C0F261
:105C1000061188420BD3FFE7029844F69F11C0F2A9
:105C20001A11884203D8FFE70C20009066E0029822
:105C300044F6A011C0F21A1188420BD3FFE7029874
:105C400042F6FF41C0F23111884203D8FFE70B2032
:105C5000009052E0029842F60051C0F231118842A1
:105C60000BD3FFE702984AF23F41C0F24C11884241
:105C700003D8FFE70A2000903EE002984AF2404134
:105C8000C0F24C1188420BD3FFE7029843F2FF5158
:105C9000C0F26E11884203D8FFE7092000902AE085
:105CA000029843F20061C0F26E1188420BD3FFE705
:105CB00002984AF61F31C0F2A611884203D8FFE7C6
:105CC0000820009016E002984AF62031C0F2A61192
:105CD00088420BD3FFE7029844F2FF71C0F2E8114B
:105CE000884203D8FFE70720009002E006200090DA
:105CF000FFE7FFE7FFE7FFE7FFE7FFE7FFE7FFE774
:105D0000FFE70AE09DF8070018B9FFE709200090B7
:105D100002E009200090FFE7FFE70399C86820F43C
:105D20007050C860009800F00F020399C86840EAFC
:105D30008220C860002004B070470000000000000E
:105D400080B588B084460A98CDF81CC006918DF8BD
:105D50001720ADF814308DF81300079803900698BB
:105D600002909DF8130048BBFFE7BDF81400033014
:105D70008008019000200090FFE700980199884278
:105D80001BD2FFE70298006803999DF8172001EBEA
:105D900002314FF4805288500298013002900298EC
:105DA0000130029002980130029002980130029076
:105DB000FFE7009801300090DFE7FFE7002008B020
:105DC00080BD00000000000080B582B00190ADF8F9
:105DD00002100198D0F880000068006800030028D5
:105DE00000F18C81FFE70198D0F880000068102155
:105DF000C4F20201884200F0A280FFE70198D0F8C7
:105E0000800000682821C4F20201884200F09780D7
:105E1000FFE70198D0F8800000684021C4F2020139
:105E2000884200F08C80FFE70198D0F8800000687D
:105E30005821C4F20201884200F08180FFE70198F6
:105E4000D0F8800000687021C4F20201884276D048
:105E5000FFE70198D0F8800000688821C4F20201B1
:105E600088426CD0FFE70198D0F880000068A0213C
:105E7000C4F20201884262D0FFE70198D0F88000A6
:105E80000068B821C4F20201884258D0FFE70198A7
:105E9000D0F88000006840F21041C4F2020188424C
:105EA0004DD0FFE70198D0F88000006840F228410B
:105EB000C4F20201884242D0FFE70198D0F8800086
:105EC000006840F24041C4F20201884237D0FFE747
:105ED0000198D0F88000006840F25841C4F20201F5
:105EE00088422CD0FFE70198D0F88000006840F28B
:105EF0007041C4F20201884221D0FFE70198D0F836
:105F00008000006840F28841C4F20201884216D045
:105F1000FFE70198D0F88000006840F2A041C4F289
:105F2000020188420BD0FFE70198D0F8800000689A
:105F300040F2B841C4F20201884209D1FFE701985A
:105F4000D0F880000168086820F00100086008E0CF
:105F50000198D0F880000168086820F0010008600E
:105F6000FFE70198D0F880000168086840F400203D
:105F700008600198D0F8800000681021C4F2020186
:105F8000884200F0A280FFE70198D0F88000006806
:105F90002821C4F20201884200F09780FFE70198AF
:105FA000D0F8800000684021C4F20201884200F06D
:105FB0008C80FFE70198D0F8800000685821C4F277
:105FC0000201884200F08180FFE70198D0F880004C
:105FD00000687021C4F20201884276D0FFE7019880
:105FE000D0F8800000688821C4F2020188426CD099
:105FF000FFE70198D0F880000068A021C4F20201F8
:10600000884262D0FFE70198D0F880000068B8218C
:10601000C4F20201884258D0FFE70198D0F880000E
:10602000006840F21041C4F2020188424DD0FFE7FF
:106030000198D0F88000006840F22841C4F20201C3
:10604000884242D0FFE70198D0F88000006840F213
:106050004041C4F20201884237D0FFE70198D0F8EE
:106060008000006840F25841C4F2020188422CD0FE
:10607000FFE70198D0F88000006840F27041C4F258
:106080000201884221D0FFE70198D0F88000006823
:1060900040F28841C4F20201884216D0FFE701981D
:1060A000D0F88000006840F2A041C4F202018842AA
:1060B0000BD0FFE70198D0F88000006840F2B841AB
:1060C000C4F20201884207D1FFE70198D0F88000AE
:1060D00001683E20486006E00198D0F88000016821
:1060E0003E204860FFE740F24400C2F2004043F225
:1060F0000431C2F20041FAF7CFF88BE10198D0F8F1
:10610000800000681021C4F20201884200F0A280E1
:10611000FFE70198D0F8800000682821C4F202014E
:10612000884200F09780FFE70198D0F8800000686F
:106130004021C4F20201884200F08C80FFE7019800
:10614000D0F8800000685821C4F20201884200F0B3
:106150008180FFE70198D0F8800000687021C4F2C8
:106160000201884276D0FFE70198D0F880000068ED
:106170008821C4F2020188426CD0FFE70198D0F870
:1061800080000068A021C4F20201884262D0FFE7CB
:106190000198D0F880000068B821C4F2020188425A
:1061A00058D0FFE70198D0F88000006840F2104115
:1061B000C4F2020188424DD0FFE70198D0F8800078
:1061C000006840F22841C4F20201884242D0FFE751
:1061D0000198D0F88000006840F24041C4F202010A
:1061E000884237D0FFE70198D0F88000006840F27D
:1061F0005841C4F2020188422CD0FFE70198D0F840
:106200008000006840F27041C4F20201884221D04F
:10621000FFE70198D0F88000006840F28841C4F29E
:106220000201884216D0FFE70198D0F8800000688C
:1062300040F2A041C4F2020188420BD0FFE701986E
:10624000D0F88000006840F2B841C4F202018842F0
:1062500009D1FFE70198D0F880000168086820F0B4
:106260000100086008E00198D0F880000168086823
:1062700020F001000860FFE70198D0F88000016875
:10628000086820F4002008600198D0F880000068B9
:106290001021C4F20201884200F0A280FFE70198B9
:1062A000D0F8800000682821C4F20201884200F082
:1062B0009780FFE70198D0F8800000684021C4F281
:1062C0000201884200F08C80FFE70198D0F880003E
:1062D00000685821C4F20201884200F08180FFE783
:1062E0000198D0F8800000687021C4F20201884251
:1062F00076D0FFE70198D0F8800000688821C4F2CA
:10630000020188426CD0FFE70198D0F88000006855
:10631000A021C4F20201884262D0FFE70198D0F8C0
:1063200080000068B821C4F20201884258D0FFE71B
:106330000198D0F88000006840F21041C4F20201D8
:1063400088424DD0FFE70198D0F88000006840F205
:106350002841C4F20201884242D0FFE70198D0F8F8
:106360008000006840F24041C4F20201884237D008
:10637000FFE70198D0F88000006840F25841C4F26D
:10638000020188422CD0FFE70198D0F88000006815
:1063900040F27041C4F20201884221D0FFE7019827
:1063A000D0F88000006840F28841C4F202018842BF
:1063B00016D0FFE70198D0F88000006840F2A041B5
:1063C000C4F2020188420BD0FFE70198D0F88000A8
:1063D000006840F2B841C4F20201884207D1FFE7E9
:1063E0000198D0F8800001683E20486006E00198DE
:1063F000D0F8800001683E204860FFE740F244008A
:10640000C2F200401F3043F20431C2F20041F9F7FA
:1064100043FFFFE70198D0F8800000681021C4F224
:106420000201884200F0A280FFE70198D0F88000C6
:1064300000682821C4F20201884200F09780FFE73B
:106440000198D0F8800000684021C4F2020188421F
:1064500000F08C80FFE70198D0F880000068582198
:10646000C4F20201884200F08180FFE70198D0F871
:10647000800000687021C4F20201884276D0FFE7F4
:106480000198D0F8800000688821C4F20201884297
:106490006CD0FFE70198D0F880000068A021C4F21A
:1064A0000201884262D0FFE70198D0F880000068BE
:1064B000B821C4F20201884258D0FFE70198D0F811
:1064C0008000006840F21041C4F2020188424DD0C1
:1064D000FFE70198D0F88000006840F22841C4F23C
:1064E0000201884242D0FFE70198D0F8800000689E
:1064F00040F24041C4F20201884237D0FFE70198E0
:10650000D0F88000006840F25841C4F2020188428D
:106510002CD0FFE70198D0F88000006840F270416D
:10652000C4F20201884221D0FFE70198D0F8800030
:10653000006840F28841C4F20201884216D0FFE7A9
:106540000198D0F88000006840F2A041C4F2020136
:1065500088420BD0FFE70198D0F88000006840F235
:10656000B841C4F20201884209D1FFE70198D0F88E
:1065700080000168086840F00100086008E00198A8
:10658000D0F880000168086840F001000860FFE76B
:1065900002B080BD0000000080B582B00190ADF86F
:1065A00002100198D0F880000068006800030028FD
:1065B00000F19281FFE70198D0F880000068102177
:1065C000C4F20201884200F0A280FFE70198D0F8EF
:1065D000800000682821C4F20201884200F0978000
:1065E000FFE70198D0F8800000684021C4F2020162
:1065F000884200F08C80FFE70198D0F880000068A6
:106600005821C4F20201884200F08180FFE701981E
:10661000D0F8800000687021C4F20201884276D070
:10662000FFE70198D0F8800000688821C4F20201D9
:1066300088426CD0FFE70198D0F880000068A02164
:10664000C4F20201884262D0FFE70198D0F88000CE
:106650000068B821C4F20201884258D0FFE70198CF
:10666000D0F88000006840F21041C4F20201884274
:106670004DD0FFE70198D0F88000006840F2284133
:10668000C4F20201884242D0FFE70198D0F88000AE
:10669000006840F24041C4F20201884237D0FFE76F
:1066A0000198D0F88000006840F25841C4F202011D
:1066B00088422CD0FFE70198D0F88000006840F2B3
:1066C0007041C4F20201884221D0FFE70198D0F85E
:1066D0008000006840F28841C4F20201884216D06E
:1066E000FFE70198D0F88000006840F2A041C4F2B2
:1066F000020188420BD0FFE70198D0F880000068C3
:1067000040F2B841C4F20201884209D1FFE7019882
:10671000D0F880000168086820F00100086008E0F7
:106720000198D0F880000168086820F00100086036
:10673000FFE70198D0F880000168086840F4002065
:1067400008600198D0F8800000681021C4F20201AE
:10675000884200F0A280FFE70198D0F8800000682E
:106760002821C4F20201884200F09780FFE70198D7
:10677000D0F8800000684021C4F20201884200F095
:106780008C80FFE70198D0F8800000685821C4F29F
:106790000201884200F08180FFE70198D0F8800074
:1067A00000687021C4F20201884276D0FFE70198A8
:1067B000D0F8800000688821C4F2020188426CD0C1
:1067C000FFE70198D0F880000068A021C4F2020120
:1067D000884262D0FFE70198D0F880000068B821B5
:1067E000C4F20201884258D0FFE70198D0F8800037
:1067F000006840F21041C4F2020188424DD0FFE728
:106800000198D0F88000006840F22841C4F20201EB
:10681000884242D0FFE70198D0F88000006840F23B
:106820004041C4F20201884237D0FFE70198D0F816
:106830008000006840F25841C4F2020188422CD026
:10684000FFE70198D0F88000006840F27041C4F280
:106850000201884221D0FFE70198D0F8800000684B
:1068600040F28841C4F20201884216D0FFE7019845
:10687000D0F88000006840F2A041C4F202018842D2
:106880000BD0FFE70198D0F88000006840F2B841D3
:10689000C4F20201884207D1FFE70198D0F88000D6
:1068A00001682020486006E00198D0F88000016867
:1068B00020204860FFE7BDF8020010280BD1FFE759
:1068C00040F22400C2F2004043F27471C2F200416F
:1068D00000F04AFEFFE791E10198D0F880000068DF
:1068E0001021C4F20201884200F0A280FFE7019863
:1068F000D0F8800000682821C4F20201884200F02C
:106900009780FFE70198D0F8800000684021C4F22A
:106910000201884200F08C80FFE70198D0F88000E7
:1069200000685821C4F20201884200F08180FFE72C
:106930000198D0F8800000687021C4F202018842FA
:1069400076D0FFE70198D0F8800000688821C4F273
:10695000020188426CD0FFE70198D0F880000068FF
:10696000A021C4F20201884262D0FFE70198D0F86A
:1069700080000068B821C4F20201884258D0FFE7C5
:106980000198D0F88000006840F21041C4F2020182
:1069900088424DD0FFE70198D0F88000006840F2AF
:1069A0002841C4F20201884242D0FFE70198D0F8A2
:1069B0008000006840F24041C4F20201884237D0B2
:1069C000FFE70198D0F88000006840F25841C4F217
:1069D000020188422CD0FFE70198D0F880000068BF
:1069E00040F27041C4F20201884221D0FFE70198D1
:1069F000D0F88000006840F28841C4F20201884269
:106A000016D0FFE70198D0F88000006840F2A0415E
:106A1000C4F2020188420BD0FFE70198D0F8800051
:106A2000006840F2B841C4F20201884209D1FFE790
:106A30000198D0F880000168086820F00100086023
:106A400008E00198D0F880000168086820F0010093
:106A50000860FFE70198D0F880000168086820F41A
:106A6000002008600198D0F8800000681021C4F26E
:106A70000201884200F0A280FFE70198D0F8800070
:106A800000682821C4F20201884200F09780FFE7E5
:106A90000198D0F8800000684021C4F202018842C9
:106AA00000F08C80FFE70198D0F880000068582142
:106AB000C4F20201884200F08180FFE70198D0F81B
:106AC000800000687021C4F20201884276D0FFE79E
:106AD0000198D0F8800000688821C4F20201884241
:106AE0006CD0FFE70198D0F880000068A021C4F2C4
:106AF0000201884262D0FFE70198D0F88000006868
:106B0000B821C4F20201884258D0FFE70198D0F8BA
:106B10008000006840F21041C4F2020188424DD06A
:106B2000FFE70198D0F88000006840F22841C4F2E5
:106B30000201884242D0FFE70198D0F88000006847
:106B400040F24041C4F20201884237D0FFE7019889
:106B5000D0F88000006840F25841C4F20201884237
:106B60002CD0FFE70198D0F88000006840F2704117
:106B7000C4F20201884221D0FFE70198D0F88000DA
:106B8000006840F28841C4F20201884216D0FFE753
:106B90000198D0F88000006840F2A041C4F20201E0
:106BA00088420BD0FFE70198D0F88000006840F2DF
:106BB000B841C4F20201884207D1FFE70198D0F83A
:106BC000800001682020486006E00198D0F880002D
:106BD000016820204860FFE7BDF8020010280CD1B2
:106BE000FFE740F22400C2F20040103043F274711B
:106BF000C2F2004100F0B8FCFFE7FFE70198D0F8CF
:106C0000800000681021C4F20201884200F0A280D6
:106C1000FFE70198D0F8800000682821C4F2020143
:106C2000884200F09780FFE70198D0F88000006864
:106C30004021C4F20201884200F08C80FFE70198F5
:106C4000D0F8800000685821C4F20201884200F0A8
:106C50008180FFE70198D0F8800000687021C4F2BD
:106C60000201884276D0FFE70198D0F880000068E2
:106C70008821C4F2020188426CD0FFE70198D0F865
:106C800080000068A021C4F20201884262D0FFE7C0
:106C90000198D0F880000068B821C4F2020188424F
:106CA00058D0FFE70198D0F88000006840F210410A
:106CB000C4F2020188424DD0FFE70198D0F880006D
:106CC000006840F22841C4F20201884242D0FFE746
:106CD0000198D0F88000006840F24041C4F20201FF
:106CE000884237D0FFE70198D0F88000006840F272
:106CF0005841C4F2020188422CD0FFE70198D0F835
:106D00008000006840F27041C4F20201884221D044
:106D1000FFE70198D0F88000006840F28841C4F293
:106D20000201884216D0FFE70198D0F88000006881
:106D300040F2A041C4F2020188420BD0FFE7019863
:106D4000D0F88000006840F2B841C4F202018842E5
:106D500009D1FFE70198D0F880000168086840F089
:106D60000100086008E00198D0F880000168086818
:106D700040F001000860FFE702B080BD00000000A5
:106D800080B582B00190ADF802100198D0F8800073
:106D9000006800680003002800F19281FFE7019875
:106DA000D0F8800000681021C4F20201884200F08F
:106DB000A280FFE70198D0F8800000682821C4F283
:106DC0000201884200F09780FFE70198D0F8800028
:106DD00000684021C4F20201884200F08C80FFE785
:106DE0000198D0F8800000685821C4F2020188425E
:106DF00000F08180FFE70198D0F8800000687021E2
:106E0000C4F20201884276D0FFE70198D0F88000F2
:106E100000688821C4F2020188426CD0FFE7019823
:106E2000D0F880000068A021C4F20201884262D03C
:106E3000FFE70198D0F880000068B821C4F2020191
:106E4000884258D0FFE70198D0F88000006840F2EF
:106E50001041C4F2020188424DD0FFE70198D0F8FA
:106E60008000006840F22841C4F20201884242D00A
:106E7000FFE70198D0F88000006840F24041C4F27A
:106E80000201884237D0FFE70198D0F880000068FF
:106E900040F25841C4F2020188422CD0FFE7019829
:106EA000D0F88000006840F27041C4F202018842CC
:106EB00021D0FFE70198D0F88000006840F28841B7
:106EC000C4F20201884216D0FFE70198D0F8800092
:106ED000006840F2A041C4F2020188420BD0FFE7F3
:106EE0000198D0F88000006840F2B841C4F2020175
:106EF000884209D1FFE70198D0F88000016808684E
:106F000020F00100086008E00198D0F880000168D6
:106F1000086820F001000860FFE70198D0F88000C1
:106F20000168086840F4002008600198D0F88000EB
:106F300000681021C4F20201884200F0A280FFE73D
:106F40000198D0F8800000682821C4F2020188422C
:106F500000F09780FFE70198D0F88000006840219A
:106F6000C4F20201884200F08C80FFE70198D0F85B
:106F7000800000685821C4F20201884200F081803C
:106F8000FFE70198D0F8800000687021C4F2020188
:106F9000884276D0FFE70198D0F880000068882109
:106FA000C4F2020188426CD0FFE70198D0F880005B
:106FB0000068A021C4F20201884262D0FFE7019874
:106FC000D0F880000068B821C4F20201884258D08D
:106FD000FFE70198D0F88000006840F21041C4F249
:106FE000020188424DD0FFE70198D0F88000006888
:106FF00040F22841C4F20201884242D0FFE70198E2
:10700000D0F88000006840F24041C4F2020188429A
:1070100037D0FFE70198D0F88000006840F258416F
:10702000C4F2020188422CD0FFE70198D0F880001A
:10703000006840F27041C4F20201884221D0FFE7AB
:107040000198D0F88000006840F28841C4F2020143
:10705000884216D0FFE70198D0F88000006840F21F
:10706000A041C4F2020188420BD0FFE70198D0F89A
:107070008000006840F2B841C4F20201884207D1A2
:10708000FFE70198D0F8800001682420486006E0FE
:107090000198D0F88000016824204860FFE7BDF81F
:1070A000020012280BD1FFE740F20000C2F20040BC
:1070B00045F60021C2F20041F8F726FFFFE791E113
:1070C0000198D0F8800000681021C4F202018842C3
:1070D00000F0A280FFE70198D0F880000068282126
:1070E000C4F20201884200F09780FFE70198D0F8CF
:1070F000800000684021C4F20201884200F08C80C8
:10710000FFE70198D0F8800000685821C4F202011E
:10711000884200F08180FFE70198D0F88000006885
:107120007021C4F20201884276D0FFE70198D0F8BE
:10713000800000688821C4F2020188426CD0FFE719
:107140000198D0F880000068A021C4F202018842B2
:1071500062D0FFE70198D0F880000068B821C4F23F
:107160000201884258D0FFE70198D0F880000068FB
:1071700040F21041C4F2020188424DD0FFE701986D
:10718000D0F88000006840F22841C4F20201884231
:1071900042D0FFE70198D0F88000006840F24041FB
:1071A000C4F20201884237D0FFE70198D0F880008E
:1071B000006840F25841C4F2020188422CD0FFE737
:1071C0000198D0F88000006840F27041C4F20201DA
:1071D000884221D0FFE70198D0F88000006840F293
:1071E0008841C4F20201884216D0FFE70198D0F826
:1071F0008000006840F2A041C4F2020188420BD036
:10720000FFE70198D0F88000006840F2B841C4F26E
:107210000201884209D1FFE70198D0F88000016897
:10722000086820F00100086008E00198D0F88000AC
:107230000168086820F001000860FFE70198D0F8B5
:1072400080000168086820F4002008600198D0F8E8
:10725000800000681021C4F20201884200F0A28080
:10726000FFE70198D0F8800000682821C4F20201ED
:10727000884200F09780FFE70198D0F8800000680E
:107280004021C4F20201884200F08C80FFE701989F
:10729000D0F8800000685821C4F20201884200F052
:1072A0008180FFE70198D0F8800000687021C4F267
:1072B0000201884276D0FFE70198D0F8800000688C
:1072C0008821C4F2020188426CD0FFE70198D0F80F
:1072D00080000068A021C4F20201884262D0FFE76A
:1072E0000198D0F880000068B821C4F202018842F9
:1072F00058D0FFE70198D0F88000006840F21041B4
:10730000C4F2020188424DD0FFE70198D0F8800016
:10731000006840F22841C4F20201884242D0FFE7EF
:107320000198D0F88000006840F24041C4F20201A8
:10733000884237D0FFE70198D0F88000006840F21B
:107340005841C4F2020188422CD0FFE70198D0F8DE
:107350008000006840F27041C4F20201884221D0EE
:10736000FFE70198D0F88000006840F28841C4F23D
:107370000201884216D0FFE70198D0F8800000682B
:1073800040F2A041C4F2020188420BD0FFE701980D
:10739000D0F88000006840F2B841C4F2020188428F
:1073A00007D1FFE70198D0F88000016824204860E9
:1073B00006E00198D0F88000016824204860FFE7CB
:1073C000BDF8020012280CD1FFE740F20000C2F223
:1073D0000040123045F60021C2F20041F8F794FD5A
:1073E000FFE7FFE70198D0F8800000681021C4F2A1
:1073F0000201884200F0A280FFE70198D0F88000E7
:1074000000682821C4F20201884200F09780FFE75B
:107410000198D0F8800000684021C4F2020188423F
:1074200000F08C80FFE70198D0F8800000685821B8
:10743000C4F20201884200F08180FFE70198D0F891
:10744000800000687021C4F20201884276D0FFE714
:107450000198D0F8800000688821C4F202018842B7
:107460006CD0FFE70198D0F880000068A021C4F23A
:107470000201884262D0FFE70198D0F880000068DE
:10748000B821C4F20201884258D0FFE70198D0F831
:107490008000006840F21041C4F2020188424DD0E1
:1074A000FFE70198D0F88000006840F22841C4F25C
:1074B0000201884242D0FFE70198D0F880000068BE
:1074C00040F24041C4F20201884237D0FFE7019800
:1074D000D0F88000006840F25841C4F202018842AE
:1074E0002CD0FFE70198D0F88000006840F270418E
:1074F000C4F20201884221D0FFE70198D0F8800051
:10750000006840F28841C4F20201884216D0FFE7C9
:107510000198D0F88000006840F2A041C4F2020156
:1075200088420BD0FFE70198D0F88000006840F255
:10753000B841C4F20201884209D1FFE70198D0F8AE
:1075400080000168086840F00100086008E00198C8
:10755000D0F880000168086840F001000860FFE78B
:1075600002B080BD0000000080B582B001900091A3
:10757000019801780198407840EA0120009908803C
:10758000009800884FF6EE5188424AD1FFE70198F3
:107590008078009988700198C0780199097940EA4B
:1075A00001200099A1F80300019840790199897997
:1075B00040EA01200099A1F805000198C0790199DD
:1075C000097A40EA01200199497A40EA014001998B
:1075D000897A40EA01600099C1F807000198C07AF1
:1075E0000099C8720198007B0199497B40EA01200B
:1075F000009988810198807B0199C97B40EA01202C
:107600000099C8810198102100F042FC38B1FFE7D1
:107610000099887800F00F0000F006F800E001E023
:1076200000E0FFE702B080BD82B08DF80700009156
:1076300002B0704700000000FFE7FEE70000000016
:1076400080B5B2B0319030918DED2F0A3098406FF7
:1076500044F28471C2F2004127910860309890EDA5
:10766000050AB1EE400A44F28870C2F20040299047
:1076700080ED000A319890ED040A8DED010A90ED3D
:10768000180A00F013FDB0EE401A9DED010A20EE3D
:10769000010A319880ED080A319890ED010A8DEDCC
:1076A000020A90ED170A00F001FDB0EE401A9DEDC0
:1076B000020A20EE010A319880ED060A319890ED19
:1076C000000A8DED040A90ED040A8DED030A90ED99
:1076D000180A00F0A3FC9DED031AB0EE402A9DEDC0
:1076E000040A01EE020A319880ED070A319890ED04
:1076F000010A8DED050A90ED170A00F08FFCB0EE3F
:10770000401A9DED050A20EE010A319880ED050A28
:10771000319890ED053A90ED062A90ED071A90ED1C
:10772000080A31EE431A30EE420A20EE000A01EE5A
:10773000010AB7EEC00A03F00FF9B7EEC00B31989B
:1077400080ED0F0A319890ED020A90ED052A90ED38
:10775000071A30EE000A31EE421A20EE010A80EDDF
:10776000120A319890ED020A90ED062A90ED081A5F
:1077700030EE000A31EE421A20EE010A80ED130AC3
:10778000319890ED022A90ED031A90ED0F0A20EE49
:10779000000A02EE020A01EE410A80ED140A319855
:1077A00090ED122A90ED130A90ED141AB7EEC03A3C
:1077B0008DED063B20EE000A02EE020A01EE410AC0
:1077C000B7EEC00A03F0C8F8B0EE401B9DED060B03
:1077D00030EE010BB7EEC00B319890ED121A90ED20
:1077E000142A71EE020A02F061FF30EE000A3198AD
:1077F00080ED150A319890ED020A8DED080A90EDA2
:10780000061A90ED082A90ED150A31EE421A8DED18
:10781000091A00F04BFC9DED081AB0EE402A9DEDD0
:10782000090A01EE020A8DED0C0A319890ED020A68
:107830008DED0B0A90ED051A90ED072A90ED150AD3
:1078400031EE421A8DED0A1A00F0E8FBDDED0A0A6E
:107850009DED0B1AB0EE402A9DED0C0A41EE020A96
:1078600002F024FF319880ED160A319890ED010A5C
:107870008DED0E0A90ED170A00F0D0FB8DED0D0A8C
:10788000319890ED020A8DED0F0A90ED150A00F087
:10789000C5FB9DED0D2A9DED0E1AB0EE403A9DED13
:1078A0000F0A20EE030A01EE020A319880ED090A60
:1078B000319890ED010A8DED110A90ED170A00F054
:1078C000F5FB8DED100A319890ED020A8DED120A4C
:1078D00090ED150A00F0EAFB9DED102A9DED111ABE
:1078E000B0EE403A9DED120A20EE030A01EE020AC4
:1078F000319880ED0A0A319890ED002A90ED091A2E
:1079000090ED0A0AB0EE003A8DED183A82EE032AA5
:1079100031EE421A20EE000A01EE010AB7EEC00A6B
:1079200003F01AF89DED183AB7EEC00B319880EDD0
:107930000B0A319890ED002A90ED091A90ED0A0A91
:1079400082EE032A71EE420A02F0B0FE319880ED19
:107950000C0A319890ED0C1A9FEDAB0A8DED280AB8
:1079600030EE410A80ED0D0A319890ED012A90ED3C
:10797000161A90ED170A90ED193A22EE032A8DEDB2
:10798000142A30EE410A00F091FB8DED130A319874
:1079900090ED042A90ED160A90ED181A90ED1A3A1F
:1079A00022EE032A8DED152A30EE410A00F07EFB0F
:1079B0009DED132A9DED141AB0EE403A9DED150A87
:1079C00020EE030A01EE020A8DED160A319890EDC1
:1079D000151A90ED160A30EE410A00F067FBB0EE82
:1079E000401A9DED160A80EE010A319880ED2D0AAD
:1079F000319890ED011A90ED170A90ED192A21EEB9
:107A0000421A8DED171A00F051FBB0EE401A9DEDB1
:107A1000170A20EE010A8DED2E0A319890ED011A19
:107A200090ED170A90ED192A21EE021A8DED191A20
:107A300000F0F4FA9DED182AB0EE401A9DED190AF7
:107A400020EE010A8DED2D0A319890ED001A90ED8F
:107A5000090A81EE021A30EE410A8DED2C0A3198A6
:107A6000806A2B909DED2B0A8DED1F0A9DED2D0A4E
:107A70008DED1B0A319890ED150A90ED2D1A8DEDC4
:107A80001A1A00F0CBFA9DED1A1AB0EE402A9DEDBD
:107A90001B0A01EE020A8DED1E0A9DED2C0A8DEDEA
:107AA000200A9DED2E0A8DED1C0A319890ED150AE5
:107AB00090ED2D1A8DED1D1A00F0F8FA9DED1C3A8F
:107AC0009DED1D4A9DED1E2A9DED1F1AB0EE405AF8
:107AD0009DED200A04EE453A20EE030A01EE020A6B
:107AE000319890ED0B1A80EE010A80ED280A9DED89
:107AF0002C0A8DED260A9DED2D0A8DED220A319876
:107B000090ED150A90ED2D1A8DED211A00F086FAF0
:107B10009DED211AB0EE402A9DED220A01EE020AE7
:107B20008DED250A9DED2B0A8DED2A0A9DED2E0A7D
:107B30008DED230A319890ED150A90ED2D1A8DEDFB
:107B4000241A00F0B3FA9DED234A9DED245A9DEDD1
:107B5000253A9DED262A27999DED281A2998B0EE01
:107B6000406A9DED2A0A15EE064A20EE040A02EE4E
:107B7000030A319A92ED0B2A22EE022A80EE020AC3
:107B800082ED100A91ED000A30EE411A319991ED23
:107B90000C0A30EE010A81ED240A90ED000A3198BA
:107BA00090ED101A30EE010A80ED250A319890ED23
:107BB000100AB1EE400A80ED0E0A319890ED280AC5
:107BC00090ED2B1A30EE410A9DED2F1A80EE010A3E
:107BD00080ED290A3199D1F8A000C1F8AC003198A4
:107BE00090ED250A90ED261A30EE410A9DED2F1AF0
:107BF00080EE010A80ED270A3199D1F89400C1F88E
:107C0000980032B080BD00BFDA0FC93F000000000D
:107C100080B590B00F900F9890ED010A8DED010A9C
:107C200090ED0C0A90ED161A30EE410A00F03EFA83
:107C3000B0EE401A9DED010A20EE010A8DED020A18
:107C40000F9890ED151A90ED170A30EE410A00F0EA
:107C50002DFAB0EE401A9DED020A20EE010A8DEDDC
:107C6000030A0F9890ED151A90ED160A30EE410AAE
:107C700000F01CFAB0EE401A9DED030A80EE010AF6
:107C80000F9880ED1B0A0F9890ED010A8DED040A04
:107C900090ED0C0A90ED161A30EE410A00F0BEF994
:107CA000B0EE401A9DED040A20EE010A8DED050AA2
:107CB0000F9890ED151A90ED170A30EE410A00F07A
:107CC000F5F9B0EE401A9DED050A20EE010A8DEDA2
:107CD000070A0F9890ED0B0A8DED060A90ED151A24
:107CE00090ED160A30EE410A00F0E0F99DED061A1B
:107CF000B0EE402A9DED070A21EE021A80EE010A3D
:107D00000F9880ED1C0A0F9890ED040A8DED080A7B
:107D100090ED0C0A90ED151A30EE410A00F0C6F90C
:107D2000B0EE401A9DED080A20EE010A8DED090A19
:107D30000F9890ED160A90ED181A30EE410A00F0F7
:107D4000B5F9B0EE401A9DED090A20EE010A8DED5D
:107D50000A0A0F9890ED151A90ED160A30EE410AB6
:107D600000F0A4F9B0EE401A9DED0A0A80EE010A77
:107D70000F9880ED1D0A0F9890ED040A8DED0B0A07
:107D800090ED0C0A90ED151A30EE410A00F046F91C
:107D9000B0EE401A9DED0B0A20EE010A8DED0C0AA3
:107DA0000F9890ED160A90ED181A30EE410A00F087
:107DB0007DF9B0EE401A9DED0C0A20EE010A8DED22
:107DC0000E0A0F9890ED0B0A8DED0D0A90ED151A25
:107DD00090ED160A30EE410A00F068F99DED0D1A9B
:107DE000B0EE402A9DED0E0A21EE021A80EE010A45
:107DF0000F9880ED1E0A0F9890ED1B1A90ED1C0A4B
:107E000090ED212A90ED223A20EE030A01EE020ABB
:107E100080ED1F0A0F9890ED1D1A90ED1E0A90ED4F
:107E2000212A90ED223A20EE030A01EE020A80EDAB
:107E3000200A10B080BD000081B0009000990020A1
:107E4000086000994FF6F450C3F654604860009AF9
:107E500041F2DF51C3F681619160009AD1600099CF
:107E6000086101B07047000080B582B041F2B8509F
:107E7000C2F20040019000F5D870FFF7C9FE0198EA
:107E800000F51F70FFF7C4FE02B080BD00000000C7
:107E900080B586B0049003910020ADF80A000498E4
:107EA00020B1FFE70398022804D8FFE700208DF8EF
:107EB000170028E004980399023900220092EBF79A
:107EC00047F901460098ADF80A109DF80A10049B86
:107ED000039A1A4412F8022C914201900DD1FFE747
:107EE0009DF80B00049A0399114411F8011C401AE3
:107EF000B0FA80F040090190FFE7019800F001001E
:107F00008DF81700FFE79DF8170006B080BD000050
:107F100041F2B850C2F2004090ED670AB0EEC00ADC
:107F20009FED0C1AB4EE410AF1EE10FA08DCFFE7FF
:107F300041F2B850C2F2004090F8710348B9FFE72F
:107F400041F2B851C2F20041D1F85003C1F8980192
:107F5000FFE77047CDCCCC3D81B0ADF80200BDF954
:107F6000020000280ED4FFE7BDF9021001F01F0245
:107F7000012090404A094EF20011CEF2000141F872
:107F80002200FFE701B070474EF60C50CEF2000021
:107F90000068C0F30220704782B0ADF8060000917F
:107FA000BDF9060000280AD4FFE700980001BDF9DA
:107FB00006104EF20042CEF2000288540BE0009808
:107FC0000001BDF8061001F00F014EF61452CEF27A
:107FD00000028854FFE702B0704700000000000074
:107FE00083B00290029800F0070000904EF60C510A
:107FF000CEF200010868019001984FF6FF02104090
:1080000001900198009A40EA02200022C0F2FA5240
:10801000104301900198086003B070479FED201A4B
:10802000B5EE002A00EE012A9FED1E1ABDEEC20A2F
:10803000B5EEC02AF1EE10FA10EE100AB8BF013802
:1080400000EE100A0020B8EEC00A32EE400A9FEDA2
:10805000162A20EE010ABCEEC01A11EE101A30EEFC
:10806000021AB0EB512F18BF002102EE101A4AF687
:10807000A43000FE010AC0F60100B8EE422A00EB6F
:10808000810090ED011A30EE420AB7EE002A32EE7E
:10809000402A20EE010A90ED001A02EE010A704714
:1080A00083F9223E00000044000000C49FED1F1A27
:1080B00020EE010A9FED1F2ABDEEC01AB5EEC00AE0
:1080C000F1EE10FA11EE100AB8BF013801EE100AF5
:1080D0000020B8EEC11A30EE410A9FED151A20EECD
:1080E000010ABCEEC01A11EE101A30EE021AB0EB03
:1080F000512F18BF002102EE101A4AF6A43000FEDC
:10810000010AC0F60100B8EE422A00EB810090EDB2
:10811000011A30EE420AB7EE002A32EE402A20EE73
:10812000010A90ED001A02EE010A704783F9223E1F
:1081300000000044000000C480B58AB0E8F7A4F94C
:1081400080200590E8F70CFC55200690E8F708FC25
:108150000698E8F705FC45F61C21C2F2004108919B
:108160000870E8F785F901200790EDF7FDFDE8F7C5
:108170008BF90598E8F7F4FB0698E8F7F1FB069809
:10818000E8F7EEFB08990870E8F772F90798EDF741
:10819000EBFDE8F779F97E20B621E8F7F9FBE8F77F
:1081A00067F95020EDF7E0FDE8F76EF90598E8F77C
:1081B000D7FB0698E8F7D4FB0698E8F7D1FB0899B7
:1081C0000870E8F755F90798EDF7CEFDE8F75CF988
:1081D0000598E8F7C5FB0698E8F7C2FB0698E8F7AC
:1081E000BFFB08990870E8F743F90798EDF7BCFD65
:1081F000089800781E2804D0FFE7FF208DF827009C
:1082000074E04DF28021C2F2004100200870FFE7C7
:108210004DF28020C2F200400078052862DCFFE7C2
:10822000E8F732F94DF28020C2F200400390007866
:1082300000EB400242F63830C2F200400490811850
:10824000805C4978E8F7A4FBE8F712F90120019077
:10825000EDF78AFDE8F718F903990498097801EB1E
:108260004101405C40F08000E8F77AFB5520009027
:10827000E8F776FB0098E8F773FB45F61C21C2F29D
:10828000004102910870E8F7F3F80198EDF76CFDF2
:108290000298039A04990078127802EB4202114482
:1082A0004978884215D0FFE74DF28020C2F20040A5
:1082B000007800EB400142F63830C2F2004008443A
:1082C000827844F29871C2F2004108781043087035
:1082D000FFE7FFE74DF28021C2F20041087801304C
:1082E000087095E700208DF82700FFE79DF827002C
:1082F0000AB080BD0000000080B588B0E8F7DCF867
:1083000045F61C21C2F20041069100200490E8F7D6
:1083100013FBE8F7C5F801200590EDF725FDE8F718
:10832000CBF804980699E8F707FBE8F7B9F8059841
:10833000EDF71AFDE8F7C0F81420B621E8F728FB9E
:10834000E8F7AEF85020EDF70FFDE8F7B5F8049820
:108350000699E8F7F1FAE8F7A3F80598EDF704FDB8
:10836000E8F7AAF804980699E8F7E6FAE8F798F823
:108370000598EDF7F9FC069800780F2804D0FFE780
:10838000FF208DF81F006DE04DF28021C2F2004108
:1083900000200870FFE74DF28020C2F20040007814
:1083A00005285BDCFFE7E8F787F84DF28020C2F292
:1083B00000400290007800EB400242F64A30C2F2E0
:1083C000004003908118805C4978E8F7E1FAE8F70B
:1083D00067F801200090EDF7C7FCE8F76DF8029907
:1083E0000398097801EB4101405C45F61C21C2F27B
:1083F00000410191E8F7A0FAE8F752F80098EDF78C
:10840000B3FC0198029A03990078127802EB4202B9
:1084100011444978884218D0FFE74DF28020C2F21B
:108420000040017801390170007800EB400142F60C
:108430003830C2F200400844827844F29871C2F2A7
:108440000041087810430870FFE7FFE74DF28021F4
:10845000C2F200410878013008709CE700208DF8D6
:108460001F00FFE79DF81F0008B080BD000000005E
:1084700080B58EB00D90ADF832100B920A93BDF816
:10848000320001900020029003900A98082804D836
:10849000FFE70A980004049035E00A980C2804D1FC
:1084A000FFE74FF4102004902CE00A98102804D124
:1084B000FFE74FF42020049023E00A98142804D109
:1084C000FFE74FF4302004901AE00A98182804D1EE
:1084D000FFE74FF44020049011E00A98302804D1BF
:1084E000FFE74FF46020049008E00A98402804D188
:1084F000FFE74FF470200490FFE7FFE7FFE7FFE797
:10850000FFE7FFE7FFE70020009005900690079047
:10851000089009900D980B9A01A9EDF7C9FC0098F5
:108520000EB080BD0000000080B58CB044F29070A9
:10853000C2F20040EAF788F844F29C70C2F20040B0
:1085400080ED000A90ED000A9FEDDB1AB4EE410ABF
:10855000F1EE10FA0CDCFFE744F29C70C2F200402E
:1085600090ED000AB5EE400AF1EE10FA0ADCFFE7E2
:1085700044F29C71C2F2004141F26F20C3F68320A5
:108580000860FFE741F2B852C2F200420A9202F5D7
:10859000D870D2F86C12C2F87012B2F9361100EE2F
:1085A000101AB8EEC00A9FEDC53A80EE031AB1EE7C
:1085B000410A30EE410A9FEDC22A20EE020A9FEDE9
:1085C000C11A8DED041A20EE010A82ED9B0A02F514
:1085D0001F710291D2F83813C2F83C13B2F912118C
:1085E00000EE101AB8EEC00A80EE030A30EE000A60
:1085F00020EE020A20EE010A82EDCE0A42F6F06178
:10860000C2F2004103918B6FC2F850338B69C2F8FC
:1086100054334B6FC2F8583391ED050AB1EE400A5E
:1086200082EDD70A0B6FC2F8483391ED040AB1EE20
:10863000400A82EDD30A92ED391A9FEDA30A31EE7A
:10864000001A82ED841A92ED291A31EE001A82ED99
:10865000831A92ED091A30EE411A82EDB71A92EDA3
:10866000191A30EE410A82EDB60AD2F8A830C2F8E3
:108670001432D2F8E830C2F8183292ED1A0AB1EE8C
:10868000400A82EDB80A92ED0A0AB1EE400A82ED84
:10869000B90A44F29C72C2F20042019292ED000AC1
:1086A000FEF7CEFF019A0298039992ED000AFEF7B9
:1086B000C7FF9DED042A0A9890ED911A90ED9B0A50
:1086C00001EE020A80ED9E0A90EDC41A90EDCE0AEA
:1086D00001EE020A80EDD10A90ED900A90ED941A15
:1086E0008DED061AFFF7E2FC0A988DED050A90ED74
:1086F000771A90ED900A90ED912A21EE021A8DEDF5
:10870000071AFFF78BFC9DED052A9DED061A0A98C6
:10871000B0EE403A9DED070A20EE030A01EE020A90
:1087200080ED9D0A90EDC30A90EDC71A8DED091AF0
:10873000FFF7BCFC0A988DED080A90EDAA1A90ED9F
:10874000C30A90EDC42A21EE021A8DED0B1AFFF731
:1087500065FC9DED082A9DED091A0A98B0EE403A95
:108760009DED0B0A20EE030A01EE020A80EDD00A0D
:1087700090ED9D3A90ED9E0A90EDD01A90EDD12AA1
:1087800030EE030A30EE020A30EE010AB0EE001AB3
:1087900080EE010A80EDD90A90ED9B1A90EDCE0A89
:1087A00030EE410A9FED491A80EE010A80EDDB0AA6
:1087B00090ED770A90EDAA1A30EE010AB6EE001A93
:1087C00020EE010A80EDDA0A90ED640AB7EEC00AE5
:1087D000B0EEC00B9FED341BB4EE410BF1EE10FA7E
:1087E00008DAFFE741F2B850C2F2004090F8710396
:1087F00050B9FFE741F2B851C2F20041002081F8C0
:108800007003C1F860034CE041F2B850C2F200407E
:1088100090ED640AB7EEC00AB0EEC00B9FED221BCC
:10882000B4EE410BF1EE10FA12DCFFE741F2B85062
:10883000C2F2004090EDD90AB7EEC00AB0EEC00B0C
:108840009FED1B1BB4EE410BF1EE10FA08DDFFE7C4
:1088500041F2B850C2F2004090F87003B0B1FFE7A7
:1088600041F2B850C2F20040012180F8701390ED3F
:10887000D80A90EDD91A44F29C71C2F2004191EDF0
:10888000002A01EE020A80EDD80A09E041F2B8514F
:10889000C2F20041002081F87003C1F86003FFE7D5
:1088A000FFE70CB080BD00BF000000A09999A93F70
:1088B000000000A09999C93FCDCC4C3D78786C441C
:1088C000DB0F494068916D3DDA0FC93F23DBF93E6C
:1088D00080B5FFE742F6F060C2F2004090F89000E9
:1088E00020B9FFE7012000F087FBF3E7E8F700FF7E
:1088F000FFE7FFF719FEFFF70BFBF5F785FFF5F72D
:1089000003FCF5F715FBFFF7AFFAE8F755FDF0E7C5
:1089100086B08DED050ACDED040A8DED031A0290A7
:108920009DED030A9DED041A30EE410A8DED010A1A
:10893000049800909DED050A9DED001A30EE410A65
:10894000029901208840013801EE100AB8EEC11AE0
:1089500020EE010A9DED011A80EE010ABDEEC00A6B
:1089600010EE100A06B0704783B08DED010ACDED10
:10897000000A9DED010AB4EE400AF1EE10FA03D0B0
:10898000FFE70020029022E09DED010A9DED001A14
:10899000B4EE410AF1EE10FA03DDFFE70098029011
:1089A00015E09DED010A9DED001AB1EE411AB4EEFD
:1089B000410AF1EE10FA07DAFFE79DED000AB1EE89
:1089C000400A8DED020A02E001980290FFE79DED5A
:1089D000020A03B07047000087B006900591049228
:1089E0008DED030ACDED020A00200190FFE701980A
:1089F0000499884233DAFFE70598019901EB4101B8
:108A000000EBC100009000989DED033A90ED000A44
:108A100090ED012A90ED024A90ED031A02EE030A4E
:108A20009DED022A04EE020A21EE031A01EE030A6A
:108A300090ED041A21EE031A01EE020A90ED051AD8
:108A400021EE021A01EE020A0698019900EB81005C
:108A500080ED000AFFE7019801300190C7E707B0F9
:108A6000704700000000000084B0029001910020D7
:108A70000090FFE700980199884231DAFFE70298F9
:108A8000009900EB810090ED000AB4EE400AF1EE8F
:108A900010FA1CD1FFE70298009900EB810090EDDD
:108AA000000A9FED131AB4EE410AF1EE10FA0EDC43
:108AB000FFE70298009900EB810090ED000A9FED1E
:108AC0000D1AB4EE410AF1EE10FA04DAFFE70020C5
:108AD0008DF80F0008E0FFE7009801300090C9E72B
:108AE00001208DF80F00FFE79DF80F0004B07047DC
:108AF00000247449002474C984B003908DED020AE7
:108B0000CDED010A8DED001A0298039908600198D5
:108B10000399486000980399886003994FF07E504C
:108B20000863039948F65930C0F601004867039975
:108B300048F6E130C0F601008867039948F699309D
:108B4000C0F60100C86703994FF68950C0F60000CF
:108B5000C1F8800004B0704787B08DED061ACDEDE6
:108B6000050A8DED040ACDED032A8DED022ACDED27
:108B7000011A009000990498059A069B4B610A61BE
:108B8000C86000990198029A039B0B62CA618861D0
:108B900007B070470000000080B582B001900198D6
:108BA00090ED160A01F0ECFCB1EE400A019880ED60
:108BB000190A019890ED170AD0ED180A01F076FD18
:108BC000019880ED1A0A0198D0ED100A90ED130A71
:108BD00001F06CFD019880ED1B0A02B080BD000021
:108BE00080B58AB00990099890ED062A90ED070AA1
:108BF00090ED081A20EE000A02EE020A01EE010AC8
:108C0000B7EEC00A01F0A8FEB7EEC00B8DED080A62
:108C1000099890ED060A9DED081A80EE010A80ED94
:108C2000060A099890ED070A9DED081A80EE010AE0
:108C300080ED070A099890ED080A9DED081A80EE6C
:108C4000010A80ED080A099890ED070A90ED081ACC
:108C500090ED172A90ED183A20EE030A01EE420A31
:108C60008DED070A099890ED061A90ED080A90ED2F
:108C7000163A90ED182A20EE030A01EE420A8DED15
:108C8000060A099890ED060A90ED071A90ED162A4B
:108C900090ED173A20EE030A01EE420A8DED050A27
:108CA00009989DED073A90ED011A90ED022A90ED9A
:108CB000090A21EE031A01EE020A80ED090A099859
:108CC0009DED063A90ED011A90ED022A90ED0A0A08
:108CD00021EE031A01EE020A80ED0A0A09989DEDC1
:108CE000053A90ED011A90ED022A90ED0B0A21EE63
:108CF000031A01EE020A80ED0B0A09989DED073A6E
:108D000090ED002A90ED030A90ED091A02EE031A85
:108D100030EE010A80ED030A09989DED063A90EDC8
:108D2000002A90ED040A90ED0A1A02EE031A30EEC2
:108D3000010A80ED040A09989DED053A90ED002A9C
:108D400090ED050A90ED0B1A02EE031A30EE010ABF
:108D500080ED050A0998006B04900998406B039018
:108D60000998806B02900998C06B0190099890ED6A
:108D7000020AB6EE001A20EE010A8DED000A9DED02
:108D8000031A099890ED032A90ED044A90ED053AF4
:108D900090ED0C0A21EE421A9DED022A02EE441AD1
:108DA0009DED012A02EE431A9DED002A01EE020A12
:108DB00080ED0C0A9DED042A09989DED021A90EDB4
:108DC000034A90ED043A90ED055A90ED0D0A21EE1C
:108DD000051A02EE041A9DED012A02EE431A9DEDDA
:108DE000002A01EE020A80ED0D0A9DED041A099891
:108DF00090ED033A90ED042A90ED054A90ED0E0AAD
:108E000021EE021A9DED032A02EE441A9DED012A7D
:108E100002EE031A9DED002A01EE020A80ED0E0A11
:108E20009DED042A09989DED031A90ED033A90ED0B
:108E3000045A90ED054A90ED0F0A21EE051A02EE54
:108E4000041A9DED022A02EE431A9DED002A01EE5E
:108E5000020A80ED0F0A099890ED0C3A90ED0D0A88
:108E600090ED0E2A90ED0F1A20EE000A03EE030A91
:108E700002EE020A01EE010AB7EEC00A01F06CFD33
:108E8000B7EEC00B8DED080A099890ED0C0A9DED28
:108E9000081A80EE010A80ED0C0A099890ED0D0A7F
:108EA0009DED081A80EE010A80ED0D0A099890EDFB
:108EB0000E0A9DED081A80EE010A80ED0E0A09984F
:108EC00090ED0F0A9DED081A80EE010A80ED0F0A61
:108ED0000998D0F8801088470AB080BD00000000D3
:108EE00080B584B000200390EEF726FCF7F72CFB4A
:108EF000F5F70AFFF5F778FDF5F7E2FFF5F7CCFD9A
:108F0000F5F706FEF6F714F8F5F742FEF6F764F803
:108F1000F6F7FAF8F6F7B0F8F6F742F94FF4F07012
:108F2000E9F7E2FBE7F744FD4FF47A70ECF71CFF3A
:108F3000FFE745F28050C2F200400021E7F770FCE5
:108F400008B1FFE7F5E740F60000C5F60200019022
:108F50004FF4005101220292EEF7BEFB0198029AF3
:108F60004FF48041EEF7B8FBE9F712FDE9F75CFD3D
:108F7000E9F7A6FDF5F74CFE00F052F8FFE7FEE733
:108F800082B0ADF8060000200090BDF906008428EC
:108F900007D0FFE7BDF906000099084403300090B0
:108FA000FFE7009802B0704783B002908DED010A90
:108FB000CDED000A029890ED000A9DED011AB4EE85
:108FC000410AF1EE10FA04DAFFE70198029908600D
:108FD0000FE0029890ED000A9DED001AB4EE410AF0
:108FE000F1EE10FA04DDFFE7009802990860FFE750
:108FF000FFE703B07047000080B584B0039003988A
:109000000290029818B1FFE70298019002E0012057
:109010000190FFE7019800F01FFF002004B080BD21
:1090200080B500F051FF002080BD0000000000006E
:1090300010B58AB0089007910898016802914168BC
:109040000591018A039107990491B0F90800FFF78F
:1090500097FF0299039A049B84460598EE4606AC56
:10906000CEF80440CEF800C001F092F8012803D0F9
:10907000FFE70020099002E006980990FFE70998B1
:109080000AB010BD0000000080B584B003900291CA
:109090004DF21830C2F200400068009045F66410AE
:1090A000C2F200400068043000F04EFD88B9FFE7CE
:1090B00045F66410C2F200400068C16A012000FA5F
:1090C00001F24DF27C21C2F2004108689043086031
:1090D00000E0FFE70398013080B9FFE7029868B12C
:1090E000FFE745F66410C2F200400068011D4DF232
:1090F000F020C2F2004000F0A3FD3DE0009803998B
:1091000008440190019845F66411C2F200410968D3
:1091100048600198009988420ED2FFE745F670102A
:10912000C2F20040006845F66411C2F200410968CD
:10913000043100F04DFD1EE045F66810C2F200401B
:10914000006845F66411C2F200410968043100F07C
:109150003FFD01984DF2BC21C2F2004109688842EE
:1091600007D2FFE701984DF2BC21C2F2004108602E
:1091700000E0FFE7FFE7FFE704B080BD000000006C
:1091800080B582B0019000F087FD4DF26C21C2F2F3
:10919000004108680130086045F66410C2F20040E2
:1091A000006898B9FFE7019845F66411C2F20041E2
:1091B00008604DF26C20C2F200400068012803D123
:1091C000FFE700F0A9F900E0FFE71CE04DF2E42022
:1091D000C2F200400068A0B9FFE745F66410C2F291
:1091E00000400068C06A0199C96A884207D8FFE751
:1091F000019845F66411C2F20041086000E0FFE703
:1092000000E0FFE7FFE74DF27821C2F20041086875
:10921000013008600198C16A012000FA01F24DF2A4
:109220007C21C2F200410868104308600199C86AB5
:1092300000EB800245F67410C2F2004000EB8200A1
:10924000043100F0FDFC00F053FD4DF2E420C2F2C9
:1092500000400068C8B1FFE745F66410C2F2004064
:109260000068C06A0199C96A88420CD2FFE74EF6CD
:109270000451CEF200014FF080500860BFF34F8FD1
:10928000BFF36F8F00E0FFE700E0FFE702B080BDB3
:1092900080B582B0FFE74DF27020C2F20040006856
:1092A00008B3FFE700F0F8FC4DF20430C2F20040D2
:1092B000C068C06801900198043000F045FC4DF290
:1092C0006C21C2F200410868013808604DF270213B
:1092D000C2F2004108680138086000F009FD0198F9
:1092E00000F006F8D7E702B080BD000000000000E3
:1092F00080B582B001900198006B00F021FD0198CB
:1093000000F01EFD02B080BD84B04FF4F04000902C
:1093100045F66020C2F2004001909DF8040040072D
:1093200088B1FFE7019807300190019820F007000D
:109330000190019A45F66021C2F200410098891A15
:1093400008440090FFE70198029002994DF2E8204E
:10935000C2F200400160002141600298009A10446E
:109360000190019808380190019820F007000190C1
:10937000019A45F66C10C2F200400260026851602A
:1093800002681160029903910199039A891A516048
:10939000006803990860039840684DF2B821C2F252
:1093A00000410860039840684DF2B021C2F20041CC
:1093B00008604DF28421C2F200414FF00040086085
:1093C00004B070470000000080B582B00190FFE754
:1093D000FFF75EFF45F67410C2F2004000680228F5
:1093E0000CD3FFE74EF60451CEF200014FF080504F
:1093F0000860BFF34F8FBFF36F8F00E0FFE7E7E731
:1094000080B588B0DDF834C0DDF830C0DDF82CC0A0
:10941000DDF828C006900591049203930C98006B28
:10942000049900EB810004380290029820F00700B4
:1094300002909DF80800400758B1FFE74FF0500038
:1094400080F31188BFF36F8FBFF34F8F0790FFE753
:10945000FEE70598F8B1FFE700200190FFE70198CB
:109460000F2813D8FFE70598019A805C0C991144E6
:1094700081F8340005980199405C08B9FFE705E0E0
:10948000FFE7FFE7019801300190E8E70C99002021
:1094900081F8430004E00C99002081F83400FFE7D4
:1094A0000A98072803D3FFE706200A9000E0FFE7A9
:1094B0000A980C99C8620A980C9948640C99002083
:1094C000009088640C98043000F07AFB0C981830F7
:1094D00000F076FB00980C9909610A99C1F1070127
:1094E0000C9A91610C9949620C99C8640C9981F8A5
:1094F000500002980699039A00F012FA0C9908603D
:109500000B9820B1FFE70C980B99086000E0FFE78B
:1095100008B080BD0000000080B584B0002003903A
:10952000FFE70398062810D8FFE7039800EB8001B7
:1095300045F67410C2F2004000EB810000F028FBF9
:10954000FFE7039801300390EBE74DF28820C2F269
:109550000040019000F01CFB4DF29C20C2F2004044
:10956000029000F015FB4DF2D020C2F2004000F056
:109570000FFB4DF20430C2F2004000F009FB4DF247
:10958000F020C2F2004000F003FB0199029845F67A
:109590006812C2F20042116045F67011C2F2004139
:1095A000086004B080BD000083B002904DF2E82056
:1095B000C2F200400190FFE70198006802998842DA
:1095C00005D2FFE7FFE7019800680190F4E70198F2
:1095D000009000980199496808440299884209D18D
:1095E000FFE7029842680199486810444860019872
:1095F000029000E0FFE70298009000980299496805
:10960000084401990968884220D1FFE70198006861
:1096100045F66C11C2F20041096888420DD0FFE79F
:1096200001980068426802994868104448600198AF
:10963000006800680299086007E045F66C10C2F205
:109640000040006802990860FFE704E001980068A4
:1096500002990860FFE701980299884204D0FFE769
:1096600002980199086000E0FFE703B0704700002E
:1096700008480068006880F308884FF0000080F315
:10968000148862B661B6BFF34F8FBFF36F8F00DFF0
:1096900000BF00BF08ED00E081B045F66810C2F2DF
:1096A00000400068006840B9FFE74DF2BC21C2F2FB
:1096B00000414FF0FF3008600FE045F66810C2F23D
:1096C00000400068C068C0680090009840684DF293
:1096D000BC21C2F200410860FFE701B07047000002
:1096E00083B00020009042F63430C2F2004000689F
:1096F000013058B1FFE74FF0500080F31188BFF3FD
:109700006F8FBFF34F8F0190FFE7FEE74FF05000E0
:1097100080F31188BFF36F8FBFF34F8F0290FFE785
:10972000009808B9FFE7FBE703B0704700000000AE
:1097300080B58AB006900020029000F015FC45F636
:109740006C10C2F20040006818B9FFE7FFF7DCFDBB
:1097500000E0FFE706984DF28421C2F2004109685B
:10976000084240F0C580FFE7069800B3FFE706987F
:10977000083006909DF818004007B0B1FFE7069842
:1097800020F00700083006909DF81800400758B1F7
:10979000FFE74FF0500080F31188BFF36F8FBFF3E6
:1097A0004F8F0790FFE7FEE700E0FFE700E0FFE7ED
:1097B0000698002800F09A80FFE706984DF2B02145
:1097C000C2F200410968884200F29080FFE74DF242
:1097D000E820C2F20040049000680590FFE7059879
:1097E0004168069A00209142019007D2FFE7059850
:1097F0000068002818BF01200190FFE70198C0070A
:1098000030B1FFE705980490059800680590E6E7F9
:10981000059845F66C11C2F200410968884263D090
:10982000FFE70498006808300290059800680499E2
:109830000860059840680699401A112821D3FFE76F
:1098400005980699084403909DF80C00400758B10C
:10985000FFE74FF0500080F31188BFF36F8FBFF325
:109860004F8F0890FFE7FEE7059840680699401A79
:10987000039948600698059948600398FFF794FE9D
:1098800000E0FFE7059842684DF2B020C2F20040C8
:109890000168891A016000684DF2B821C2F20041E6
:1098A000096888420BD2FFE74DF2B020C2F20040B7
:1098B00000684DF2B821C2F20041086000E0FFE705
:1098C0004DF28420C2F200400268059948681043B6
:1098D00048600599002008604DF2C421C2F20041A1
:1098E00008680130086000E0FFE700E0FFE700E003
:1098F000FFE700F075FD9DF80800400758B1FFE74D
:109900004FF0500080F31188BFF36F8FBFF34F8F7C
:109910000990FFE7FEE702980AB080BD0000000052
:1099200083B002900191009202980438029002994B
:109930004FF080700860029804380290019820F07F
:10994000010002990860029804380290029949F2D5
:10995000E160C0F601000860029814380290009897
:109960000299086002980438029002996FF0020090
:109970000860029820380290029803B070470000F7
:1099800080B5FFE745F60020C2F20040407A022889
:1099900007D0FFE745F60020C2F20040407A60B9E8
:1099A000FFE741F2B851C2F20041002081F8710393
:1099B000C1F89001C1F89C0138E045F60020C2F2E0
:1099C0000040407A012808D0FFE745F60020C2F2A7
:1099D0000040407A032828D1FFE741F2B850C2F294
:1099E0000040012180F8711345F60021C2F20041C8
:1099F000B1F9062000EE102AB8EEC00A9FED391A20
:109A000080EE010A30EE000A80ED640AB1F9001020
:109A100000EE101AB8EEC00A80EE010AB8EE081A7D
:109A200020EE010A80ED670AFFE7FFE745F6002018
:109A3000C2F20040007A022807D0FFE745F6002076
:109A4000C2F20040007A68B9FFE741F2B851C2F2B1
:109A5000004149F69A10C3F61960C1F8AC01C1F88B
:109A6000A8013BE045F60020C2F20040007A012840
:109A70000DD1FFE741F2B851C2F2004149F69A1008
:109A8000C3F69960C1F8AC01C1F8A80125E045F61C
:109A90000020C2F20040007A03281DD1FFE745F6FE
:109AA0000020C2F20040B0F9020000EE100AB8EE49
:109AB000C00A9FED0D1A80EE010A30EE000A9FEDFC
:109AC0000B1A30EE010A41F2B850C2F2004080EDAC
:109AD0006B0A80ED6A0AFFE7FFE7FFE71E20FFF74A
:109AE0008BFA4FE700002544000025C49A99193EDF
:109AF00086B005908DED040ACDED030A02919DED2F
:109B0000030A9DED041A30EE410A8DED010A049816
:109B100000909DED050AB8EEC00A9DED011A20EEF9
:109B2000010A029901208840013801EE100AB8EEBE
:109B3000C11A80EE010A9DED001A30EE010A06B04E
:109B4000704700000000000082B001900198006999
:109B50000090019841688068886001994868896828
:109B60004860009840680199884205D1FFE7019854
:109B700080680099486000E0FFE7019900200861D3
:109B800000990868013808600098006802B07047C2
:109B900081B00090009901F10800486000994FF0F1
:109BA000FF308860009901F10800C860009901F158
:109BB0000800086100990020086001B070470000AB
:109BC00081B0009000990020086101B0704700004A
:109BD00084B00390029102980068009000980130D0
:109BE00020B9FFE703980069019010E0039808305E
:109BF0000190FFE70198406800680099884205D805
:109C0000FFE7FFE7019840680190F3E7FFE701985D
:109C100040680299486002984168886001980299FA
:109C20008860029801994860039802990861039935
:109C300008680130086004B07047000000000000B0
:109C400083B00290019102984068009000980199B9
:109C50004860009880680199886001980099896837
:109C600048600198009988600298019908610299FA
:109C700008680130086003B0704700000000000071
:109C8000DFF80C00016841F470010160704700BF0B
:109C900088ED00E00000000082B04FF0500080F33B
:109CA0001188BFF36F8FBFF34F8F009042F63430AF
:109CB000C2F200400168013101600068012814D13E
:109CC000FFE74EF60450CEF200000068000658B1DF
:109CD000FFE74FF0500080F31188BFF36F8FBFF3A1
:109CE0004F8F0190FFE7FEE7FFE702B070470000EB
:109CF00082B042F63430C2F20040006858B9FFE743
:109D00004FF0500080F31188BFF36F8FBFF34F8F78
:109D10000090FFE7FEE742F63430C2F200400168EF
:109D200001390160006830B9FFE700200190019817
:109D300080F31188FFE702B07047000000000000C8
:109D400080B586B0039003980290039800285CD0F9
:109D5000FFE7029808380290029801900198406845
:109D60004DF28421C2F20041096808420BD1FFE79D
:109D70004FF0500080F31188BFF36F8FBFF34F8F08
:109D80000490FFE7FEE70198006858B1FFE74FF045
:109D9000500080F31188BFF36F8FBFF34F8F059092
:109DA000FFE7FEE7019840684DF28421C2F20041CE
:109DB0000968084227D0FFE70198006808BBFFE761
:109DC0004DF28420C2F20040026801994868904335
:109DD000486000F0C9F8019842684DF2B021C2F223
:109DE00000410868104408600198FFF7DDFB4DF260
:109DF000C821C2F2004108680130086000F0F0FAA2
:109E000000E0FFE700E0FFE7FFE706B080BD0000ED
:109E10004EF21001CEF20001002008604EF218024E
:109E2000CEF20002106042F64420C2F20040006808
:109E300044F6D352C1F26202A0FB02024FF0FF309F
:109E400000EB92104EF21402CEF2000210600720D6
:109E5000086070470000000080B584B002900020C8
:109E600001900298E0B1FFE74DF27420C2F2004089
:109E7000006858B1FFE74FF0500080F31188BFF33E
:109E80006F8FBFF34F8F0390FFE7FEE700F06CF892
:109E900002980021FFF7F8F800F0A2FA019000E024
:109EA000FFE7019860B9FFE74EF60451CEF20001DA
:109EB0004FF080500860BFF34F8FBFF36F8F00E00B
:109EC000FFE704B080BD000080B586B04DF2B4213C
:109ED000C2F20041684641600023036049F2C93084
:109EE000C0F601004BF2D631C0F60101802200F02D
:109EF0004FF903900398012823D1FFE74FF050005A
:109F000080F31188BFF36F8FBFF34F8F04904DF232
:109F1000BC21C2F200414FF0FF3008604DF2E42155
:109F2000C2F20041012008604DF21831C2F2004136
:109F30000020086000F080F808B1FFE700E0FFE7CC
:109F40000FE00398013058B9FFE74FF0500080F35D
:109F50001188BFF36F8FBFF34F8F0590FFE7FEE7C8
:109F6000FFE706B080BD00004DF27421C2F200414F
:109F7000086801300860704785B04DF27420C2F265
:109F80000040006838B1FFE74DF21C31C2F20041D9
:109F9000012008604DE04DF21C31C2F2004100206A
:109FA00008604DF27C20C2F20040006803900398E4
:109FB000B0FA80F08DF80B009DF80B00C0F11F0087
:109FC0000190019800EB800145F67410C2F2004048
:109FD00050F8210058B9FFE74FF0500080F3118886
:109FE000BFF36F8FBFF34F8F0490FFE7FEE7019839
:109FF00000EB800145F67410C2F2004000EB8100D6
:10A0000000900099486840684860009948680831A5
:10A01000884205D1FFE70099486840684860FFE73B
:10A0200000984068C06845F66411C2F200410860BB
:10A03000FFE705B07047000080B588B04EF60050CD
:10A04000CEF2000000684CF27121C4F20F11884278
:10A050000BD1FFE74FF0500080F31188BFF36F8FF3
:10A06000BFF34F8F0590FFE7FEE74EF60050CEF2AC
:10A07000000000684CF27021C4F20F1188420BD12D
:10A08000FFE74FF0500080F31188BFF36F8FBFF3ED
:10A090004F8F0690FFE7FEE74EF20040CEF2000041
:10A0A000039001780491FF21017000788DF80B0076
:10A0B0009DF80B0000F050004DF26021C2F200410B
:10A0C00008704DF26421C2F2004107200860FFE7EA
:10A0D0009DF80B00000600280DD5FFE74DF2642126
:10A0E000C2F200410868013808609DF80B0040008A
:10A0F0008DF80B00ECE74DF26420C2F200400068DE
:10A1000003280BD0FFE74FF0500080F31188BFF316
:10A110006F8FBFF34F8F0790FFE7FEE74DF264218B
:10A12000C2F20041086800020860086800F4E060BC
:10A13000086004984EF20041CEF2000108704EF61D
:10A140002051CEF20001086840F4700008600868F1
:10A1500040F070400860FFF75BFE42F63431C2F217
:10A160000041002001900860FFF78AFD4EF634712F
:10A17000CEF20001086840F040400860FFF778FA2E
:10A18000FFF7FAFEFFF7ACFA019808B080BD0000B7
:10A1900070B58CB0DDF844C0DDF840C00B900A917A
:10A1A000ADF826200893BDF826008000FFF7C0FA1E
:10A1B0000590059880B1FFE75420FFF7B9FA0790A2
:10A1C000079820B1FFE705980799086303E0059811
:10A1D000FFF7B6FDFFE702E000200790FFE70798D2
:10A1E000D8B1FFE70B980A99BDF82620089BDDF847
:10A1F00040C0119C079DEE460026CEF80C60CEF8BC
:10A200000850CEF80440CEF800C0FFF7F9F80798E0
:10A21000FEF7B6FF0120069003E04FF0FF300690F6
:10A22000FFE706980CB070BD80B586B000200290A4
:10A230004DF27420C2F200400068002840F0C58052
:10A24000FFE74DF21831C2F2004108680130019079
:10A2500001980860019858BBFFE745F66810C2F204
:10A2600000400068006858B1FFE74FF0500080F3ED
:10A270001188BFF36F8FBFF34F8F0590FFE7FEE7A5
:10A2800045F66812C2F200421068009045F670115F
:10A29000C2F2004108681060009808604DF2C021C9
:10A2A000C2F20041086801300860FFF7F5F900E0EC
:10A2B000FFE701984DF2BC21C2F2004109688842D3
:10A2C00062D3FFE7FFE745F66810C2F2004000687E
:10A2D000006840B9FFE74DF2BC21C2F200414FF0E7
:10A2E000FF3008604FE045F66810C2F20040006899
:10A2F000C068C0680490049840680390019803996E
:10A30000884207D2FFE703984DF2BC21C2F2004118
:10A31000086038E0FFE704980430FFF715FC049864
:10A32000806A28B1FFE704981830FFF70DFC00E0C1
:10A33000FFE70498C16A012000FA01F24DF27C2186
:10A34000C2F200410868104308600499C86A00EB33
:10A35000800245F67410C2F2004000EB8200043126
:10A36000FFF76EFC0498C06A45F66411C2F2004122
:10A370000968C96A884203D3FFE70120029000E020
:10A38000FFE7FFE79FE7FFE745F66410C2F20040F2
:10A390000068C06A00EB800145F67410C2F200400C
:10A3A00050F82100022803D3FFE70120029000E0CB
:10A3B000FFE74DF21C30C2F20040006818B1FFE721
:10A3C0000120029000E0FFE707E04DF2CC21C2F24D
:10A3D0000041086801300860FFE7029806B080BDC0
:10A3E00080B584B00020029001904DF27420C2F23A
:10A3F0000040006858B9FFE74FF0500080F3118823
:10A40000BFF36F8FBFF34F8F0390FFE7FEE7FFF7B8
:10A4100043FC4DF27420C2F2004001680139016032
:10A420000068002840F09280FFE74DF26C20C2F2F5
:10A4300000400068002800F08880FFE7FFE74DF249
:10A44000D020C2F200400068E0B3FFE74DF2D02018
:10A45000C2F20040C068C068029002981830FFF74E
:10A4600073FB02980430FFF76FFB0298C16A01206A
:10A4700000FA01F24DF27C21C2F20041086810435B
:10A4800008600299C86A00EB800245F67410C2F2B7
:10A49000004000EB82000431FFF7D2FB0298C06A53
:10A4A00045F66411C2F200410968C96A884207D3BF
:10A4B000FFE74DF21C31C2F200410120086000E0CC
:10A4C000FFE7BCE7029818B1FFE7FFF7E5F8FFE701
:10A4D0004DF2CC20C2F20040006800900098E0B13C
:10A4E000FFE7FFE7FFF7A0FE38B1FFE74DF21C31B1
:10A4F000C2F200410120086000E0FFE70098013847
:10A500000090FFE700980028ECD1FFE74DF2CC2146
:10A51000C2F200410020086000E0FFE74DF21C306D
:10A52000C2F20040006870B1FFE7012001904EF6D2
:10A530000451CEF200014FF080500860BFF34F8FFE
:10A54000BFF36F8F00E0FFE7FFE700E0FFE7FFF7F3
:10A55000CFFB019804B080BD4100080218BF042061
:10A560000A0E18BF40F001004FF07F4232EA0101AD
:10A5700008BF40F00200012808BF05207047000016
:10A5800010B54FF00E402DED028BB0EE408A18EE64
:10A59000104A00EB4400B0F1506F4AD84FF0FC4035
:10A5A000B0EB440F22D2B0EEC80AF7EE000A30EE4C
:10A5B000C00AF6EE000A60EE208A18EE900A00F05B
:10A5C00047FA01EE100A14F0004F1DBFDFED2D0A0F
:10A5D0009FED2D0AB1EE411ADFED2C0A08BF9FED69
:10A5E0002C0AF8EE001A21EE218A05E0DFED290A97
:10A5F00068EE088AB0EE600A9FED271ADFED271A91
:10A6000030EE080A48EE811A9FED251A08EEA11ACD
:10A61000DFED241A48EE811A9FED231A08EEA11AE5
:10A6200068EE281ABDEC028B01EE810A30EE200A9A
:10A6300010BD4FF0E440B0EB440F0CD918EE100AF7
:10A64000FFF78AFF042808BF00F0E4F9B0EE480ADB
:10A65000BDEC028B10BD4FF07F40B0EB440F07D232
:10A66000B0EE480ABDEC028BBDE8104000F0C4B962
:10A67000012000F0E7F9BDEC028BBDE8104000F0CE
:10A68000C1B900000000C9BF22AAFDB90000C93F3E
:10A6900022AAFD390000000024FE1C3DC78AD83CD8
:10A6A0001E67383D1B93993DAFAA2A3E70B54FF007
:10A6B00068422DED048BF0EE408A18EE900AB0EE61
:10A6C000608A18EE101A02EB4003B3F1654F3CBFED
:10A6D00002EB4102B2F1654F7DD200BFC0F3C75318
:10A6E000C1F3C7529A1A1B2A09DD10F0004F14BF9C
:10A6F0009FED830A9FED830ABDEC048B70BD12F1C0
:10A700001A0F36DA11F0004F09D010F0004F0CBFCD
:10A710009FED7D0A9FED7D0ABDEC048B70BD88EE38
:10A72000889A19EE100AFFF717FF042808BF00F0F7
:10A7300071F918EE900AFFF70FFF054618EE100AA0
:10A74000FFF70AFF044619EE100AFFF705FF042D74
:10A7500018BF052D08D1042C18BF052C04D10028E2
:10A7600004BF022000F06EF9B0EE490ABDEC048B84
:10A7700070BD4200B2EB410F3AD910F0004F19BF43
:10A78000DFED630A9FED630ADFED630A9FED630A65
:10A79000B0EE481A0A46B1EE688A80F00041F0EE49
:10A7A000418A10460A1A5200B2F1807F34D24840E2
:10A7B00010F0004FDFED5A1A9FED5A2A1DBFBEEE72
:10A7C000001A70EEE10A30EE420AB6EE001A08BF37
:10A7D00070EEA10A00E040E008BF30EE020AB0EEE1
:10A7E000682A01EE482A08EE818AC2EE081A15E0AE
:10A7F00011F0004F04BF9FED4C0AF0EE400AD1D09B
:10A8000010F0004F19BFDFED490A9FED490ADFED57
:10A81000490A9FED490AC5E7C8EE881A21EEA11A38
:10A820009FED462ADFED462A41EE022A9FED452A9A
:10A8300001EE222ADFED442A41EE022A9FED432A4F
:10A84000BDEC048B01EE222A21EE811A01EE020AF0
:10A8500030EE210A30EE200A70BD4FF07F42B2EB9D
:10A86000400F28BFB2EB410F09D2F0EE480AB0EE1C
:10A87000680ABDEC048BBDE8704000F0C0B840EA47
:10A8800001035B0008BF41F0FF410BD0B2EB400F6A
:10A8900008BFB2EB410F08D120F0804008EE900ACB
:10A8A00021F0804108EE101A18E7B2EB400F12BFFA
:10A8B0005FEA410340F0FF4001F000413FF40EAF7A
:10A8C000B2EB410F12BF5FEA400200F0004041F0DE
:10A8D000FF413FF403AF4A0092EA40033FF5FEAE6A
:10A8E000002AACBF9FED1A0A9FED1A0A68EE808A13
:10A8F00028EE008A18EE900A18EE101AEEE6000014
:10A90000DB0FC9BFDB0FC93FDB0F4940DB0F49C07D
:10A910000000C9BF22AAFDB90000C93F22AAFD3923
:10A920000060ED3EC30ACE3700000000000049C0C1
:10A9300022AA7DBA0000494022AA7D3A2DAD65BD0C
:10A940008FB8D53D0FB511BE61C84C3EA8AAAABEAE
:10A950000000804F0000802F00B52DED028B83B0EA
:10A96000B1EEC08B18EE100A18EE901A8DED008B28
:10A97000002818BF0120084320F00040C0F17F608C
:10A9800000F1E040C00F14D010EE101A10EE900A43
:10A990008DED000B002918BF0121084320F0004075
:10A9A000C0F17F6000F1E040C00F04BF012000F063
:10A9B00049F8B0EE480B03B0BDEC028B00BD10B5FA
:10A9C0002DED028BB1EEC08A18EE100A20F0004087
:10A9D000C0F1FF40C00F0AD010EE100A20F0004076
:10A9E000C0F1FF40C00F04BF012000F02BF8B0EE13
:10A9F000480ABDEC028B10BD30EE000A704730EE05
:10AA0000200A7047DFED020A80EEA00A70470000BE
:10AA1000000000009FED020A20EE000A70470000CF
:10AA20000000001002E008C8121F08C1002AFAD175
:10AA300070477047002001E001C1121F002AFBD1BE
:10AA40007047000001490860704700008408002436
:10AA500010B500EE100A2DED028BB1EEC08A18EE93
:10AA6000100A20F00040C0F1FF40C00F0AD010EEE5
:10AA7000100A20F00040C0F1FF40C00F04BF0120C9
:10AA8000FFF7E0FF18EE100ABDEC028B10BD0000CE
:10AA900000000000000000000000000000000000B6
:10AAA00000000000010000000200000003000000A0
:10AAB000040000000000000005000000000000008D
:10AAC0000000000000000000060000000000000080
:10AAD000000000000000000007000000B4B30108FF
:10AAE000E90B000801000000000000000002000067
:10AAF000C1B3010851DB00080300000000000000A2
:10AB000000020000A8B3010879FD0008020000005F
:10AB10000000000080000000CAB3010871020108B3
:10AB2000000000000000000080000000000016444B
:10AB30000000000000007A450000164400000000FC
:10AB400000007A4500000000010203040102030432
:10AB5000060708090001020304050607080C101483
:10AB600018203040000610160006101608040204D3
:10AB700008010101010101030701000001000200B9
:10AB80000400060008000A000C001000200040002D
:10AB90008000000100000040000000400000E04094
:10ABA0000000E04000000000920E493CB10AC93CA0
:10ABB0002BC3163D2EFB483D752B7B3D04A9963DCE
:10ABC00080B6AF3D36BDC83D2FBCE13D73B2FA3D06
:10ABD00087CF093E8340163EB5AB223EA2102F3EE2
:10ABE000CF6E3B3EC2C5473E0115543E135C603EEE
:10ABF0007F9A6C3ECCCF783EC07D823E938E883E5D
:10AC0000229A8E3E32A0943E86A09A3EE59AA03EBD
:10AC1000128FA63ED47CAC3EEF63B23E2A44B83ECF
:10AC2000491DBE3E15EFC33E53B9C93ECA7BCF3E58
:10AC30004136D53E80E8DA3E4F92E03E7533E63E3F
:10AC4000BBCBEB3EEA5AF13ECBE0F63E275DFC3E45
:10AC5000E4E7003F3D9C033F824B063F9BF5083FE6
:10AC60006B9A0B3FDA390E3FCDD3103F2A68133F62
:10AC7000D9F6153FC07F183FC6021B3FD17F1D3F4D
:10AC8000CBF61F3F9967223F25D2243F5636273FF8
:10AC90001594293F4AEB2B3FDE3B2E3FBB85303FCF
:10ACA000C9C8323FF304353F233A373F4268393F42
:10ACB0003B8F3B3FF9AE3D3F67C73F3F70D8413FB9
:10ACC00001E2433F03E4453F65DE473F12D1493F80
:10ACD000F8BB4B3F029F4D3F207A4F3F3D4D513FC8
:10ACE0004918533F31DB543FE595563F5348583F91
:10ACF0006AF2593F1A945B3F532D5D3F05BE5E3F9C
:10AD00002146603F97C5613F5A3C633F59AA643F63
:10AD1000880F663FD86B673F3CBF683FA7096A3F13
:10AD20000C4B6B3F5E836C3F93B26D3F9ED86E3F82
:10AD300073F56F3F0809713F5213723F4714733F19
:10AD4000DD0B743F0BFA743FC6DE753F07BA763FE2
:10AD5000C58B773FF853783F9812793F9DC7793F6D
:10AD600002737A3FBE147B3FCDAC7B3F283B7C3FD8
:10AD7000C9BF7C3FAC3A7D3FCCAB7D3F23137E3FC8
:10AD8000B0707E3F6DC47E3F580E7F3F6D4E7F3F5B
:10AD9000AB847F3F0FB17F3F97D37F3F43EC7F3F33
:10ADA00011FB7F3F0000803F11FB7F3F43EC7F3F63
:10ADB00097D37F3F0FB17F3FAB847F3F6D4E7F3F87
:10ADC000580E7F3F6DC47E3FB0707E3F23137E3FA1
:10ADD000CCAB7D3FAC3A7D3FC9BF7C3F283B7C3F3D
:10ADE000CDAC7B3FBE147B3F02737A3F9DC7793F5A
:10ADF0009812793FF853783FC58B773F07BA763F73
:10AE0000C6DE753F0BFA743FDD0B743F4714733F8A
:10AE10005213723F0809713F73F56F3F9ED86E3F22
:10AE200093B26D3F5E836C3F0C4B6B3FA7096A3F4B
:10AE30003CBF683FD86B673F880F663F59AA643FA5
:10AE40005A3C633F97C5613F2146603F05BE5E3F68
:10AE5000532D5D3F1A945B3F6AF2593F5348583F68
:10AE6000E595563F31DB543F4918533F3D4D513F27
:10AE7000207A4F3F029F4D3FF8BB4B3F12D1493FD5
:10AE800065DE473F03E4453F01E2433F70D8413F61
:10AE900067C73F3FF9AE3D3F3B8F3B3F4268393F7D
:10AEA000233A373FF304353FC9C8323FBB85303FB3
:10AEB000DE3B2E3F4AEB2B3F1594293F5636273F6A
:10AEC00025D2243F9967223FCBF61F3FD17F1D3FFC
:10AED000C6021B3FC07F183FD9F6153F2A68133FB3
:10AEE000CDD3103FDA390E3F6B9A0B3F9BF5083FED
:10AEF000824B063F3D9C033FE4E7003F275DFC3E5D
:10AF0000CBE0F63EEA5AF13EBBCBEB3E7533E63E74
:10AF10004F92E03E80E8DA3E4136D53ECA7BCF3ED6
:10AF200053B9C93E15EFC33E491DBE3E2A44B83E43
:10AF3000EF63B23ED47CAC3E128FA63EE59AA03EB3
:10AF400086A09A3E32A0943E229A8E3E938E883EF0
:10AF5000C07D823ECCCF783E7F9A6C3E135C603ED3
:10AF60000115543EC2C5473ECF6E3B3EA2102F3E58
:10AF7000B5AB223E8340163E87CF093E73B2FA3D01
:10AF80002FBCE13D36BDC83D80B6AF3D04A9963D1E
:10AF9000752B7B3D2EFB483D2BC3163DB10AC93CAA
:10AFA000920E493C00000000920E49BCB10AC9BC97
:10AFB0002BC316BD2EFB48BD752B7BBD04A996BDCA
:10AFC00080B6AFBD36BDC8BD2FBCE1BD73B2FABD02
:10AFD00087CF09BE834016BEB5AB22BEA2102FBEDE
:10AFE000CF6E3BBEC2C547BE011554BE135C60BEEA
:10AFF0007F9A6CBECCCF78BEC07D82BE938E88BE59
:10B00000229A8EBE32A094BE86A09ABEE59AA0BEB9
:10B01000128FA6BED47CACBEEF63B2BE2A44B8BECB
:10B02000491DBEBE15EFC3BE53B9C9BECA7BCFBE54
:10B030004136D5BE80E8DABE4F92E0BE7533E6BE3B
:10B04000BBCBEBBEEA5AF1BECBE0F6BE275DFCBE41
:10B05000E4E700BF3D9C03BF824B06BF9BF508BFE2
:10B060006B9A0BBFDA390EBFCDD310BF2A6813BF5E
:10B07000D9F615BFC07F18BFC6021BBFD17F1DBF49
:10B08000CBF61FBF996722BF25D224BF563627BFF4
:10B09000159429BF4AEB2BBFDE3B2EBFBB8530BFCB
:10B0A000C9C832BFF30435BF233A37BF426839BF3E
:10B0B0003B8F3BBFF9AE3DBF67C73FBF70D841BFB5
:10B0C00001E243BF03E445BF65DE47BF12D149BF7C
:10B0D000F8BB4BBF029F4DBF207A4FBF3D4D51BFC4
:10B0E000491853BF31DB54BFE59556BF534858BF8D
:10B0F0006AF259BF1A945BBF532D5DBF05BE5EBF98
:10B10000214660BF97C561BF5A3C63BF59AA64BF5F
:10B11000880F66BFD86B67BF3CBF68BFA7096ABF0F
:10B120000C4B6BBF5E836CBF93B26DBF9ED86EBF7E
:10B1300073F56FBF080971BF521372BF471473BF15
:10B14000DD0B74BF0BFA74BFC6DE75BF07BA76BFDE
:10B15000C58B77BFF85378BF981279BF9DC779BF69
:10B1600002737ABFBE147BBFCDAC7BBF283B7CBFD4
:10B17000C9BF7CBFAC3A7DBFCCAB7DBF23137EBFC4
:10B18000B0707EBF6DC47EBF580E7FBF6D4E7FBF57
:10B19000AB847FBF0FB17FBF97D37FBF43EC7FBF2F
:10B1A00011FB7FBF000080BF11FB7FBF43EC7FBF5F
:10B1B00097D37FBF0FB17FBFAB847FBF6D4E7FBF83
:10B1C000580E7FBF6DC47EBFB0707EBF23137EBF9D
:10B1D000CCAB7DBFAC3A7DBFC9BF7CBF283B7CBF39
:10B1E000CDAC7BBFBE147BBF02737ABF9DC779BF56
:10B1F000981279BFF85378BFC58B77BF07BA76BF6F
:10B20000C6DE75BF0BFA74BFDD0B74BF471473BF86
:10B21000521372BF080971BF73F56FBF9ED86EBF1E
:10B2200093B26DBF5E836CBF0C4B6BBFA7096ABF47
:10B230003CBF68BFD86B67BF880F66BF59AA64BFA1
:10B240005A3C63BF97C561BF214660BF05BE5EBF64
:10B25000532D5DBF1A945BBF6AF259BF534858BF64
:10B26000E59556BF31DB54BF491853BF3D4D51BF23
:10B27000207A4FBF029F4DBFF8BB4BBF12D149BFD1
:10B2800065DE47BF03E445BF01E243BF70D841BF5D
:10B2900067C73FBFF9AE3DBF3B8F3BBF426839BF79
:10B2A000233A37BFF30435BFC9C832BFBB8530BFAF
:10B2B000DE3B2EBF4AEB2BBF159429BF563627BF66
:10B2C00025D224BF996722BFCBF61FBFD17F1DBFF8
:10B2D000C6021BBFC07F18BFD9F615BF2A6813BFAF
:10B2E000CDD310BFDA390EBF6B9A0BBF9BF508BFE9
:10B2F000824B06BF3D9C03BFE4E700BF275DFCBE59
:10B30000CBE0F6BEEA5AF1BEBBCBEBBE7533E6BE70
:10B310004F92E0BE80E8DABE4136D5BECA7BCFBED2
:10B3200053B9C9BE15EFC3BE491DBEBE2A44B8BE3F
:10B33000EF63B2BED47CACBE128FA6BEE59AA0BEAF
:10B3400086A09ABE32A094BE229A8EBE938E88BEEC
:10B35000C07D82BECCCF78BE7F9A6CBE135C60BECF
:10B36000011554BEC2C547BECF6E3BBEA2102FBE54
:10B37000B5AB22BE834016BE87CF09BE73B2FABDFD
:10B380002FBCE1BD36BDC8BD80B6AFBD04A996BD1A
:10B39000752B7BBD2EFB48BD2BC316BDB10AC9BCA6
:10B3A000920E49BC0000008052454D4F544F5F54EF
:10B3B00041534B00434841535349535F5441534B0E
:10B3C00000494E535F5441534B0064656661756C90
:10B3D000745461736B0049444C4500434443204915
:10B3E0006E746572666163650043444320436F6E0B
:10B3F0006669670053544D6963726F656C65637469
:10B40000726F6E6963730053544D33322056697204
:10B410007475616C20436F6D506F72740000000092
:10B42000891112239B322446AD573665BF74488C70
:10B43000C19D5AAFD3BE6CCAE5DB7EE9F7F8811037
:10B44000080193331A22A5562C47B7753E64C99C50
:10B45000408DDBBF52AEEDDA64CBFFF976E8022116
:10B460008B30100299132667AF763444BD554AAD30
:10B47000C3BC588ED19F6EEBE7FA7CC8F5D98331F7
:10B480000A2091121803A7772E66B5543C45CBBD10
:10B4900042ACD99E508FEFFB66EAFDD874C90442D6
:10B4A0008D5316619F702004A9153227BB364CCEF0
:10B4B000C5DF5EEDD7FC6888E1997AABF3BA8552B7
:10B4C0000C4397711E60A1142805B3373A26CDDED0
:10B4D00044CFDFFD56ECE9986089FBBB72AA066396
:10B4E0008F7214409D512225AB343006B9174EEFB0
:10B4F000C7FE5CCCD5DD6AA9E3B8788AF19B877377
:10B500000E6295501C41A3352A24B1163807CFFF8F
:10B5100046EEDDDC54CDEBB962A8F99A708B088455
:10B5200081951AA793B62CC2A5D33EE1B7F0400887
:10B53000C919522BDB3A644EED5F766DFF7C89941E
:10B5400000859BB712A6ADD224C3BFF136E0C11867
:10B550004809D33B5A2AE55E6C4FF77D7E6C0AA5FD
:10B5600083B4188691972EE3A7F23CC0B5D1422947
:10B57000CB38500AD91B666FEF7E744CFD5D8BB5DE
:10B5800002A499961087AFF326E2BDD034C1C33927
:10B590004A28D11A580BE77F6E6EF55C7C4D0CC6BD
:10B5A00085D71EE597F42880A1913AA3B3B2444A07
:10B5B000CD5B5669DF78600CE91D722FFB3E8DD69E
:10B5C00004C79FF516E4A9902081BBB332A2C55AE7
:10B5D0004C4BD7795E68E11C680DF33F7A2E0EE77D
:10B5E00087F61CC495D52AA1A3B03882B193466BC7
:10B5F000CF7A5448DD59622DEB3C700EF91F8FF75E
:10B6000006E69DD414C5ABB122A0B9923083C77BA6
:10B610004E6AD5585C49E33D6A2CF11E780F000054
:10B6200040B6010800000024602B00001004000850
:10B6300040CA0108602B0024C0AF000034AA0108F2
:10B6400002FF000101FF0101FF0101FF0101FF01F4
:10B6500001FF0101FF0101FF01017F01002F2E8089
:10B660003F8116EBA8A779EBA870D92629F1B6512E
:10B6700029905A27296F12833A1C4CD8A3FE20DB4D
:10B68000A392071924611642244FC01C245E203166
:10B690005DDE873516658FB712E02AB4A33A77B41A
:10B6A000202B81B5F59D7634A57FB92F42C7C3B154
:10B6B0009D4D69AE98C3A8AE2E5BB0AF735BA82E4C
:10B6C00030212C21342128213021382130212C21F6
:10B6D00034212821302138055E08012E4604191630
:10B6E00079AD043BB7080CBD29E0A6B9007AF1B9E1
:10B6F0009249FCBA99D7F039082130212C21342104
:10B700002821302138051608098E1010318D400C83
:10B71000354B0A2DB7CC27C433B66B7A3586820CED
:10B720003525A30DB4AF7D3F2F2D406CB146E80504
:10B730002E23F5AA2FC1D73F2F915F41AE3012B50E
:10B740002C12B33412372812343012B53812B530F7
:10B7500012AF2C12AE34123128122E3012AF380E26
:10B760008EAF180304191662F8883A0DFCA8BC794C
:10B77000903F39DC8DF43A2338893AFB4F8AB90877
:10B78000113012BA2C12B934123C2812393012BAC4
:10B79000380616BA080D9220042815DBBF53390C61
:10B7A00018C8324F5DB7B9032E81333CC235B31090
:10B7B00000458E2A8D90333398082D885AFAB3D7D6
:10B7C0005EB02DC72778AD1EAB6AB389591135D14C
:10B7D000279D36DDACCDB5837285B583EAACB6C79F
:10B7E00031A0AD6B73462FD791D6305B680CB03863
:10B7F00033B6AFB717ECB0EE04191689A0203C5C45
:10B80000C9CE3E8F6843381F1133BFF04EFC384A13
:10B8100081B1B808041916412DE5B873F38D3AB912
:10B8200079193C2BDE48BB7E5102BBB1DE28BC0837
:10B83000018EF025B021A421AC25A825B025B8257E
:10B84000B025AC25B425A825B025B82D2805290C90
:10B8500029142500291029182910290C2914290830
:10B8600029102918018EF025B025AC25B425A8256E
:10B87000B025B80516082910290C29142908291003
:10B880002918051608018EF02031E81A7D352B0A9B
:10B8900013B828A97DB44A0DC3378A0599B5BC1AD7
:10B8A000D23463C8AC2F92C348B29F2AADAEF02702
:10B8B0000532E0EDD0AF696E0F2F30212C213421FD
:10B8C00028213021382130212C21342128213021F8
:10B8D000382D38072C15559A20295C1A202957C174
:10B8E00067A9E2FE90A9B07066A9400800155E0F36
:10B8F00020C72257BAC0225F8016A35BDB37A3DCC8
:10B90000180EA3F0041916F32CF73A74988FBDE0C3
:10B91000B9F7B9077C3E3D167115BBC72E4D3A08E5
:10B920002130212C2134212821302138051608040A
:10B930001916E23E923DE1988BA681C688A686E55F
:10B94000C826DC56F826327DC1260820213333EB89
:10B950003A58A08B3AAC8FBB34DFE78436D9FC9DD4
:10B9600035020FC3B5042734340F3254B5182114EF
:10B97000211C2110211821202019C6EA05B34BC72C
:10B98000ACB50C7528B377431536358C4033B6A665
:10B99000A932182114211C2110211821202019A2BC
:10B9A00029373ADBCA013CEC481A3BA87C3EBB1A5B
:10B9B000EEAF398F39CFBA182114211C211021186C
:10B9C00021202019BCC682B84CBC28BB4D82A4B82B
:10B9D000E2C3913BEB08BC38CDAC253818211421CB
:10B9E0001C2110211821201019816D02B7A6411ABF
:10B9F0003656E231B597267DB5596C8BB3FC2DF4E4
:10BA0000341812371412351C12B61012B41812332F
:10BA100020101A3502F735B372F82BB5BADBBC32F9
:10BA20005E869A35579FDAB22D7043B218123314DE
:10BA300012B21C1235101232182120101AB50ABD8C
:10BA40007EBCF3A4963BB0B5ADBA0437F7BA58281C
:10BA500008B9E8746E3A18123C14123A1C12BB1062
:10BA60002118123920101A3A38B3B1B84BF1A7BADD
:10BA7000A66F383838E7163B9B7F55B8B2DDBEB7A6
:10BA800018123814211C123A101237182120248D54
:10BA9000BB91BB9DB63064BCB7ADC606B425723C45
:10BAA00038F1B88932DC551D3463B810B68A59A212
:10BAB000B5D7EF3DB54422B13693A51D345F31545F
:10BAC00035B729BF36B1DFB0B7630B8431C8E9E6BB
:10BAD00037173985B186897CB1D5DCBF337103ACAA
:10BAE00032092462B4A3B30DB4F58A4B331149660D
:10BAF000342B091ABCD7F937BD5C9F83B9FF07B84F
:10BB00003D9B7E063888A89939E8548DBBCC8E1EA3
:10BB1000BB3B7EB9BA76FB2C3C5AF2999820323A5C
:10BB2000E6AD3A3C67B92CBD8CF30037417F613DEF
:10BB30002F1A02B705A0F6B6BB5E3B39CD012838F7
:10BB400089D8DCB96D618AB9A0C4C6385AE3E03936
:10BB5000A821A421AC21A021A821B021D821D42141
:10BB6000DC21D021D821E021A821A421AC21A021D1
:10BB7000A821B021D821D421DC21D021D821E02155
:10BB8000A821A421AC21A021A821B021D821D42111
:10BB9000DC21D021D821E021A821A421AC21A021A1
:10BBA000A821B021D821D421DC21D021D821E02026
:10BBB0001952487AB6FF91D936653BD13525ABA2EB
:10BBC000B67B6D5534E0D4B4B5182114211C211076
:10BBD000211821202019FC6755B622E551B4CD3734
:10BBE00059B36ED27B35431D64334299103318210B
:10BBF00014211C2110211821202019A16AF4BBBC9A
:10BC000077543C01544C3B8DDB1EBC426ED039E373
:10BC10009730BB182114211C211021182120201934
:10BC20006368D0BBCAFDCCB97E20D4B82EEEF53AFD
:10BC30006EC2DE3834368D38182114211C211021B3
:10BC40001821201C0982810100204E204E33071F3D
:10BC5000020138070E381173071F020278070239F4
:10BC600012401E03B807023913401E04F8070235BC
:10BC700014BD21FC1200C103200102240004FF02B4
:10BC800002000101FF010D41B40910063934010819
:10BC9000A90412C90412F10C100A41350108E93354
:10BCA0000108590C2DE40820099A99193F684A9F08
:10BCB0002E04200902189530759326B0082009CA71
:10BCC00015833A50901B34042009BA97113601AC01
:10BCD000A2B50810094D7AC6A3483BD12F04100A1B
:10BCE000AFFEB5C9AFEAA686A408100A2FE7A94897
:10BCF0002334534C3504100AB5BAFB44B5B906DBFE
:10BD000026082032357ED7873561698FB79D822A14
:10BD1000B4AFD776B4892281B53D59763464988121
:10BD2000B4299C8AB63C30373577E6423562DC036D
:10BD300035B3E704B530212C2134212821302138B6
:10BD40002130212C213421282130213820096CE098
:10BD500099AF0A0103300420096DB19FAFBE493B82
:10BD6000B00820097A4416B508DE7F35042009E5BD
:10BD7000F11BB504E6B6B508000512FFC35C33D865
:10BD8000200927A0193F45EC97390420092C2E8E55
:10BD90003BF9DB1EBB08600536F3A822D810096A00
:10BDA000FC44B50492692508100A35CFBD1524E975
:10BDB00087C73A04100ABA7C5CC0BA8CBDE9260871
:10BDC00020323A1EAA043BE90C0CBD8D83A6B95D56
:10BDD00019F1B9CB38FCBA7D94F03900F0FCB9699F
:10BDE0007407BC17E3B23A0951BE3AD0BA803A4060
:10BDF000C781BA30212C213421282130213821302B
:10BE0000212C213421282130213821D8200558DD4A
:10BE10007F35044394F2D8210820098BBF92BA2BB6
:10BE2000E0F93A042009E54A98BAA09C32BB08B46C
:10BE300004ED880BB02405C8BC3225B0A0051A9AC1
:10BE40007E23D8200580C1E124D82910201D6CC88C
:10BE50006F2A8B326F2AE29984AD08E5022EA197F2
:10BE600084AD170E843A1896EA2F042009607F01EA
:10BE7000B308A47F33086DBC0F2C290D1AC43336C8
:10BE8000717A35E7780C35E78F0DB4929C0D30123E
:10BE900027463329135DB3070A2934616194B4043A
:10BEA000970134BC0F112C3DC410112812343012EC
:10BEB000B53812B53012B02C12333412B32812B484
:10BEC000301234381022B4A92F9F24352AB22D7590
:10BED0002CB2AD1FF4F4AD7A67A7265FF6F42D7689
:10BEE000A965236AFF2D3304100AB3B3396FB34B2E
:10BEF00036002708A8063314AE22A3882805F1D6F9
:10BF000004A588A405093F4B23B02405B78B9725CA
:10BF1000B0000512A7A7FB36D82009A4701D3FE387
:10BF2000156535042009DAED7CB81DA5F938082D12
:10BF3000C4102C2DF4F9A8BC5E803F393791F43A37
:10BF4000122E893ADF3F8AB9F9D6A1356F3EBA3849
:10BF5000C1D6D7B8BE3EA539B0DB10BA870D7D3942
:10BF6000C410112C12B934123C2812393012BA38CC
:10BF700012BA3012B52C12383412B82812B9301255
:10BF80003A386006B92344C322D8100999386FB3F0
:10BF9000EDC0992508100A33252C4B236EEBA938E8
:10BFA00004100AB86B9FE9B89B2A0C27082862384E
:10BFB00011E304AFA5BD0DB14399BB2F2798C72F3F
:10BFC0000D1D872F321D88AF1EC781B4336B8AB613
:10BFD000AB33373596EA4235AFF1033583EC04B520
:10BFE0000BFD3F2A5D07DA2D5984E2AD39C0AC2E36
:10BFF0005C0A18AF9ABF842EC7D5BB2FE5DC54333B
:10C0000026345DB3D1B42834BE7894B402A201348E
:10C01000102DB00E4FCF6DC4102809C8E181337DBB
:10C020002836B3104C1BF59887B4BB29A8331FE002
:10C0300005B647A72F35A1EE46B46AAE6AB3695577
:10C04000BC0FA0556DA9CDB5809385B5A7E9ACB659
:10C050003FFADEB1943B03B4FFC201B47A67873480
:10C06000528A00B68DC28634053C68AD7EA6BDAE50
:10C070001598762E8857B82E80B3E52D31C889AE35
:10C080009DCAE2B2AF4039B49ED1F033470E34348A
:10C090007E536033F38C06B4D8400746EB42355FDD
:10C0A000F2D840239077FDB9B02C07BCCDE9B23A65
:10C0B0001A5BBE3A07DB803AF8CE81BA4C7ABB2FC6
:10C0C00030EB54333F35D8431E7AD84C1BC46E37FF
:10C0D00035B8DFCF381307D8B894C0A43995FE100F
:10C0E000BA1C337D39FFBFC4104F4FBCC4101C2A8B
:10C0F00046B1FD389DE4B1B8FC6F1D3F7049E5B90C
:10C100005C3A2439889686BBAF88AB3AB947C2B946
:10C110009F32E5B818F08D3A4EC410402B22D94812
:10C12000BB5F7102BB7FDA28BCB10D5AB75D1180CD
:10C13000B968CB7BB98019043ADF147BBBE52503D2
:10C140003AD0CCE2B2B135D8830806D82419CA78DF
:10C150005DB883EAB4B9B42C6B3949D7AF398911CA
:10C16000DB38A66583B9E025DC25E425D825E02564
:10C17000E825E02504250C250025E025E815E01636
:10C18000AADC162DE416ADD816AEE0162FE816AED2
:10C19000E016AFDC1633E416B30016B4E01634E84C
:10C1A00035B025AC25B425A825B025B825B025ACDB
:10C1B00025B425A825B025B82910290C291429084B
:10C1C00029102DC4102910290C29142908291029F7
:10C1D0001825E02405F596762EE42405A1C789AE3E
:10C1E000E025E825E025DC25E4250025E025E8E13B
:10C1F000D825E025E825E025DC25E425D825E0251F
:10C20000E815E016AFDC1633E431D815E031D81567
:10C21000E016B5DC1638E416B8D816B9E0163AE8D8
:10C2200035B025AC25B425A825B025B825B025AC5A
:10C2300025B425A825B025B82910290C2DD81229F8
:10C240000829102DDC122910290C2914290829107D
:10C25000291825E021D825E461D825E825E025DC4A
:10C2600025E425D825E025E80D1AC0060D12E805BD
:10C270001C0583D7D6A20C053D10051D08052C060C
:10C28000AD7F1C40A51005AC056B5B45A438042CA4
:10C2900005AD5FE5A538045E38BC0F8F6A9BC410FE
:10C2A000201D1D11D2341E18E0B244C045B4A3A510
:10C2B000F03355583C3494B05E33376906B43021BE
:10C2C0002C2DF81021286DC4102130212C2134216F
:10C2D00028213021382009399C193F5425532E0438
:10C2E0002009629825AE13B7ABAE082D20042005B7
:10C2F000C135CE33042009A9BAA1B36EB227B40860
:10C300000D1698070D16C006AC052E031722E8057A
:10C310002C055762F024E805AC056EB7FDA31005A7
:10C320002C057577C5A510056DC4108FC5A9C4105F
:10C330002C1DBA264D3A408459B82F4CC7B948EC49
:10C340006A39D907BC3981ADD8384D3183B9C410A9
:10C35000212C213421286DC4102130212C2134219D
:10C3600028213021380005121343923DD8200905B9
:10C370006E1D3F08614939042009C0EF1DB997C5FA
:10C38000A3B90820F1230D8A37FCBB88B6B776B96C
:10C3900037165D4D398F473AB9262E0D39D5D0065F
:10C3A0003D7B8505BCFB1E353DE78CC83EE2E9B50B
:10C3B000BE61E0893E42E718B923CF5C39D3D15C36
:10C3C000B9FA4C4DB9EC31D4B3316D4D39D75195E3
:10C3D000BEF9A0D73E37A6D7BE2C7DC8BEE63A4FE1
:10C3E000B9529BC83E65FDB2B8BDF28BB913465435
:10C3F00039754076389F46A338E99044B9FBCB2E77
:10C40000BE0DAB08BFBE4DCF3E247FF03D10751F63
:10C410003E34F4BFBE83F0B2B8EC055139444C4B06
:10C42000B9618B3CB92A58A138304F5A38E0BE2E3A
:10C43000BE1821CC3ECA89C6BE1D20B8BE19901DAB
:10C440003EA037D53DB44122B9DEDF8739D27088AE
:10C4500039D12132B914C6BBB946C634B9DA729E95
:10C46000BE46B1043FD53E053F55F6ADBEBF603771
:10C47000BFA089B0BEF021EC21F421E821F021F821
:10C4800021F021EC21F421E821F021F811F021EC38
:10C490001239F412B9E821F01233F821F021EC122C
:10C4A0003EF412BEE821F01239F8223EC021BC2130
:10C4B000C421B821C021C821C021BC21C421B82178
:10C4C000C021C82520251C25242518252025282500
:10C4D00020251C252425182520252821F021EC21A4
:10C4E000F421E821F021F821F021EC21F421E821C8
:10C4F000F021F820F1EA170837F5BE55B81F3321AF
:10C50000B891E937BAE0E895394026043A32E88430
:10C510003C6FBBD0BDEC6B9DBDC898B3BF1366121A
:10C520003FB30C813F6FBCB2B72FBD81BACE74C888
:10C53000B995EAA73A2E8702BB75643C3A058C2E62
:10C54000BDCF66FDBF6AC143BFB9FC234007F07E83
:10C55000C072F9B73FFB0492396545013A08FFA65E
:10C560003926E1A5B9619F253BDAB834BADD980ECA
:10C570003FD97C7C3F0E15233FD6FF21BFA5BDA12F
:10C5800040857CB0BFA06EA0B829CE6EBAE51688F3
:10C59000B987EEA33AA10532BB00C5693908AC1CC6
:10C5A000BE0534E9BF04E704BF931820407FD9AD2E
:10C5B000C0514EE43E148141B93BD8ACBA66D614A2
:10C5C0003AFB07913A6231073A63501EBA0EF8BC43
:10C5D000BE29CB28C01058913F27A00D40310884B8
:10C5E0003F31999ABFF021EC21F421E821F021F8A4
:10C5F00021F021EC21F421E821F021F811F012378B
:10C60000EC1239F4123AE812BAF0123BF812BAF00E
:10C61000123DEC123FF4123FE812BFF01240F82234
:10C62000C0C021BC21C421B821C021C821C021BC67
:10C6300021C421B821C021C82520251C2524251866
:10C64000252025282520251C2524251825202528BA
:10C6500021F021EC21F421E821F021F821F021EC56
:10C6600021F421E821F021F810F0091B0AC0A323CE
:10C670001DC060E5104080487B4044FA09C08048F6
:10C68000DFBF1EA748C018608F3EBEC1AF407424F4
:10C69000AF3F5BB1E5C093A9A8C0E17A62C17FFB5F
:10C6A00008412575FCC09031C7C0B43C9F3EFF21B6
:10C6B000FB4070997BBF51DAA33F8CB9A3BF725086
:10C6C0007ABF5CACE83D0000A83F51DA0BC0C976E8
:10C6D000CDC1AD690F4114AE6341EC5120411058FA
:10C6E00039C1FF09DEBE3CBD52C0E10BD33FC6F9E4
:10C6F0001B3FD5262E3FFC18FBBF0F0B01C010E9D6
:10C70000C1403789ABC127C2AAC017D93A418B6C47
:10C7100089419127D9BEA245863F58A81DC004046F
:10C720001BBF219582BD7E1DA83FE17AA7C154E3BE
:10C73000EF411F856B41C74B82C119044AC1D26FBB
:10C74000F7C09A9999BF091BD63FABCFD53FF706E3
:10C7500017BFFB3A10C0228E8514320AEC21F42157
:10C76000E841F0237B40F021EC21F421E821F02185
:10C77000F811F021EC1240F412C1E821F012BEF8D9
:10C7800021F021EC11E01EA3F01722A8F012BDF851
:10C79000223FC021BC21C421B821C021C821C02111
:10C7A000BC21C421B821C021C82520251C25242551
:10C7B00018252025282520251C2524251825202559
:10C7C0002821F021EC21F421E821F021F821F021A9
:10C7D000EC21F421E821F021F8148D66669E3F7962
:10C7E000E9C84108ACB3C158B943C261C323C060B2
:10C7F000652442832F04401D5AD041E5D0E1C19603
:10C80000C353C29FCD923F87164842FC1893BF8105
:10C81000950AC297A81EBF2D322942CB2109C2B466
:10C82000C824413BAA9ABD20D291C0DF8949BFE00C
:10C830002DB040006FC9C0C58FF13FAA60D640C976
:10C84000F68342BC0506C1546387C2A8C679424A32
:10C850000C2041BC96803F6F12FD4005A322C07F93
:10C860006AFAC066F79240B0100940FED4F0BF41AA
:10C870008217E81F98C18C0F2052417DBFBFC26054
:10C88000E5D5418CB96BBEFA0AD2BD48503CC075A3
:10C890000232C007CEFFC07CF26440E13A05C350CB
:10C8A0008D28C20C0204C17B1407423D0AA6413FF9
:10C8B000C61440CFF773C0524959C0576010BF60CB
:10C8C00093C53EFA7E2240C66DBC3FF021EC21F4B8
:10C8D00021E821F021F821F021EC21F421E821F0D8
:10C8E00021F811F0123FEC123FF41242E812C1F0AD
:10C8F0001242F812C2F0123DEC123FF41240E8125C
:10C90000BFF01240F822C0C021BC21C421B821C010
:10C9100021C821C021BC21C421B821C021C82520A3
:10C92000251C25242518252025282520251C2524DF
:10C9300025182520252821F021EC21F421E821F0DB
:10C9400021F821F021EC21F421E821F021F80D1447
:10C9500064132007FA000090D003041C0749270144
:10C9600008792424114E2A1011400B692501081161
:10C970002301080924106D9C20100669260108F97E
:10C980001C12D90812E1242C04090243CD141C0402
:10C99000C0320912141301020B1C210524001001DE
:10C9A00005240100010424020205240600010705F4
:10C9B000820308001009040100020AF91420060786
:10C9C00005010240072281072C04000A060E142FDD
:10C9D000004014151212231DDD141006408304407C
:10C9E0005759130203151006810B00087904121918
:10C9F0000812B90412D10C0C071B040309041A0312
:10CA000062143DBC1A2C05C3F51C41681B2D701522
:10CA100012101012AA012C257D04017C000240ABEB
:10CA2000034101055308065804070F000810810947
:10CA300011000A15800B16000C18010DB012000031
:04000005080002CD20
:00000001FF
