:020000040800F2
:10000000B0BB0024E102000819E7000801D800088D
:1000100011E70008090B0008796B010800000000D7
:1000200000000000000000000000000051F7000880
:100030006125000800000000B1EE000849FA000840
:10004000FB020008FB020008FB020008FB0200089C
:10005000FB020008FB020008FB020008FB0200088C
:10006000FB020008FB020008FB020008F116000872
:1000700001170008111700082117000831170008A0
:100080004117000851170008FB0200080927000863
:10009000A1270008FB020008FB020008FB02000881
:1000A000FB020008FB020008FB020008FB0200083C
:1000B00099FC0008FB020008FB020008FB02000894
:1000C000FB020008FB020008FB020008FB0200081C
:1000D00061F50008FB020008B9140108FB020008E2
:1000E000FB020008FB02000800000000FB02000801
:1000F000FB020008FB020008FB020008FB020008EC
:10010000FB020008FB020008FB020008FB020008DB
:10011000FB02000821050108FB020008FB020008A1
:10012000FB020008FB020008FB020008FB020008BB
:10013000FB020008FB020008FB020008FB020008AB
:1001400000000000000000000000000000000000AF
:10015000FB020008FB020008FB020008FB0200088B
:10016000FB020008FB020008FB020008FB0200087B
:10017000FB02000891E70008FB02000800000000F5
:10018000FB020008FB020008FB020008FB0200085B
:10019000FB020008FB020008FB020008FB0200084B
:1001A000FB020008FB020008FB0200080000000040
:1001B000FB020008FB020008FB020008FB0200082B
:1001C000FB020008FB020008000000000000000025
:1001D0000000000000000000FB020008000000001A
:1001E000000000000000000000000000000000000F
:1001F0000000000000000000FB020008FB020008F5
:10020000FB020008FB02000800000000FB020008DF
:10021000FB020008FB020008FB020008FB020008CA
:10022000FB02000800000000FB02000800000000C4
:10023000FB020008FB02000800000000FB020008AF
:10024000FB020008FB020008FB020008FB0200089A
:10025000FB020008FB020008FB020008FB0200088A
:10026000FB020008FB020008FB020008FB0200087A
:10027000FB020008FB020008FB020008000000006F
:10028000FB020008FB020008FB020008FB0200085A
:1002900000000000FB020008FB0200080000000054
:1002A00000000000FB020008FB020008FB0200083F
:1002B000A9140108FB020008FB0200083928000805
:1002C000FB020008FB020008FB020008DFF80CD06C
:1002D00000F08CF80048004769810108B0BB002499
:1002E0000648804706480047FEE7FEE7FEE7FEE7D0
:1002F000FEE7FEE7FEE7FEE7FEE7FEE759FB000844
:10030000CD0200082DE9F05F0546002092469B468D
:1003100088460646814640241BE02846414647461B
:10032000224600F053F853465A46C01A914110D362
:1003300011461846224600F03AF82D1A67EB0108DC
:100340004F4622460120002100F031F817EB00094A
:100350004E41201EA4F10104DFDC484631462A4606
:100360004346BDE8F09F40EA01039B0703D009E044
:1003700008C9121F08C0042AFAD203E011F8013B91
:1003800000F8013B521EF9D27047D2B201E000F8EA
:10039000012B491EFBD270470022F6E710B5134629
:1003A0000A4604461946FFF7F0FF204610BD202AF2
:1003B00004DB203A00FA02F1002070479140C2F1BC
:1003C000200320FA03F3194390407047202A04DBEE
:1003D000203A21FA02F00021704721FA02F3D040BE
:1003E000C2F120029140084319467047064C074D60
:1003F00006E0E06840F0010394E8070098471034F5
:10040000AC42F6D3FFF766FF94A70108B4A7010832
:1004100070B58C1810F8015B15F0070301D110F8C6
:10042000013B2A1106D110F8012B03E010F8016BF3
:1004300001F8016B5B1EF9D12B0705D40023521E76
:100440000DD401F8013BFAE710F8013BCB1A921CDE
:1004500003E013F8015B01F8015B521EF9D5A142DC
:10046000D8D3002070BD000080B540F60000C5F66E
:1004700002000122114606F0A7FF80BD0000000027
:1004800080B540F60000C5F602000121002206F00A
:100490009BFF80BD0000000080B540F60000C5F65F
:1004A00002000821012206F08FFF80BD000000003D
:1004B00080B540F60000C5F602000821002206F0D3
:1004C00083FF80BD0000000080B584B00390FFF77B
:1004D000D7FF922000F040FA41F24611C2F20041EB
:1004E0001220062200F000FAFFF7BEFF41F2B6002C
:1004F000C2F200400078002854D0FFE741F24613D2
:10050000C2F200431878597840EA012041F24411C0
:10051000C2F200410880B1F9000000EE100AB8EE06
:10052000C00A40F68800C2F2004090ED001A20EEAA
:10053000011A039A92ED082A92ED0C0A11EE020AB2
:1005400082ED000A9A7893F803C042EA0C220A80EE
:10055000B1F9002000EE102AB8EEC00A90ED001AA2
:1005600020EE011A039A92ED082A92ED0D0A11EE7F
:10057000020A82ED010A1A795B7942EA03220A80B3
:10058000B1F9001000EE101AB8EEC00A90ED001A92
:1005900020EE010A039890ED081A20EE010A80ED82
:1005A000020A4FE041F24613C2F20043187859782C
:1005B00040EA012041F24411C2F200410880B1F941
:1005C000000000EE100AB8EEC00A40F68800C2F241
:1005D000004090ED001A20EE010A039A92ED081AED
:1005E00020EE010A82ED000A9A7893F803C042EAED
:1005F0000C220A80B1F9002000EE102AB8EEC00AE1
:1006000090ED001A20EE010A039A92ED081A20EEEE
:10061000010A82ED010A1A795B7942EA03220A8013
:10062000B1F9001000EE101AB8EEC00A90ED001AF1
:1006300020EE010A039890ED081A20EE010A80EDE1
:10064000020AFFE7FFF734FF41F24611C2F2004110
:1006500002910020082200F047F9FFF71DFF0298E1
:1006600000780F2840F09880FFE741F2B600C2F210
:100670000040007800284AD0FFE741F24613C2F25A
:1006800000439878D97840EA012041F24411C2F23F
:1006900000410880B1F9000000EE100AB8EEC01A5F
:1006A00040F68C00C2F2004090ED002A039A92EDD1
:1006B000090A11EE020A82ED030A1A7993F805C0BD
:1006C00042EA0C220A80B1F9002000EE102AB8EEAE
:1006D000C01A90ED002A039A92ED0A0A11EE020A5E
:1006E00082ED040A9A79DB7942EA03220A80B1F9A1
:1006F000001000EE101AB8EEC01A90ED002A039810
:1007000090ED0B0A11EE020A80ED050A43E041F27A
:100710004613C2F200439878D97840EA012041F2AA
:100720004411C2F200410880B1F9000000EE100A45
:10073000B8EEC00A40F68C00C2F2004090ED001AFC
:1007400020EE010A039A82ED030A1A7993F805C094
:1007500042EA0C220A80B1F9002000EE102AB8EE1D
:10076000C00A90ED001A20EE010A039A82ED040AF5
:100770009A79DB7942EA03220A80B1F9001000EE8F
:10078000101AB8EEC00A90ED001A20EE010A039884
:1007900080ED050AFFE7FFE7FFF772FEA22000F0F9
:1007A000DBF841F24611C2F20041019122200222FF
:1007B00000F09AF8FFF758FE019908784978C000D0
:1007C00040EA511141F24410C2F200400180B0F9F8
:1007D0000000B0F5806F09DBFFE741F24411C2F27F
:1007E00000410888A0F500600880FFE741F244104E
:1007F000C2F20040B0F9000000EE100AB8EEC01AD4
:10080000B4EE002AB3EE070A01EE020A039880ED67
:10081000070A04B080BD000080B584B003908DF855
:100820000B10039841F25011C2F20041086042F6E9
:10083000A801C2F2004101910020087016F01CFED0
:100840000199024608781043087016F0F5FE0199E8
:1008500002460878104308709DF80B0038B1FFE796
:1008600041F20410C2F2004000F0C2F931E041F25E
:100870000411C2F20041009141F20300C3F6B83006
:1008800048624CF60860C3F68D2088624AF28B00FD
:10089000C3F60B00C86240F21060C3F65D600863E7
:1008A00041F60400CBF6D26048630020886348F22A
:1008B0007A40C4F21D10C86391ED0F1A9FED080A2B
:1008C00080EE010A81ED080A0020C4F22020886130
:1008D000FFE742F6A800C2F20040007804B080BDF5
:1008E000C3F51C410000000080B584B08DF80F00F6
:1008F00002918DF807209DF80F0040F0800000F075
:100900002BF8FFE79DF8070070B1FFE7552000F0D6
:1009100023F8029908700298013002909DF80700B0
:1009200001388DF80700EDE704B080BD000000003D
:1009300080B582B08DF8070000919DF8070040F067
:10094000800000F009F8552000F006F800990870C2
:1009500002B080BD0000000080B582B08DF80700B5
:1009600041F25010C2F2004000686A464FF47A71BA
:1009700011600DF107010DF1060201230BF040F9A2
:100980009DF8060002B080BD80B582B08DF80700EA
:100990008DF806109DF80700FFF7DEFF9DF80600B2
:1009A000FFF7DAFF02B080BD80B540F20001C2F26D
:1009B000004101F1120243F6D400C2F200401223BA
:1009C00010F082FD40F22401C2F2004101F1100258
:1009D00043F64000C2F20040102310F075FD40F2D3
:1009E0004401C2F2004101F11F0243F2AC70C2F2B5
:1009F00000401F2310F068FD80BD000000000000D3
:100A000083B0029001910092009890ED002A90ED41
:100A1000014A90ED026A90ED035AB6EE001AB0EE6C
:100A2000417A06EE467A05EE457A029824EE060AE9
:100A300002EE450AD0ED000AD0ED011A90ED023A1F
:100A400020EE210A07EE200A22EE062A04EE052AED
:100A500002EE030A30EE000A019880ED000A0098C9
:100A600090ED004A90ED015A90ED022A90ED036A54
:100A700024EE067A05EE027A0298B0EE410A05EEFF
:100A8000450A06EE460AD0ED000AD0ED011A90EDB7
:100A9000023A20EE210A07EE200A22EE062A04EE90
:100AA000452A02EE030A30EE000A019880ED010AA1
:100AB000009890ED000A90ED014A90ED023A90ED19
:100AC000032A24EE025A00EE435A029820EE040A4A
:100AD00003EE020A90ED006A90ED017A90ED022A91
:100AE00020EE070A05EE060A04EE441A03EE431A46
:100AF00001EE020A30EE000A019880ED020A03B00E
:100B00007047000000000000FFE7FEE70000000063
:100B100084B08DF80F000291ADF806209DF80F000B
:100B20000146009123281DD80099DFE801F0121337
:100B30001415161B1B1B1B1B1B1B1B1B1B1B1B1B17
:100B40001B1B1B1B1B1B1B1B1B1B1B1B1B1B1718FC
:100B5000191A08E007E006E005E004E003E002E01F
:100B600001E000E0FFE7002004B070470000000053
:100B7000002070470000000080B582B042F67C1073
:100B8000C2F20040009042F29401C2F20041002201
:100B9000019211F005FA009841F69401C2F2004169
:100BA00011F0DEF9019802B080BD000000000000E5
:100BB00080B582B0019000910098008814F09CF9F3
:100BC000002002B080BD000083B0029001918DF83A
:100BD000032000208DF802009DF9020003B0704749
:100BE00080B582B00190FFE716F0CAFFFCE7000075
:100BF00080B592B01190002010900F9001F0C4FBCE
:100C000041F27810C2F2004080ED000AFFE701F0E7
:100C1000BBFB41F27810C2F2004090ED001A30EEBA
:100C2000410AB2EE041AB4EE410AF1EE10FA1EDDEA
:100C3000FFE7119941F20300C3F6B83048621199F9
:100C40004CF60860C3F68D20886211994AF28B0039
:100C5000C3F60B00C862119948F27A40C4F21D1025
:100C6000C86311990020C4F220208861ECE29FED56
:100C7000E70A01F035FB11990020C8631199486219
:100C8000119988621199C862ADF81200FFE7BDF8AA
:100C9000120040F69401C2F200410988884280F2B5
:100CA000DF81FFE7FFF7ECFB9220FFF755FE1220F4
:100CB0000FA902910622FFF717FEFFF7D5FB9DF85B
:100CC0003C009DF83D1040EA0120ADF83A00BDF926
:100CD0003A0000EE100AB8EEC00A40F68800C2F2F0
:100CE000004090ED001A20EE010A119981ED000AF2
:100CF0009DF83E109DF83F2041EA0221ADF83A10E0
:100D0000BDF93A1000EE101AB8EEC00A90ED001AC4
:100D100020EE010A119981ED010A9DF840109DF81D
:100D2000412041EA0221ADF83A10BDF93A1000EE37
:100D3000101AB8EEC00A90ED001A20EE010A1198C0
:100D400080ED020A119890ED002A90ED010A90EDD5
:100D5000021A20EE000A02EE020A01EE010A18F061
:100D6000E2FE8DED070A9DED071A119890ED0F0A2E
:100D700030EE010A80ED0F0AFFF79AFB029900207E
:100D80000822FFF7B1FDFFF787FB9DF83C000F2815
:100D90005FD1FFE79DF83E009DF83F1040EA01203B
:100DA000ADF83A00BDF93A0000EE100AB8EEC00AFC
:100DB00040F68C00C2F2004090ED001A20EE010ACD
:100DC000119981ED030A119991ED031A91ED090A28
:100DD00030EE010A81ED090A9DF840109DF841208E
:100DE00041EA0221ADF83A10BDF93A1000EE101AAE
:100DF000B8EEC00A90ED001A20EE010A119981EDBB
:100E0000040A119991ED041A91ED0A0A30EE010AD3
:100E100081ED0A0A9DF842109DF8432041EA022123
:100E2000ADF83A10BDF93A1000EE101AB8EEC00A4B
:100E300090ED001A20EE010A119880ED050A119834
:100E400090ED051A90ED0B0A30EE010A80ED0B0AC9
:100E5000FFE7BDF8120038BBFFE707980690079838
:100E6000059000208DF81100FFE79DF81100022881
:100E700019DCFFE711989DF8112000EB8200C06893
:100E80000BA941F8220011989DF8112000EB820077
:100E9000C06808A941F82200FFE79DF81100013061
:100EA0008DF81100E1E762E09DED070A9DED061A5D
:100EB000B4EE410AF1EE10FA03DDFFE70798069061
:100EC000FFE79DED070A9DED051AB4EE410AF1EE2C
:100ED00010FA03DAFFE707980590FFE700208DF886
:100EE0001000FFE79DF8100002283FDCFFE7119893
:100EF0009DF8101000EB810090ED030A0BA800EBA9
:100F0000810090ED001AB4EE410AF1EE10FA0ADD0C
:100F1000FFE711989DF8102000EB8200C0680BA934
:100F200041F82200FFE711989DF8101000EB8100B6
:100F300090ED030A08A800EB810090ED001AB4EED2
:100F4000410AF1EE10FA0ADAFFE711989DF8102035
:100F500000EB8200C06808A941F82200FFE7FFE724
:100F60009DF8100001308DF81000BBE7FFE79DED04
:100F7000060A9DED051A30EE410A42F6AC00C2F2B7
:100F8000004080ED000A00208DF80F00FFE79DF87B
:100F90000F0002281DDCFFE79DF80F100BA800EBE7
:100FA000810090ED000A08A800EB810090ED001A86
:100FB00030EE410A42F67010C2F2004000EB8100B0
:100FC00080ED000AFFE79DF80F0001308DF80F005B
:100FD000DDE742F6AC00C2F2004090ED000AB6EE4A
:100FE000001AB4EE410AF1EE10FA2DDCFFE742F6EA
:100FF0007010C2F2004090ED000A9FEDE61AB4EEC8
:10100000410AF1EE10FA1FDC02E000BF0AD7A33B51
:1010100042F67010C2F2004090ED010A9FEDDD1A19
:10102000B4EE410AF1EE10FA0EDCFFE742F6701062
:10103000C2F2004090ED020A9FEDD61AB4EE410ACA
:10104000F1EE10FA01DDFFE70AE09FEDD30A01F0AF
:1010500047F9FFE7BDF812000130ADF8120016E6BF
:1010600040F69400C2F20040008800EE100AB8EE8C
:10107000401A119890ED0F0A80EE010A80ED0F0AD8
:1010800000208DF80E00FFE79DF80E0002281BDC03
:10109000FFE740F69400C2F20040008800EE100A1C
:1010A000B8EE401A11989DF80E1000EB810090EDFB
:1010B000090A80EE010A80ED090AFFE79DF80E009B
:1010C00001308DF80E00DFE7FFF7DAF9A220FFF715
:1010D00043FC22200FA90222FFF706FCFFF7C4F908
:1010E0009DF83C009DF83D10C00040EA5110ADF85D
:1010F0003A00BDF93A00B0F5806F07DBFFE7BDF8B5
:101100003A00A0F50060ADF83A00FFE7BDF93A00FB
:1011100000EE100AB8EEC01AB4EE002AB3EE070AC9
:1011200001EE020A119880ED060A42F6A001C2F211
:101130000041088801300880FFE742F6AC00C2F2A7
:10114000004090ED000A0120B6EE001AB4EE410A0C
:10115000F1EE10FA019071DCFFE7119890ED0F0AA3
:101160009FED8E1A30EE010AB0EEC00A0120B6EEF5
:10117000001AB4EE410AF1EE10FA01905EDCFFE7CE
:1011800042F67010C2F2004090ED000A01209FED7F
:10119000811AB4EE410AF1EE10FA01904EDCFFE73D
:1011A00042F67010C2F2004090ED010A01209FED5E
:1011B000791AB4EE410AF1EE10FA01903EDCFFE735
:1011C00042F67010C2F2004090ED020A01209FED3D
:1011D000711AB4EE410AF1EE10FA01902EDCFFE72D
:1011E000119890ED090AB0EEC00A01209FED6C1A2B
:1011F000B4EE410AF1EE10FA01901FDCFFE71198FE
:1012000090ED0A0AB0EEC00A01209FED651AB4EE17
:10121000410AF1EE10FA019010DCFFE7119890ED11
:101220000B0AB0EEC00A9FED5E1A0020B4EE410A30
:10123000F1EE10FAC8BF01200190FFE70198C00746
:1012400000287FF4E4ACFFE7119890ED0F1A9FEDB2
:10125000550A80EE010A80ED080A0020ADF80C0066
:10126000FFE7BDF80C0040F69601C2F20041098884
:10127000884280F28C80FFE7FFF702F99220FFF7A7
:101280006BFB12200FA90622FFF72EFBFFF7ECF8ED
:101290009DF83C009DF83D1040EA0120ADF83A0071
:1012A000BDF93A0000EE100AB8EEC00A40F6880018
:1012B000C2F2004090ED001A20EE010A119991ED62
:1012C000081A20EE010A81ED000A119991ED000A39
:1012D00091ED0C1A9FED343A20EE030A9FED332A6C
:1012E00001EE020A81ED0C0A9DF83E109DF83F20A8
:1012F00041EA0221ADF83A10BDF93A1000EE101A99
:10130000B8EEC00A90ED001A20EE010A119991ED95
:10131000081A20EE010A81ED010A119991ED010AE6
:1013200091ED0D1A20EE030A01EE020A81ED0D0A7D
:101330009DF840109DF8412041EA0221ADF83A1095
:10134000BDF93A1000EE101AB8EEC00A90ED001A7E
:1013500020EE010A119890ED081A20EE010A80EDA6
:10136000020A119890ED020A90ED0E1A20EE030A7F
:1013700001EE020A80ED0E0A9FED070A00F0B0FFB1
:10138000FFE7BDF80C000130ADF80C0069E712B0C2
:1013900080BD00BF9A99193E6F12033ACDCC1CC193
:1013A0000AD7233CC3F51C41CDCC4C3ECDCC4C3FA1
:1013B00080B586B040F69800C2F20040029000F17D
:1013C000C00143F24000C2F2004001909FED222A8A
:1013D0008DED042A03220592B0EE420AF0EE420A95
:1013E000B0EE421AF0EE421A00F0EEFC01980299BB
:1013F0009DED042A059A8031B0EE420AF0EE420AD1
:10140000B0EE421AF0EE421A00F0DEFC02999DEDB9
:10141000042A059A42F6A070C2F200400390B0EE92
:10142000420AF0EE420AB0EE421AF0EE421A00F022
:10143000CBFC029903989DED042A059A4031B0EE49
:10144000420AF0EE420AB0EE421AF0EE421A00F002
:10145000BBFC06B080BD00BF000000000000000023
:1014600080B582B000F030FC40F69800C2F2004037
:10147000019000F5B07015F0A3FE019800F508701A
:1014800015F09EFE00F004F802B080BD00000000E0
:1014900080B584B041F20430C2F2004049F6A8425F
:1014A000C0F60102002101919FED0D0A8DED020AA7
:1014B000DFED0C0ACDED030A0DF08AFC01999DEDDC
:1014C000020ADDED030A41F24C30C2F2004049F657
:1014D000B442C0F601020DF07BFC04B080BD00BF39
:1014E0000000B4420000000086B004908DED030AB5
:1014F000ADF80A10002001900090049818B9FFE799
:101500000020059090E004980078C00750B9FFE7EC
:1015100004990889488104990020C8600499012031
:101520000870FFE70499B1F90800B1F90A10884280
:1015300010DAFFE70499B1F90800B1F90A10401A6E
:10154000BDF80A10084400EE100AB8EEC00A8DED8E
:10155000010A18E00499B1F90800B1F90A108842AB
:1015600010DDFFE70499B1F90800B1F90A10401A3B
:10157000BDF80A10401A00EE100AB8EEC00A8DED50
:10158000010AFFE7FFE70499B1F90800B1F90A1071
:10159000401A00EE100AB8EEC00A8DED000A049958
:1015A000088948819DED010AB0EEC00A9DED001A40
:1015B000B0EEC11AB4EE410AF1EE10FA18DDFFE701
:1015C0009DED000ABDF80A0001EE100AB8EEC11A3E
:1015D0009DED032A21EE021A80EE011A049890ED87
:1015E000030A9FED132A01EE020A80ED030A17E0B9
:1015F0009DED010ABDF80A0001EE100AB8EEC11A0D
:101600009DED032A21EE021A80EE011A049890ED56
:10161000030A9FED072A01EE020A80ED030AFFE7A5
:101620000498C0680590FFE79DED050A06B0704775
:101630000000B4430000000080B584B00390029124
:1016400001920198B0F5002F01D0FFE74BE002981E
:1016500080790399087702980178407840EA012060
:101660000399888202988178C07840EA0120039922
:10167000488202980179407940EA01200399088262
:10168000039800780146009140B1FFE700980128D7
:1016900010D0FFE70098022818D023E003980C3000
:1016A000B7EE000A4FF40051FFF71EFF039880EDDC
:1016B000060A18E003980C30B3EE030A4FF4005109
:1016C000FFF712FF039880ED060A0CE003980C3038
:1016D0009FED060A4FF40051FFF706FF039880EDD7
:1016E000060A00E0FFE704B080BD00BF0000104222
:1016F00080B542F65840C2F2004002F019FC80BDAD
:1017000080B542F6D040C2F2004002F011FC80BD2C
:1017100080B542F64850C2F2004002F009FC80BD9C
:1017200080B542F6B060C2F2004002F001FC80BD1C
:1017300080B542F62870C2F2004002F0F9FB80BD8D
:1017400080B542F6C050C2F2004002F0F1FB80BD0D
:1017500080B542F63860C2F2004002F0E9FB80BD7D
:1017600083B002900298016801201022C4F20202A4
:101770009142009000F0A380FFE7029801680120E9
:101780002822C4F202029142009000F09880FFE704
:101790000298016801204022C4F2020291420090A6
:1017A00000F08D80FFE70298016801205822C4F202
:1017B00002029142009000F08280FFE702980168E7
:1017C00001207022C4F202029142009077D0FFE71C
:1017D0000298016801208822C4F20202914200901E
:1017E0006DD0FFE7029801680120A022C4F2020236
:1017F0009142009063D0FFE7029801680120B8226F
:10180000C4F202029142009059D0FFE702980168A9
:10181000012040F21042C4F20202914200904ED0E8
:10182000FFE702980168012040F22842C4F2020258
:101830009142009043D0FFE702980168012040F2F6
:101840004042C4F202029142009038D0FFE7029871
:101850000168012040F25842C4F202029142009015
:101860002DD0FFE702980168012040F27042C4F2D7
:1018700002029142009022D0FFE702980168012005
:1018800040F28842C4F202029142009017D0FFE772
:1018900002980168012040F2A042C4F20202914283
:1018A00000900CD0FFE7029800684FF64831CBF665
:1018B000FD710844B0FA80F040090090FFE70098FD
:1018C000C00740B3FFE70298007810384AF6AB2112
:1018D000CAF6AA21A0FB011000090190019800F0AE
:1018E000070149F6E040C0F60100405C0299C86576
:1018F0000198042807D3FFE702990868042262F3DD
:101900000900886506E00299086840F2FF329043BA
:101910008865FFE705E00299086820F0FF00886508
:10192000FFE70298806D03B07047000000000000E0
:1019300084B0039003980068019003980168012027
:1019400045F20842C5F60202914200904ED0FFE7F0
:1019500003980168012045F21C42C5F6020291423B
:10196000009043D0FFE703980168012045F2304220
:10197000C5F602029142009038D0FFE70398016853
:10198000012045F24442C5F60202914200902DD05A
:10199000FFE703980168012045F25842C5F60202AC
:1019A0009142009022D0FFE703980168012045F2A0
:1019B0006C42C5F602029142009017D0FFE70398EF
:1019C0000168012045F28042C5F602029142009072
:1019D0000CD0FFE7039800684AF66C31CAF2FD713B
:1019E0000844B0FA80F040090090FFE70098C00773
:1019F00010B3FFE70398007808384CF6CD41CCF6D9
:101A0000CC41A0FB011000090290029945F60000AC
:101A1000C5F6020000EB810003990866039945F6BC
:101A20008000C5F602004866029800F01F01012000
:101A300088400399886635E00398007810384AF6A4
:101A4000AB21CAF6AA21A0FB01100009029001985F
:101A500040F2B841C4F2020188420CD8FFE7019875
:101A600040F21041C4F20201884204D3FFE7029819
:101A700008300290FFE7029940F60000C4F202002D
:101A800000EB810003990866039940F68000C4F2D8
:101A900002004866029800F01F0101208840039967
:101AA0008866FFE704B0704783B00290029800791F
:101AB00001900198002800F08A80FFE7019808282B
:101AC00000F28580FFE702980168012045F2084294
:101AD000C5F60202914200904ED0FFE702980168DD
:101AE000012045F21C42C5F602029142009043D00B
:101AF000FFE702980168012045F23042C5F6020274
:101B00009142009038D0FFE702980168012045F229
:101B10004442C5F60202914200902DD0FFE70298A0
:101B20000168012045F25842C5F602029142009038
:101B300022D0FFE702980168012045F26C42C5F609
:101B400002029142009017D0FFE70298016801203D
:101B500045F28042C5F60202914200900CD0FFE7A8
:101B6000029800684AF66C31CAF2FD710844B0FA76
:101B700080F040090090FFE70098C00780B1FFE7C0
:101B8000019945F6FC00C5F6020000EB81000299C0
:101B9000C866029945F64010C5F6020008670FE0D6
:101BA000019940F6FC00C4F2020000EB81000299AA
:101BB000C866029940F64010C4F202000867FFE7C9
:101BC0000198411E0120884002994867FFE703B051
:101BD000704700000000000085B0049000208DF8E0
:101BE0000F000498806918BBFFE70498806A029090
:101BF00003281BD80299DFE801F0020D02180498AF
:101C000090F82F00C00720B1FFE701208DF80F00EA
:101C1000FFE70CE00498C06AB0F1C07F04D1FFE791
:101C200001208DF80F00FFE701E000E0FFE747E04B
:101C300004988069B0F5005F26D1FFE70498806AB8
:101C4000019003281ED80199DFE801F00206021175
:101C500001208DF80F0016E0049890F82F00C007BF
:101C600020B1FFE701208DF80F00FFE70BE004989B
:101C7000C06AB0F1C07F04D1FFE701208DF80F00EA
:101C8000FFE700E0FFE71AE00498806A009003286D
:101C900004D3FFE70098032804D00EE001208DF85C
:101CA0000F000BE0049890F82F00C00720B1FFE769
:101CB00001208DF80F00FFE700E0FFE7FFE7FFE7F7
:101CC0009DF80F0005B0704780B584B001208DF8F5
:101CD0000F0000208DF80E00FFE79DF80E00092888
:101CE00039DCFFE740F69800C2F200400190B0F8FE
:101CF000C410B0F8C0209DF80F3043F24000C2F28B
:101D00000040009000F02CF8019A0098B2F884107E
:101D1000B2F880209DF80F3000F022F801988188F9
:101D200002889DF80F3042F6A070C2F20040029087
:101D300000F016F8019A0298B2F84410B2F8402068
:101D40009DF80F3000F00CF8FFE79DF80E00013011
:101D50008DF80E00C1E704B080BD00000000000057
:101D600080B586B00590ADF81210ADF810208DF852
:101D70000F30BDF81200BDF810100844ADF8040093
:101D8000FF208DF807008DF808008DF809008DF808
:101D90000A008DF80B008DF80C008DF80D00FC206A
:101DA0008DF80E000598BDF804100DF10702082308
:101DB00015F0FEFC9DF80F0016F066FA012006B043
:101DC00080BD00000000000080B59EB017AB0793F7
:101DD000034607981D931C9180ED040AC0ED030A89
:101DE00080ED021AC0ED011A80ED002A8DF85B200B
:101DF0001C9800880146089160B1FFE70898B0F58B
:101E0000807F00F01B81FFE70898B0F5007F00F0AD
:101E1000488167E11C984068ADF846001C98C0787E
:101E2000002844D1FFE7079890ED040AFAEE090A6A
:101E3000B2EE091A102015F077FF01460798ADF8A9
:101E4000501090ED030AFBEE0E0AB3EE0E1A0C20B2
:101E5000069015F069FF079902460698ADF84E20E6
:101E600091ED020ADFEDA40ACDED050A9FEDA31A5C
:101E700015F05AFFDDED050A079902460698ADF800
:101E80004C2091ED010AB1EE041A15F04DFF0799AF
:101E900002460698ADF84A2091ED000AFAEE040ACF
:101EA000B2EE041A15F040FFADF8480093E01C981C
:101EB000C078012844D1FFE7079890ED040AFAEEB4
:101EC000090AB2EE091A102015F02EFF01460798F4
:101ED000ADF8501090ED030AFAEE040AB2EE041ABF
:101EE0000C20049015F020FF079902460498ADF8E5
:101EF0004E2091ED020ADFED800ACDED030A9FED41
:101F00007F1A15F011FFDDED030A079902460498C8
:101F1000ADF84C2091ED010AB1EE041A15F004FF62
:101F2000079902460498ADF84A2091ED000AFBEEAD
:101F30000C0AB3EE0C1A15F0F7FEADF8480049E0B4
:101F40001C98C078022844D1FFE7079890ED040A56
:101F5000FAEE090AB2EE091A102015F0E5FE014664
:101F60000798ADF8501090ED030ADFED610A9FED80
:101F7000611A0C20029015F0D7FE079902460298CC
:101F8000ADF84E2091ED020ADFED5B0ACDED010ABE
:101F90009FED5A1A15F0C8FEDDED010A07990246B9
:101FA0000298ADF84C2091ED010AB1EE041A15F03B
:101FB000BBFE079902460298ADF84A2091ED000A4F
:101FC000DFED4F0A9FED4F1A15F0AEFEADF8480059
:101FD000FFE7FFE7FFE79DF851008DF853009DF8FC
:101FE00050008DF85400BDF84E0000098DF85500E2
:101FF000BDF84E109DF84D0040EA01108DF85600D6
:102000009DF84C008DF85700BDF84A0000098DF886
:102010005800BDF84A109DF8490040EA01108DF8BB
:1020200059009DF848008DF85A001D98BDF84610DB
:102030000DF15302082315F0BBFB53E01C984068D8
:1020400000F58070ADF832001BA80E901AA80D9014
:102050000E9800788DF83E000E9840788DF83F007D
:102060000E9880788DF840000E98C0788DF8410069
:102070000D9800788DF842000D9840788DF8430057
:102080000D9880788DF844000D98C0788DF8450043
:102090001D98BDF832100DF13E02082315F088FBA3
:1020A00020E01C98406800F50070ADF826001AA8E2
:1020B0000A900A9800788DF82E000A9840788DF8DA
:1020C0002F000A9880788DF830000A98C0788DF833
:1020D00031001D98BDF826100DF12E02042315F0D5
:1020E00067FBFFE79DF85B0016F0CEF81EB080BDE1
:1020F000000034C200003442000000000000FA4337
:10210000000020C20000204280B588B007900691F0
:1021100005920598B0F5002F40F0B880FFE70698CB
:10212000007800F00F000799888106980078000970
:102130000799C8810698B0F80100000400BA079911
:1021400008610699C8780979000140EA11100799D9
:10215000486106980179407901F00F0140EA0120B9
:10216000079988610798C0780146049140B1FFE75C
:10217000049801282AD0FFE7049802284CD071E087
:1021800007980069BAEE090AF2EE090A102116F062
:1021900063FD079880ED090A07984069BBEE0E0AB7
:1021A000F3EE0E0A0C21039116F056FD03990798E1
:1021B00080ED0A0A07988069BAEE040AF2EE040A72
:1021C00016F04AFD079880ED0B0A4CE0079800696D
:1021D000BAEE090AF2EE090A102116F03DFD079841
:1021E00080ED090A07984069BAEE040AF2EE040A83
:1021F0000C21029116F030FD0299079880ED0A0A31
:1022000007988069BBEE0C0AF3EE0C0A16F024FD69
:10221000079880ED0B0A26E007980069BAEE090AD4
:10222000F2EE090A102116F017FD079880ED090A51
:10223000079840699FED160ADFED160A0C210191FF
:1022400016F00AFD0199079880ED0A0A079880693F
:102250009FED110ADFED110A16F0FEFC079880EDE4
:102260000B0A00E0FFE70698807900EE100AB8EE4E
:10227000400A079880ED0E0A0698C07900EE100A11
:10228000B8EE400A079880ED0F0AFFE708B080BD5E
:10229000000034C200003442000020C2000020428E
:1022A00081B041F20400CEF2000000680090009876
:1022B00041F27011C2F200410968884208D2FFE77A
:1022C00041F27411C2F20041086801300860FFE772
:1022D000009841F27011C2F20041086001B07047ED
:1022E00083B08DED020A41F20400CEF200000068D6
:1022F000019002980090FFE741F20400CEF2000046
:1023000000680199401A00EE100AB8EE400A9DEDEF
:10231000001A41F25810C2F2004090ED002AB8EEC7
:10232000422A21EE021AB4EE410AF1EE10FA01DA65
:10233000FFE7E1E703B0704780B584B0039041F256
:102340000400CEF200000068029002980399096828
:10235000401A00EE100AB8EE400A41F25810C2F2DC
:10236000004090ED001AB8EE411A80EE010A8DEDA2
:10237000010A029803990860FFF792FF9DED010A98
:1023800004B080BD0000000080B582B000F068F8A5
:1023900041F25440C2F2004090ED000AB8EE400A0B
:1023A000818801EE101AB8EEC11A9FED092A01EEDC
:1023B000020AC08801EE100AB8EEC11A9FED052A84
:1023C00001EE020A8DED010A9DED010A02B080BD09
:1023D0006F12833ABD37863581B000904EF6FC51BE
:1023E000CEF20001086840F08070086041F20401FC
:1023F000CEF200010020086041F20002CEF200029D
:10240000116841F001011160009944F24022C0F2CC
:102410000F024A4341F25811C2F200410A600A68B1
:1024200044F6D353C1F26203A2FB0332920941F294
:102430005C13C2F200431A6009684DF68362C4F26D
:102440001B32A1FB0221890C41F26012C2F2004250
:10245000116041F27411C2F20041086001B070478E
:10246000B0B586B041F20400CEF2000000680590DD
:10247000FFF716FF41F27410C2F2004001680598A0
:10248000002302934FF0FF3C1A46E1FB0C0241F29D
:102490006811C2F2004100914A600860086849680A
:1024A00041F25814C2F200442268FDF72BFF029B50
:1024B00002468C46009941F28010C2F20040C0F8FA
:1024C00004C00260D1F800C04968D0F800E042685A
:1024D0002468AEFB04E502FB0452BCEB0E0C61EB7E
:1024E000020241F28811C2F200410391C1F800C01A
:1024F0004A60006841F25442C2F200420492106005
:102500000868496841F25C12C2F200420192126806
:10251000FDF7F8FEDDF804C0029B049A014603981B
:102520009180016840689288DCF800C002FB0CF2E0
:102530008A1A60F1000041F29011C2F200410A6073
:1025400048600868496841F26012C2F200421268AD
:10255000FDF7D8FE0499C88006B0B0BD00000000A9
:10256000704700000000000083B0029001910092CB
:10257000009890ED004A90ED012A90ED025A90EDFE
:10258000036AB6EE001AB0EE417A05EE457A06EE21
:10259000467A029824EE060A02EE050AD0ED000AF9
:1025A000D0ED011A90ED023A20EE210A07EE200A42
:1025B00022EE062A04EE452A02EE030A30EE000A55
:1025C000019880ED000A009890ED002A90ED016AD4
:1025D00090ED024A90ED035A26EE047A02EE457A17
:1025E0000298B0EE410A06EE460A05EE450AD0ED25
:1025F000000AD0ED011A90ED023A20EE210A07EE12
:10260000200A22EE062A04EE052A02EE030A30EE24
:10261000000A019880ED010A009890ED002A90EDE3
:10262000014A90ED023A90ED030A22EE035A04EEBD
:10263000005A029823EE000A02EE440A90ED006A66
:1026400090ED017A90ED022A20EE070A05EE060AC7
:1026500004EE441A03EE431A01EE020A30EE000AB9
:10266000019880ED020A03B07047000000000000EE
:1026700081B0EFF3108072B60090FFE7FEE7000034
:1026800080B58AB0002002900390022104910121BC
:1026900005910690079042F6A070C2F2004002A990
:1026A00003F0EEFA18B1FFE7FFF7E2FFFFE7684635
:1026B0000023036042F6A070C2F2004002221146DD
:1026C00003F06AFB18B1FFE7FFF7D2FFFFE742F61E
:1026D000A070C2F200400121002203F0E1F918B11C
:1026E000FFE7FFF7C5FFFFE742F6A070C2F2004028
:1026F00004F02AFC18B1FFE7FFF7BAFFFFE70AB0C2
:1027000080BD00000000000080B542F6A070C2F25B
:10271000004003F001FD80BD80B58AB0002002902A
:10272000012103910221049105910690079043F243
:102730004000C2F2004002A903F0A2FA18B1FFE77C
:10274000FFF796FFFFE768460023036043F240006F
:10275000C2F200400222114603F01EFB18B1FFE74F
:10276000FFF786FFFFE743F24000C2F2004010216E
:10277000002203F095F918B1FFE7FFF779FFFFE7B3
:1027800043F24000C2F2004004F0DEFB18B1FFE764
:10279000FFF76EFFFFE70AB080BD000000000000F9
:1027A00080B543F24000C2F2004003F0B5FC80BDAA
:1027B00080B58AB00020029002210391049101218A
:1027C00005910690079043F2E000C2F2004002A992
:1027D00003F056FA18B1FFE7FFF74AFFFFE7684634
:1027E0000023036043F2E000C2F2004002221146DF
:1027F00003F0D2FA18B1FFE7FFF73AFFFFE743F221
:10280000E000C2F200400121002203F049F918B1B2
:10281000FFE7FFF72DFFFFE743F2E000C2F20040C1
:1028200004F092FB18B1FFE7FFF722FFFFE70AB0C1
:1028300080BD00000000000080B543F2E000C2F25D
:10284000004003F069FC80BD84B002900298406BA8
:10285000009002980068D0F884004FF6FC7188431D
:10286000009940EA810002990968C1F88400029841
:102870000068D0F8840020F47F00029A1168926BFF
:1028800040EA0240C1F884000298816B0098084435
:10289000009002980068D0F888006FF38F000099CC
:1028A00040EA810002990968C1F88800029800682E
:1028B000D0F8880020F4FE00029A1168D26B40EA3A
:1028C0000240C1F888000298C16B009800EB4100FB
:1028D000009002980068D0F8A0006FF38F00009974
:1028E00040EA810002990968C1F8A00002980068D6
:1028F000D0F8A00020F4FE00029A1168126C40EAA1
:102900000240C1F8A0000299086C496C009A00FBD3
:102910000120009002980068D0F8B0006FF38F009B
:10292000009940EA810002990968C1F8B000029854
:102930000068D0F8B00020F4FE00029A1168926C92
:1029400040EA0240C1F8B0000299886CC96C009A54
:1029500000FB0120009002980068D0F8AC006FF3F3
:102960008F00009940EA810002990968C1F8AC0023
:102970000299086D496D009A00FB012000900298B1
:102980000068D0F8F0006FF38F00009940EA8100F2
:1029900002990968C1F8F00002980068D0F8F000C8
:1029A00020F47C10029A1168926D40EA0240C1F84E
:1029B000F0000298816D009800EB410000900298B1
:1029C0000068D0F8C0006FF38F00009940EA8100E2
:1029D00002990968C1F8C00002980068D0F8C000E8
:1029E00020F47C10029A1168D26D40EA0240C1F8CE
:1029F000C00002980068D0F8C00020F07C50029A15
:102A00001168126E40EA0260C1F8C00002994A6B78
:102A10004AF60040C4F2000000EB8200C86602994A
:102A20008A6BC86E00EB820008670299CA6B086F58
:102A300000EBC200486702990A6C4B6C486F5A431E
:102A400000EB8200886702998A6CCB6C886F5A43CE
:102A500000EB8200C86702990A6D4B6DC86F5A433C
:102A600000EB8200C1F8800002998A6DD1F88000E5
:102A700000EBC200C1F884000299CA6D8B6ED1F8D8
:102A800084005A4300EB8200C1F8880002990A6E64
:102A90008B6ED1F888005A4300EB8200C1F8900099
:102AA0000298D0F890004DF2FD31C4F20001884246
:102AB0000FD3FFE70299D1F89C0040F02000C1F845
:102AC0009C000299032081F8980001208DF80F00E6
:102AD00017E00298C06E0190FFE701980299D1F8C3
:102AE0009010884208D2FFE7019900200860FFE7B4
:102AF000019804300190F0E7FFE700208DF80F0007
:102B0000FFE79DF80F0004B07047000000000000D0
:102B100088B007900691059204930698406848B9DA
:102B2000FFE70698016882680069104340EA814027
:102B3000039009E006980168826800691043084321
:102B400040F080400390FFE70698D0F820C0C168AD
:102B500042698369C06940EA0C6018431043084326
:102B600002900798826ED0F884000499514300EBDC
:102B70008100019003980199086001980430019048
:102B8000029801990860019804300190002000909B
:102B9000FFE700980699CA8949F6D041C0F60101BD
:102BA000895C88420DD2FFE7059800994058019949
:102BB0000860019804300190FFE70098043000900D
:102BC000E7E708B07047000082B08DED010ACDED57
:102BD000000A9DED010AB5EE400AF1EE10FA4BDD58
:102BE000FFE79DED000AB5EE400AF1EE10FA43DA78
:102BF000FFE79DED011A9FED560A30EE410A9DED6B
:102C0000001A30EE010A41F29811C2F2004181ED42
:102C1000000A9DED000A9DED011A30EE410A41F2D5
:102C20009C10C2F2004080ED000A91ED000A90ED88
:102C3000001AB1EE411AB4EE410AF1EE10FA0DDAC3
:102C4000FFE741F29810C2F2004090ED000A41F215
:102C5000A010C2F2004080ED000A0CE041F29C108E
:102C6000C2F2004090ED000A41F2A010C2F2004012
:102C700080ED000AFFE760E09DED010AB5EE400A35
:102C8000F1EE10FA4BDAFFE79DED000AB5EE400ACF
:102C9000F1EE10FA43DDFFE79DED011A9FED2B0ADF
:102CA00030EE410A9DED001A30EE010A41F2981112
:102CB000C2F2004181ED000A9DED000A9DED011A6E
:102CC00030EE410A41F29C10C2F2004080ED000A51
:102CD00091ED000AB1EE400A90ED001AB4EE410AFF
:102CE000F1EE10FA0DDAFFE741F29810C2F200405F
:102CF00090ED000A41F2A010C2F2004080ED000AFF
:102D00000CE041F29C10C2F2004090ED000A41F24A
:102D1000A010C2F2004080ED000AFFE70CE09DED3C
:102D2000000A9DED011A30EE410A41F2A010C2F2F4
:102D3000004080ED000AFFE7FFE741F2A010C2F279
:102D4000004090ED000A02B0704700BFDB0FC9C021
:102D5000DB0FC9400000000084B0039002918DEDAC
:102D6000010ACDED000A41F24421C2F200410020E7
:102D70000880FFE741F24420C2F2004000880328A7
:102D80005BDCFFE741F24621C2F2004100200880EF
:102D9000FFE741F24620C2F200400088092843DCE8
:102DA000FFE7029841F24421C2F200410A8841F251
:102DB0004621C2F20041098802EB820201EB420384
:102DC00003EB430300EBC3009DED013A90ED000AD5
:102DD00090ED012A90ED024A90ED031A02EE030AEB
:102DE0009DED002A04EE020A23EE034A01EE040AD6
:102DF00090ED041A21EE031A01EE020A90ED051A75
:102E000022EE022A01EE020A039800EBC20000EB58
:102E1000810080ED000AFFE741F24621C2F2004145
:102E2000088801300880B4E7FFE741F24421C2F28C
:102E300000410888013008809CE704B0704700001A
:102E400084B002900191ADF80220029828B9FFE702
:102E50004FF6FF70ADF80E0021E0FFE70198411E2C
:102E60000191B8B1FFE70298411C029100788DF8FA
:102E70000100BDF802109DF801004840C2B24AF2BC
:102E80009250C0F6010030F8120080EA1120ADF82F
:102E90000200E3E7BDF80200ADF80E00FFE7BDF861
:102EA0000E0004B07047000080B584B04EF60000FC
:102EB000C1F6F170006803904EF60400C1F6F1709F
:102EC000006802904EF60800C1F6F17000680190AB
:102ED0000199039808440390039888B1FFE7039889
:102EE00041F29C01C2F200410091023108220AF035
:102EF00053FE00990298123104220AF04DFEFFE7BA
:102F000004B080BD0000000080B58AB0089004F0D5
:102F100073FA0490089828B9FFE701208DF827007C
:102F200000F0AABC089890F8350002280ED0FFE700
:102F3000089980204865FFE70899002081F834004F
:102F4000FFE701208DF8270000F096BC0898016883
:102F500001201022C4F202029142039000F0A380EB
:102F6000FFE70898016801202822C4F2020291427A
:102F7000039000F09880FFE7089801680120402244
:102F8000C4F202029142039000F08D80FFE708989E
:102F9000016801205822C4F202029142039000F01D
:102FA0008280FFE70898016801207022C4F20202C3
:102FB0009142039077D0FFE70898016801208822AA
:102FC000C4F20202914203906DD0FFE708980168B5
:102FD0000120A022C4F202029142039063D0FFE7D5
:102FE000089801680120B822C4F2020291420390BD
:102FF00059D0FFE708980168012040F21042C4F25E
:103000000202914203904ED0FFE708980168012028
:1030100040F22842C4F202029142039043D0FFE7FB
:1030200008980168012040F24042C4F20202914235
:10303000039038D0FFE708980168012040F2584219
:10304000C4F20202914203902DD0FFE70898016874
:10305000012040F27042C4F202029142039022D059
:10306000FFE708980168012040F28842C4F202029A
:103070009142039017D0FFE708980168012040F2C1
:10308000A042C4F20202914203900CD0FFE70898DC
:1030900000684FF64831CBF6FD710844B0FA80F075
:1030A00040090390FFE70398C00780B1FFE7089845
:1030B0000168086820F01E000860089801684869E7
:1030C00020F08000486108980068059009E00898A1
:1030D0000168086820F00E000860089800680590F4
:1030E000FFE70898016801201022C4F20202914211
:1030F000029000F00381FFE7089801680120282270
:10310000C4F202029142029000F0F880FFE70898B2
:10311000016801204022C4F202029142029000F0B4
:10312000ED80FFE70898016801205822C4F20202EE
:103130009142029000F0E280FFE7089801680120C8
:103140007022C4F202029142029000F0D780FFE7A1
:103150000898016801208822C4F20202914202907C
:1031600000F0CC80FFE7089801680120A022C4F29B
:1031700002029142029000F0C180FFE708980168C6
:103180000120B822C4F202029142029000F0B680FF
:10319000FFE708980168012040F21042C4F20202E1
:1031A0009142029000F0AA80FFE708980168012090
:1031B00040F22842C4F202029142029000F09E8046
:1031C000FFE708980168012040F24042C4F2020281
:1031D0009142029000F09280FFE708980168012078
:1031E00040F25842C4F202029142029000F08680FE
:1031F000FFE708980168012040F27042C4F2020221
:10320000914202907AD0FFE708980168012040F2CD
:103210008842C4F20202914202906FD0FFE7089800
:103220000168012040F2A042C4F2020291420290E1
:1032300064D0FFE708980168012040F2B842C4F268
:1032400002029142029059D0FFE7089801680120DC
:1032500045F20842C5F60202914202904ED0FFE7C5
:1032600008980168012045F21C42C5F6020291420D
:10327000029043D0FFE708980168012045F23042F0
:10328000C5F602029142029038D0FFE70898016823
:10329000012045F24442C5F60202914202902DD02F
:1032A000FFE708980168012045F25842C5F602027E
:1032B0009142029022D0FFE708980168012045F270
:1032C0006C42C5F602029142029017D0FFE70898BF
:1032D0000168012045F28042C5F602029142029047
:1032E0000CD0FFE7089800684AF66C31CAF2FD710D
:1032F0000844B0FA80F040090290FFE70298C00746
:1033000038B1FFE70898016E086820F48070086003
:10331000FFE7089800681021C4F20201884200F01B
:103320008180FFE7089800682821C4F202018842E2
:1033300078D0FFE7089800684021C4F20201884273
:1033400070D0FFE7089800685821C4F20201884253
:1033500068D0FFE7089800687021C4F20201884233
:1033600060D0FFE7089800688821C4F20201884213
:1033700058D0FFE708980068A021C4F202018842F3
:1033800050D0FFE708980068B821C4F202018842D3
:1033900048D0FFE70898006840F21041C4F20201EB
:1033A00088423FD0FFE70898006840F22841C4F205
:1033B0000201884236D0FFE70898006840F2404199
:1033C000C4F2020188422DD0FFE70898006840F25D
:1033D0005841C4F20201884224D0FFE708980068EF
:1033E00040F27041C4F2020188421BD0FFE7089806
:1033F000006840F28841C4F20201884212D0FFE71F
:103400000898006840F2A041C4F20201884209D045
:10341000FFE70898006840F2B841C4F20201884210
:1034200007D1FFE708980168086820F001000860EC
:1034300006E008980168086820F001000860FFE7CE
:10344000FFE705980068C007C8B1FFE703F0D4FFA5
:103450000499401A062811D3FFE7089920204865EF
:103460000899032081F83500FFE70899002081F8CA
:103470003400FFE701208DF82700FDE1E1E708981F
:10348000016801201022C4F202029142019000F072
:10349000A380FFE70898016801202822C4F20202F5
:1034A0009142019000F09880FFE7089801680120A0
:1034B0004022C4F202029142019000F08D80FFE7A9
:1034C0000898016801205822C4F20202914201903A
:1034D00000F08280FFE70898016801207022C4F2A2
:1034E00002029142019077D0FFE70898016801201D
:1034F0008822C4F20202914201906DD0FFE7089841
:1035000001680120A022C4F202029142019063D01E
:10351000FFE7089801680120B822C4F20202914234
:10352000019059D0FFE708980168012040F210424D
:10353000C4F20202914201904ED0FFE70898016860
:10354000012040F22842C4F202029142019043D08D
:10355000FFE708980168012040F24042C4F20202ED
:103560009142019038D0FFE708980168012040F2AD
:103570005842C4F20202914201902DD0FFE7089810
:103580000168012040F27042C4F2020291420190AF
:1035900022D0FFE708980168012040F28842C4F277
:1035A00002029142019017D0FFE7089801680120BC
:1035B00040F2A042C4F20202914201900CD0FFE717
:1035C000089800684FF64831CBF6FD710844B0FA10
:1035D00080F040090190FFE70198C00760B1FFE764
:1035E0000898806D07900898C06D00F01F013F207B
:1035F0008840079988600BE00898806D06900898CD
:10360000C06D00F01F010120884006994860FFE767
:103610000898016801201022C4F202029142009031
:1036200000F00381FFE70898016801202822C4F216
:1036300002029142009000F0F880FFE708980168CC
:1036400001204022C4F202029142009000F0ED807D
:10365000FFE70898016801205822C4F20202914253
:10366000009000F0E280FFE70898016801207022D6
:10367000C4F202029142009000F0D780FFE7089860
:10368000016801208822C4F202029142009000F0F9
:10369000CC80FFE7089801680120A022C4F2020252
:1036A0009142009000F0C180FFE708980168012076
:1036B000B822C4F202029142009000F0B680FFE707
:1036C00008980168012040F21042C4F202029142BF
:1036D000009000F0AA80FFE708980168012040F2FE
:1036E0002842C4F202029142009000F09E80FFE75F
:1036F00008980168012040F24042C4F2020291425F
:10370000009000F09280FFE708980168012040F2E5
:103710005842C4F202029142009000F08680FFE716
:1037200008980168012040F27042C4F202029142FE
:1037300000907AD0FFE708980168012040F28842A3
:10374000C4F20202914200906FD0FFE7089801682E
:10375000012040F2A042C4F202029142009064D0E3
:10376000FFE708980168012040F2B842C4F2020263
:103770009142009059D0FFE708980168012045F276
:103780000842C5F60202914200904ED0FFE7089829
:103790000168012045F21C42C5F6020291420090E8
:1037A00043D0FFE708980168012045F23042C5F692
:1037B00002029142009038D0FFE70898016801208A
:1037C00045F24442C5F60202914200902DD0FFE737
:1037D00008980168012045F25842C5F6020291425C
:1037E000009022D0FFE708980168012045F26C4262
:1037F000C5F602029142009017D0FFE708980168D1
:10380000012045F28042C5F60202914200900CD0A0
:10381000FFE7089800684AF66C31CAF2FD71084467
:10382000B0FA80F040090090FFE70098C007A0B10F
:10383000FFE70898416E806E48600898C06E58B1E6
:10384000FFE70898C16E086820F480700860089847
:10385000016F406F4860FFE7FFE70899012081F89A
:103860003500FFE70899002081F83400FFE7FFE703
:1038700000208DF82700FFE79DF827000AB080BDE3
:1038800080B586B00490049820B9FFE701208DF838
:10389000170046E3049890F83500022807D0FFE7A8
:1038A00004998020486501208DF8170039E30498B9
:1038B000016801201022C4F202029142029000F03D
:1038C000A380FFE70498016801202822C4F20202C5
:1038D0009142029000F09880FFE70498016801206F
:1038E0004022C4F202029142029000F08D80FFE774
:1038F0000498016801205822C4F202029142029009
:1039000000F08280FFE70498016801207022C4F271
:1039100002029142029077D0FFE7049801680120EB
:103920008822C4F20202914202906DD0FFE704980F
:1039300001680120A022C4F202029142029063D0E9
:10394000FFE7049801680120B822C4F20202914204
:10395000029059D0FFE704980168012040F210421C
:10396000C4F20202914202904ED0FFE7049801682F
:10397000012040F22842C4F202029142029043D058
:10398000FFE704980168012040F24042C4F20202BD
:103990009142029038D0FFE704980168012040F27C
:1039A0005842C4F20202914202902DD0FFE70498DF
:1039B0000168012040F27042C4F20202914202907A
:1039C00022D0FFE704980168012040F28842C4F247
:1039D00002029142029017D0FFE70498016801208B
:1039E00040F2A042C4F20202914202900CD0FFE7E2
:1039F000049800684FF64831CBF6FD710844B0FAE0
:103A000080F040090290FFE70298C007002800F00C
:103A10009D80FFE70499042081F835000498006830
:103A20001021C4F20201884200F08180FFE704986F
:103A300000682821C4F20201884278D0FFE7049888
:103A400000684021C4F20201884270D0FFE7049868
:103A500000685821C4F20201884268D0FFE7049848
:103A600000687021C4F20201884260D0FFE7049828
:103A700000688821C4F20201884258D0FFE7049808
:103A80000068A021C4F20201884250D0FFE70498E8
:103A90000068B821C4F20201884248D0FFE70498C8
:103AA000006840F21041C4F2020188423FD0FFE7B3
:103AB0000498006840F22841C4F20201884236D0DE
:103AC000FFE70498006840F24041C4F202018842D6
:103AD0002DD0FFE70498006840F25841C4F202017B
:103AE000884224D0FFE70498006840F27041C4F295
:103AF000020188421BD0FFE70498006840F2884129
:103B0000C4F20201884212D0FFE70498006840F234
:103B1000A041C4F20201884209D0FFE7049800687E
:103B200040F2B841C4F20201884207D1FFE704988D
:103B30000168086820F00100086006E00498016848
:103B4000086820F001000860FFE7E5E104980168DB
:103B5000086820F00E000860049800681021C4F284
:103B60000201884200F08180FFE704980068282164
:103B7000C4F20201884278D0FFE70498006840212F
:103B8000C4F20201884270D0FFE70498006858210F
:103B9000C4F20201884268D0FFE7049800687021EF
:103BA000C4F20201884260D0FFE7049800688821CF
:103BB000C4F20201884258D0FFE704980068A021AF
:103BC000C4F20201884250D0FFE704980068B8218F
:103BD000C4F20201884248D0FFE70498006840F22E
:103BE0001041C4F2020188423FD0FFE70498006808
:103BF00040F22841C4F20201884236D0FFE704981F
:103C0000006840F24041C4F2020188422DD0FFE733
:103C10000498006840F25841C4F20201884224D05E
:103C2000FFE70498006840F27041C4F20201884244
:103C30001BD0FFE70498006840F28841C4F20201FB
:103C4000884212D0FFE70498006840F2A041C4F215
:103C50000201884209D0FFE70498006840F2B841A9
:103C6000C4F20201884207D1FFE70498016808689E
:103C700020F00100086006E004980168086820F060
:103C800001000860FFE70498016801201022C4F2D7
:103C900002029142019000F00381FFE7049801685D
:103CA00001202822C4F202029142019000F0F88023
:103CB000FFE70498016801204022C4F20202914209
:103CC000019000F0ED80FFE7049801680120582280
:103CD000C4F202029142019000F0E280FFE70498F2
:103CE000016801207022C4F202029142019000F0AA
:103CF000D780FFE70498016801208822C4F20202FD
:103D00009142019000F0CC80FFE704980168012007
:103D1000A022C4F202029142019000F0C180FFE7AC
:103D2000049801680120B822C4F202029142019075
:103D300000F0B680FFE704980168012040F21042CD
:103D4000C4F202029142019000F0AA80FFE70498B9
:103D50000168012040F22842C4F20202914201901F
:103D600000F09E80FFE704980168012040F2404285
:103D7000C4F202029142019000F09280FFE70498A1
:103D80000168012040F25842C4F2020291420190BF
:103D900000F08680FFE704980168012040F270423D
:103DA000C4F20202914201907AD0FFE704980168C0
:103DB000012040F28842C4F20202914201906FD089
:103DC000FFE704980168012040F2A042C4F2020219
:103DD0009142019064D0FFE704980168012040F20D
:103DE000B842C4F202029142019059D0FFE7049810
:103DF0000168012045F20842C5F602029142019095
:103E00004ED0FFE704980168012045F21C42C5F638
:103E100002029142019043D0FFE70498016801201B
:103E200045F23042C5F602029142019038D0FFE7D8
:103E300004980168012045F24442C5F6020291420D
:103E400001902DD0FFE704980168012045F2584207
:103E5000C5F602029142019022D0FFE70498016862
:103E6000012045F26C42C5F602029142019017D042
:103E7000FFE704980168012045F28042C5F602027E
:103E8000914201900CD0FFE7049800684AF66C312B
:103E9000CAF2FD710844B0FA80F040090190FFE7D2
:103EA0000198C00728B3FFE70498016E086820F462
:103EB000807008600498806D03900498C06D00F0D5
:103EC0001F0101208840039948600498416E806E6C
:103ED00048600498C06E58B1FFE70498C16E086846
:103EE00020F4807008600498016F406F4860FFE71D
:103EF000FFE70499012081F83500FFE704990020CD
:103F000081F83400FFE70498006D20B1FFE70498C2
:103F1000016D8847FFE7FFE7FFE700208DF81700F6
:103F2000FFE79DF8170006B080BD0000000000000C
:103F300080B590B00F9000200B9040F6E070C2F278
:103F40000040006848F2B511C1F64E31A0FB0110E7
:103F5000800A0A900F98806D09900F98806D0890E4
:103F6000099800680E90089800680D900F980168F5
:103F700001201022C4F202029142079000F0A380B7
:103F8000FFE70F98016801202822C4F20202914243
:103F9000079000F09880FFE70F9801680120402209
:103FA000C4F202029142079000F08D80FFE70F9863
:103FB000016801205822C4F202029142079000F0E9
:103FC0008280FFE70F98016801207022C4F202028C
:103FD0009142079077D0FFE70F980168012088226F
:103FE000C4F20202914207906DD0FFE70F9801687A
:103FF0000120A022C4F202029142079063D0FFE7A1
:104000000F9801680120B822C4F202029142079081
:1040100059D0FFE70F980168012040F21042C4F226
:104020000202914207904ED0FFE70F9801680120ED
:1040300040F22842C4F202029142079043D0FFE7C7
:104040000F980168012040F24042C4F202029142FE
:10405000079038D0FFE70F980168012040F25842DE
:10406000C4F20202914207902DD0FFE70F98016839
:10407000012040F27042C4F202029142079022D025
:10408000FFE70F980168012040F28842C4F2020263
:104090009142079017D0FFE70F980168012040F286
:1040A000A042C4F20202914207900CD0FFE70F98A1
:1040B00000684FF64831CBF6FD710844B0FA80F045
:1040C00040090790FFE70798C007002800F0138514
:1040D000FFE70E980F99C96D01F01F01C840000756
:1040E000002840F1B080FFE70F9800681021C4F26B
:1040F0000201884200F08180FFE70F9800682821C4
:10410000C4F20201884278D0FFE70F98006840218E
:10411000C4F20201884270D0FFE70F98006858216E
:10412000C4F20201884268D0FFE70F98006870214E
:10413000C4F20201884260D0FFE70F98006888212E
:10414000C4F20201884258D0FFE70F980068A0210E
:10415000C4F20201884250D0FFE70F980068B821EE
:10416000C4F20201884248D0FFE70F98006840F28D
:104170001041C4F2020188423FD0FFE70F98006867
:1041800040F22841C4F20201884236D0FFE70F987E
:10419000006840F24041C4F2020188422DD0FFE79E
:1041A0000F98006840F25841C4F20201884224D0BE
:1041B000FFE70F98006840F27041C4F202018842A4
:1041C0001BD0FFE70F98006840F28841C4F202015B
:1041D000884212D0FFE70F98006840F2A041C4F275
:1041E0000201884209D0FFE70F98006840F2B84109
:1041F000C4F20201884207D1FFE70F980068006807
:1042000000F00400069006E00F980068006800F0D7
:1042100008000690FFE70698A0B1FFE70F98016835
:10422000086820F0040008600F98C06D00F01F01BE
:1042300008208840099988600F99486D40F0010076
:104240004865FFE7FFE70E980F99C96D01F01F0160
:10425000C840C007002800F0A980FFE70F98006859
:104260001021C4F20201884200F08180FFE70F981C
:1042700000682821C4F20201884278D0FFE70F9835
:1042800000684021C4F20201884270D0FFE70F9815
:1042900000685821C4F20201884268D0FFE70F98F5
:1042A00000687021C4F20201884260D0FFE70F98D5
:1042B00000688821C4F20201884258D0FFE70F98B5
:1042C0000068A021C4F20201884250D0FFE70F9895
:1042D0000068B821C4F20201884248D0FFE70F9875
:1042E000006840F21041C4F2020188423FD0FFE76B
:1042F0000F98006840F22841C4F20201884236D08B
:10430000FFE70F98006840F24041C4F20201884282
:104310002DD0FFE70F98006840F25841C4F2020127
:10432000884224D0FFE70F98006840F27041C4F241
:10433000020188421BD0FFE70F98006840F28841D5
:10434000C4F20201884212D0FFE70F98006840F2E1
:10435000A041C4F20201884209D0FFE70F9800682B
:1043600040F2B841C4F20201884207D1FFE70F983A
:104370000068406900F08000059005E00F98006833
:10438000006800200590FFE7059870B1FFE70F98DF
:10439000C06D00F01F0101208840099988600F99C5
:1043A000486D40F002004865FFE7FFE70E980F995F
:1043B000C96D01F01F01C8404007002840F1A980E5
:1043C000FFE70F9800681021C4F20201884200F054
:1043D0008180FFE70F9800682821C4F2020188421B
:1043E00078D0FFE70F9800684021C4F202018842AC
:1043F00070D0FFE70F9800685821C4F2020188428C
:1044000068D0FFE70F9800687021C4F2020188426B
:1044100060D0FFE70F9800688821C4F2020188424B
:1044200058D0FFE70F980068A021C4F2020188422B
:1044300050D0FFE70F980068B821C4F2020188420B
:1044400048D0FFE70F98006840F21041C4F2020123
:1044500088423FD0FFE70F98006840F22841C4F23D
:104460000201884236D0FFE70F98006840F24041D1
:10447000C4F2020188422DD0FFE70F98006840F295
:104480005841C4F20201884224D0FFE70F98006827
:1044900040F27041C4F2020188421BD0FFE70F983E
:1044A000006840F28841C4F20201884212D0FFE75E
:1044B0000F98006840F2A041C4F20201884209D07E
:1044C000FFE70F98006840F2B841C4F20201884249
:1044D00007D1FFE70F980068006800F00200049021
:1044E00005E00F980068006800200490FFE704983A
:1044F00070B1FFE70F98C06D00F01F0104208840E5
:10450000099988600F99486D40F004004865FFE7FD
:10451000FFE70E980F99C96D01F01F01C840C00652
:10452000002840F1DE80FFE70F9800681021C4F2F8
:104530000201884200F08180FFE70F98006828217F
:10454000C4F20201884278D0FFE70F98006840214A
:10455000C4F20201884270D0FFE70F98006858212A
:10456000C4F20201884268D0FFE70F98006870210A
:10457000C4F20201884260D0FFE70F9800688821EA
:10458000C4F20201884258D0FFE70F980068A021CA
:10459000C4F20201884250D0FFE70F980068B821AA
:1045A000C4F20201884248D0FFE70F98006840F249
:1045B0001041C4F2020188423FD0FFE70F98006823
:1045C00040F22841C4F20201884236D0FFE70F983A
:1045D000006840F24041C4F2020188422DD0FFE75A
:1045E0000F98006840F25841C4F20201884224D07A
:1045F000FFE70F98006840F27041C4F20201884260
:104600001BD0FFE70F98006840F28841C4F2020116
:10461000884212D0FFE70F98006840F2A041C4F230
:104620000201884209D0FFE70F98006840F2B841C4
:10463000C4F20201884207D1FFE70F9800680068C2
:1046400000F00800039006E00F980068006800F092
:1046500004000390FFE70398002841D0FFE70F987C
:10466000C06D00F01F0110208840099988600F98E4
:1046700000680068400300281AD5FFE70F9800681B
:1046800000680003002809D4FFE70F98006C20B1F0
:10469000FFE70F98016C8847FFE708E00F98806CF0
:1046A00020B1FFE70F98816C8847FFE7FFE716E02E
:1046B0000F9800680068C005002807D4FFE70F982E
:1046C0000168086820F008000860FFE70F98006C98
:1046D00020B1FFE70F98016C8847FFE7FFE7FFE78E
:1046E000FFE70E980F99C96D01F01F01C8408006C1
:1046F000002840F12681FFE70F9800681021C4F2DE
:104700000201884200F08180FFE70F9800682821AD
:10471000C4F20201884278D0FFE70F980068402178
:10472000C4F20201884270D0FFE70F980068582158
:10473000C4F20201884268D0FFE70F980068702138
:10474000C4F20201884260D0FFE70F980068882118
:10475000C4F20201884258D0FFE70F980068A021F8
:10476000C4F20201884250D0FFE70F980068B821D8
:10477000C4F20201884248D0FFE70F98006840F277
:104780001041C4F2020188423FD0FFE70F98006851
:1047900040F22841C4F20201884236D0FFE70F9868
:1047A000006840F24041C4F2020188422DD0FFE788
:1047B0000F98006840F25841C4F20201884224D0A8
:1047C000FFE70F98006840F27041C4F2020188428E
:1047D0001BD0FFE70F98006840F28841C4F2020145
:1047E000884212D0FFE70F98006840F2A041C4F25F
:1047F0000201884209D0FFE70F98006840F2B841F3
:10480000C4F20201884207D1FFE70F9800680068F0
:1048100000F01000029006E00F980068006800F0B9
:1048200002000290FFE70298002800F08980FFE76D
:104830000F98C06D00F01F01202088400999886002
:104840000F9890F83500042837D1FFE70F980168DA
:10485000086820F0160008600F980168486920F089
:10486000800048610F98006C20B9FFE70F98806CBA
:1048700038B1FFE70F980168086820F00800086069
:10488000FFE70F98C06D00F01F013F208840099995
:1048900088600F99012081F83500FFE70F9900200B
:1048A00081F83400FFE70F98006D20B1FFE70F9803
:1048B000016D8847FFE700F019BC0F980068006899
:1048C000400300281AD5FFE70F980068006800032E
:1048D000002809D4FFE70F98406C20B1FFE70F983C
:1048E000416C8847FFE708E00F98C06B20B1FFE7F5
:1048F0000F98C16B8847FFE7FFE720E00F9800683B
:104900000068C005002811D4FFE70F980168086807
:1049100020F0100008600F99012081F83500FFE7B2
:104920000F99002081F83400FFE7FFE70F98C06B74
:1049300020B1FFE70F98C16B8847FFE7FFE7FFE76C
:10494000FFE70F98406D002800F0D480FFE70F9834
:10495000406DC007002800F0C480FFE70F990420D5
:1049600081F835000F9800681021C4F202018842D6
:1049700000F08180FFE70F9800682821C4F202014F
:10498000884278D0FFE70F9800684021C4F2020106
:10499000884270D0FFE70F9800685821C4F20201E6
:1049A000884268D0FFE70F9800687021C4F20201C6
:1049B000884260D0FFE70F9800688821C4F20201A6
:1049C000884258D0FFE70F980068A021C4F2020186
:1049D000884250D0FFE70F980068B821C4F2020166
:1049E000884248D0FFE70F98006840F21041C4F2B7
:1049F000020188423FD0FFE70F98006840F228414B
:104A0000C4F20201884236D0FFE70F98006840F2F6
:104A10004041C4F2020188422DD0FFE70F980068A0
:104A200040F25841C4F20201884224D0FFE70F98B7
:104A3000006840F27041C4F2020188421BD0FFE7D7
:104A40000F98006840F28841C4F20201884212D0F7
:104A5000FFE70F98006840F2A041C4F202018842CB
:104A600009D0FFE70F98006840F2B841C4F2020194
:104A7000884207D1FFE70F980168086820F001001D
:104A8000086006E00F980168086820F001000860DF
:104A9000FFE7FFE70B9801300B900A99884201D994
:104AA000FFE707E0FFE70F9800680068C0070028ED
:104AB000F0D1FFE70F9800680068C00728B1FFE752
:104AC0000F99032081F8350004E00F99012081F847
:104AD0003500FFE7FFE70F99002081F83400FFE77A
:104AE000FFE70F98C06C20B1FFE70F98C16C8847B3
:104AF000FFE7FFE7FAE20F980168012045F208425C
:104B0000C5F60202914201904ED0FFE70F9801686E
:104B1000012045F21C42C5F602029142019043D0A9
:104B2000FFE70F980168012045F23042C5F6020206
:104B30009142019038D0FFE70F980168012045F2BB
:104B40004442C5F60202914201902DD0FFE70F9832
:104B50000168012045F25842C5F6020291420190D7
:104B600022D0FFE70F980168012045F26C42C5F69C
:104B700002029142019017D0FFE70F9801680120CF
:104B800045F28042C5F60202914201900CD0FFE747
:104B90000F9800684AF66C31CAF2FD710844B0FA09
:104BA00080F040090190FFE70198C007002800F05D
:104BB0009B82FFE70F98006800680C900D980F9992
:104BC000C96D01F01F01C8404007002840F1D7809F
:104BD000FFE79DF830004007002840F1D080FFE754
:104BE0000F98C06D00F01F010420884008994860AC
:104BF0009DF831000006002818D5FFE79DF8320027
:104C0000C00748B9FFE70F98806C20B1FFE70F9805
:104C1000816C8847FFE708E00F98006C20B1FFE740
:104C20000F98016C8847FFE7FFE7A7E09DF8300089
:104C30008006002800F19980FFE70F980068102196
:104C4000C4F20201884200F08180FFE70F980068FB
:104C50002821C4F20201884278D0FFE70F9800684B
:104C60004021C4F20201884270D0FFE70F9800682B
:104C70005821C4F20201884268D0FFE70F9800680B
:104C80007021C4F20201884260D0FFE70F980068EB
:104C90008821C4F20201884258D0FFE70F980068CB
:104CA000A021C4F20201884250D0FFE70F980068AB
:104CB000B821C4F20201884248D0FFE70F9800688B
:104CC00040F21041C4F2020188423FD0FFE70F9842
:104CD000006840F22841C4F20201884236D0FFE762
:104CE0000F98006840F24041C4F2020188422DD082
:104CF000FFE70F98006840F25841C4F20201884271
:104D000024D0FFE70F98006840F27041C4F202011E
:104D100088421BD0FFE70F98006840F28841C4F238
:104D20000201884212D0FFE70F98006840F2A041CC
:104D3000C4F20201884209D0FFE70F98006840F2F0
:104D4000B841C4F20201884207D1FFE70F98016819
:104D5000086820F00800086006E00F9801680868FD
:104D600020F004000860FFE7FFE70F98006C20B117
:104D7000FFE70F98016C8847FFE7FFE7B3E10D9865
:104D80000F99C96D01F01F01C8408007002840F14C
:104D9000E180FFE79DF830008007002840F1DA80CD
:104DA000FFE70F98C06D00F01F01022088400899AE
:104DB00048609DF831000006002818D5FFE79DF8EF
:104DC0003200C00748B9FFE70F98406C20B1FFE7F9
:104DD0000F98416C8847FFE708E00F98C06B20B13F
:104DE000FFE70F98C16B8847FFE7FFE7B1E09DF849
:104DF00030008006002800F1A380FFE70F980068CC
:104E00001021C4F20201884200F08180FFE70F9870
:104E100000682821C4F20201884278D0FFE70F9889
:104E200000684021C4F20201884270D0FFE70F9869
:104E300000685821C4F20201884268D0FFE70F9849
:104E400000687021C4F20201884260D0FFE70F9829
:104E500000688821C4F20201884258D0FFE70F9809
:104E60000068A021C4F20201884250D0FFE70F98E9
:104E70000068B821C4F20201884248D0FFE70F98C9
:104E8000006840F21041C4F2020188423FD0FFE7BF
:104E90000F98006840F22841C4F20201884236D0DF
:104EA000FFE70F98006840F24041C4F202018842D7
:104EB0002DD0FFE70F98006840F25841C4F202017C
:104EC000884224D0FFE70F98006840F27041C4F296
:104ED000020188421BD0FFE70F98006840F288412A
:104EE000C4F20201884212D0FFE70F98006840F236
:104EF000A041C4F20201884209D0FFE70F98006880
:104F000040F2B841C4F20201884207D1FFE70F988E
:104F10000168086820F01400086006E00F98016836
:104F2000086820F00A000860FFE70F99012081F867
:104F30003500FFE70F99002081F83400FFE7FFE715
:104F40000F98C06B20B1FFE70F98C16B8847FFE750
:104F5000FFE7C7E00D980F99C96D01F01F01C84028
:104F60000007002840F1BC80FFE79DF830000007F3
:104F7000002840F1B580FFE70F9800681021C4F2C7
:104F80000201884200F08180FFE70F980068282125
:104F9000C4F20201884278D0FFE70F9800684021F0
:104FA000C4F20201884270D0FFE70F9800685821D0
:104FB000C4F20201884268D0FFE70F9800687021B0
:104FC000C4F20201884260D0FFE70F980068882190
:104FD000C4F20201884258D0FFE70F980068A02170
:104FE000C4F20201884250D0FFE70F980068B82150
:104FF000C4F20201884248D0FFE70F98006840F2EF
:105000001041C4F2020188423FD0FFE70F980068C8
:1050100040F22841C4F20201884236D0FFE70F98DF
:10502000006840F24041C4F2020188422DD0FFE7FF
:105030000F98006840F25841C4F20201884224D01F
:10504000FFE70F98006840F27041C4F20201884205
:105050001BD0FFE70F98006840F28841C4F20201BC
:10506000884212D0FFE70F98006840F2A041C4F2D6
:105070000201884209D0FFE70F98006840F2B8416A
:10508000C4F20201884207D1FFE70F98016808685F
:1050900020F01C00086006E00F980168086820F006
:1050A0000E000860FFE70F98C06D00F01F0101209F
:1050B00000FA01F1089A51600F9948650F9981F83B
:1050C0003500FFE70F99002081F83400FFE70F98C3
:1050D000C06C20B1FFE70F98C16C8847FFE700E084
:1050E000FFE7FFE7FFE700E0FFE7FFE710B080BD65
:1050F00080B58EB00C9002F07FF90A900C9828B918
:10510000FFE701208DF8370000F09FBC0C98016884
:1051100001201022C4F202029142079000F0A38005
:10512000FFE70C98016801202822C4F20202914294
:10513000079000F09880FFE70C980168012040225A
:10514000C4F202029142079000F08D80FFE70C98B4
:10515000016801205822C4F202029142079000F037
:105160008280FFE70C98016801207022C4F20202DD
:105170009142079077D0FFE70C98016801208822C0
:10518000C4F20202914207906DD0FFE70C980168CB
:105190000120A022C4F202029142079063D0FFE7EF
:1051A0000C9801680120B822C4F2020291420790D3
:1051B00059D0FFE70C980168012040F21042C4F278
:1051C0000202914207904ED0FFE70C98016801203F
:1051D00040F22842C4F202029142079043D0FFE716
:1051E0000C980168012040F24042C4F20202914250
:1051F000079038D0FFE70C980168012040F2584230
:10520000C4F20202914207902DD0FFE70C9801688A
:10521000012040F27042C4F202029142079022D073
:10522000FFE70C980168012040F28842C4F20202B4
:105230009142079017D0FFE70C980168012040F2D7
:10524000A042C4F20202914207900CD0FFE70C98F2
:1052500000684FF64831CBF6FD710844B0FA80F093
:1052600040090790FFE70798C007002800F0788101
:10527000FFE70C98406A08B1FFE7FFE70C990220AE
:1052800081F83500FFE70C99002081F83400FFE732
:105290000C9800681021C4F20201884200F081805D
:1052A000FFE70C9800682821C4F20201884278D0F8
:1052B000FFE70C9800684021C4F20201884270D0D8
:1052C000FFE70C9800685821C4F20201884268D0B8
:1052D000FFE70C9800687021C4F20201884260D098
:1052E000FFE70C9800688821C4F20201884258D078
:1052F000FFE70C980068A021C4F20201884250D058
:10530000FFE70C980068B821C4F20201884248D037
:10531000FFE70C98006840F21041C4F20201884295
:105320003FD0FFE70C98006840F22841C4F2020128
:10533000884236D0FFE70C98006840F24041C4F242
:10534000020188422DD0FFE70C98006840F25841D6
:10535000C4F20201884224D0FFE70C98006840F2B2
:105360007041C4F2020188421BD0FFE70C9800682C
:1053700040F28841C4F20201884212D0FFE70C9843
:10538000006840F2A041C4F20201884209D0FFE760
:105390000C98006840F2B841C4F20201884207D17B
:1053A000FFE70C980168086820F00100086006E03B
:1053B0000C980168086820F001000860FFE7FFE72B
:1053C0000C9800680068C00798B1FFE702F014F875
:1053D0000A99401A06280BD3FFE70C99202048654C
:1053E0000C99032081F8350001208DF837002CE35B
:1053F000E6E70C98006800680B900B9848F23F01B4
:10540000CFF6106108400B900C998868D1F80CC059
:105410000B694A6940EA0C00184310438A6910433B
:10542000CA691043096A01430B9808430B900C9812
:10543000406A042808D1FFE70C99C86A096B014348
:105440000B9808430B90FFE70C984068292807D376
:10545000FFE70C98416801202F29069036D3FFE71B
:105460000C9840683F2807D3FFE70C98416801205B
:10547000432906902AD3FFE70C984068472807D3B2
:10548000FFE70C9841680120492906901ED3FFE7E9
:105490000C9840684F2807D3FFE70C98416801201B
:1054A0005329069012D3FFE70C9841680020742915
:1054B000059008D3FFE70C9841680020782938BF91
:1054C00001200590FFE705980690FFE70698C007C2
:1054D00028B1FFE70B9840F480100B90FFE70B9882
:1054E0000C99096808600C98006840690B900B984B
:1054F00020F007000B900C98416A0B9808430B9022
:105500000C98406A04281AD1FFE70C98816A0B981E
:1055100008430B900C98C06A80B1FFE70C98FCF729
:105520005BFB50B1FFE70C99402048650C990120C6
:1055300081F835008DF8370087E2FFE7FFE70B9829
:105540000C99096848610C98FCF70AF909900C98C5
:10555000C06D00F01F013F2088400999886027E155
:105560000C980168012045F20842C5F602029142FA
:1055700004904ED0FFE70C980168012045F21C42D0
:10558000C5F602029142049043D0FFE70C980168EF
:10559000012045F23042C5F602029142049038D013
:1055A000FFE70C980168012045F24442C5F602026B
:1055B000914204902DD0FFE70C980168012045F23C
:1055C0005842C5F602029142049022D0FFE70C989F
:1055D0000168012045F26C42C5F602029142049036
:1055E00017D0FFE70C980168012045F28042C5F60C
:1055F0000202914204900CD0FFE70C9800684AF632
:105600006C31CAF2FD710844B0FA80F04009049090
:10561000FFE70498C007002800F0BE80FFE70C9861
:105620000168012045F20842C5F60202914203904A
:105630004ED0FFE70C980168012045F21C42C5F6E8
:1056400002029142039043D0FFE70C9801680120C9
:1056500045F23042C5F602029142039038D0FFE78E
:105660000C980168012045F24442C5F602029142BD
:1056700003902DD0FFE70C980168012045F25842B5
:10568000C5F602029142039022D0FFE70C98016810
:10569000012045F26C42C5F602029142039017D0F8
:1056A000FFE70C980168012045F28042C5F602022E
:1056B000914203900CD0FFE70C9800684AF66C31D9
:1056C000CAF2FD710844B0FA80F040090390FFE788
:1056D0000398C00708B1FFE7FFE70C99022081F8A3
:1056E0003500FFE70C99002081F83400FFE70C98A3
:1056F000006800680B900B986FF310100B900C98DB
:105700008068402803D1FFE71020029008E00C9841
:1057100080688038B0FA80F0400980030290FFE78B
:1057200002980C99D1F80CE0D1F810C04B698A6945
:1057300040EADE0040EADC0040EAD30040EAD20062
:10574000CA6940EAD200096A40EA11110B9808437D
:105750000B900B980C99096808600C9908684AF638
:10576000F832CAF2FD7210444CF6CD42CCF6CC426F
:10577000A0FB02026FF0030000EA9200C8650C98DB
:10578000FBF7EEFF08900C98C06D00F01F010120A0
:105790008840089948600AE00C99402048650C99B7
:1057A000032081F8350001208DF837004DE1FFE737
:1057B0000C98016801201022C4F20202914201906B
:1057C00000F00381FFE70C98016801202822C4F251
:1057D00002029142019000F0F880FFE70C98016806
:1057E00001204022C4F202029142019000F0ED80BB
:1057F000FFE70C98016801205822C4F2020291428E
:10580000019000F0E280FFE70C980168012070220F
:10581000C4F202029142019000F0D780FFE70C9899
:10582000016801208822C4F202029142019000F036
:10583000CC80FFE70C9801680120A022C4F202028C
:105840009142019000F0C180FFE70C9801680120AF
:10585000B822C4F202029142019000F0B680FFE744
:105860000C980168012040F21042C4F202029142F9
:10587000019000F0AA80FFE70C980168012040F237
:105880002842C4F202029142019000F09E80FFE79C
:105890000C980168012040F24042C4F20202914299
:1058A000019000F09280FFE70C980168012040F21F
:1058B0005842C4F202029142019000F08680FFE754
:1058C0000C980168012040F27042C4F20202914239
:1058D00001907AD0FFE70C980168012040F28842DD
:1058E000C4F20202914201906FD0FFE70C98016868
:1058F000012040F2A042C4F202029142019064D021
:10590000FFE70C980168012040F2B842C4F202029D
:105910009142019059D0FFE70C980168012045F2AF
:105920000842C5F60202914201904ED0FFE70C9862
:105930000168012045F21C42C5F602029142019025
:1059400043D0FFE70C980168012045F23042C5F6CC
:1059500002029142019038D0FFE70C9801680120C3
:1059600045F24442C5F60202914201902DD0FFE774
:105970000C980168012045F25842C5F60202914296
:10598000019022D0FFE70C980168012045F26C429B
:10599000C5F602029142019017D0FFE70C9801680A
:1059A000012045F28042C5F60202914201900CD0DE
:1059B000FFE70C9800684AF66C31CAF2FD710844A2
:1059C000B0FA80F040090190FFE70198C00790B35A
:1059D000FFE70C98FBF7ACFF0C988068802804D197
:1059E000FFE70C9900204860FFE70C990879096EE1
:1059F00008600C98416E806E48600C98406888B1D1
:105A0000FFE70C98406808280CD8FFE70C98FCF7D3
:105A10004BF80C98C16E002008600C98016F406F25
:105A2000486007E00C990020C8660C9908670C993B
:105A30004867FFE7FFE70C99002048650C9A0121B1
:105A400082F835108DF83700FFE79DF837000EB06B
:105A500080BD00000000000080B584B0039001F01C
:105A6000CBFC0290039801900198013048B1FFE708
:105A700041F2C400C2F2004001780198084401904C
:105A8000FFE7FFE701F0B8FC0299401A019988424C
:105A900001D2FFE7F6E704B080BD0000000000007F
:105AA00085B0039002910192039890F898008DF8C8
:105AB00003009DF80300012805D0FFE79DF80300CF
:105AC00002285DD1FFE7029803990968896D0842B1
:105AD00007D1FFE703980168C86D40F00100C86571
:105AE00015E0029803990968896D08400299884277
:105AF00007D1FFE703980168C86D40F00200C86550
:105B000004E0039801680320C865FFE7FFE79DF8FC
:105B100009008007002809D5FFE7019A039801686A
:105B2000D1F8E0001043C1F8E000FFE79DF809005C
:105B30004007002809D5FFE7019A03980168D1F8CA
:105B4000E4001043C1F8E400FFE7FFE702984FF6D6
:105B5000FF71C3F6CF7100EA010203980168486D36
:105B600010434865029A4AF61401C4F2000108681D
:105B700040EA92700860FFE700208DF813000AE009
:105B80000399D1F89C0040F00200C1F89C0001206C
:105B90008DF81300FFE79DF8130005B07047000073
:105BA00080B586B00490039102920398406808B9CA
:105BB000FFE700E0FFE7049890F89800022845D13D
:105BC000FFE704980068D0F8C00010F07C5F0BD1AC
:105BD000FFE70499D1F89C0040F02000C1F89C0038
:105BE00001208DF817003CE004980068D0F8C4004C
:105BF000800200280BD5FFE70499D1F89C0040F4FF
:105C00000070C1F89C0001208DF8170029E004986D
:105C10000068D0F8C400C0F30440019004980399D0
:105C2000029A019BFCF774FF0199012000FA01F12F
:105C3000049A1268C2F8D010019988400499C1F8FA
:105C40009400FFE700208DF817000AE00499D1F8CE
:105C50009C0040F00800C1F89C0001208DF817005E
:105C6000FFE79DF8170006B080BD000000000000AF
:105C700082B00190009102B0704700000000000067
:105C800087B005900491059890F898008DF803006E
:105C90009DF80300012805D0FFE79DF803000228C6
:105CA0006AD1FFE70498C068072801D1FFE7FFE742
:105CB0000498006878BBFFE70498C068072801D003
:105CC000FFE7FFE70498C06807280CD1FFE7049AB4
:105CD00010699169D269000440EA0220084340F04B
:105CE000605003900CE004998868CB680A694969A0
:105CF000800740EAC36040EA024008430390FFE7A0
:105D00000598C06E0499496800EB810001900398E2
:105D1000019908602CE00498C068072801D0FFE7CB
:105D2000FFE70498C168006940EA41700390049855
:105D3000C068072804D1FFE704988069029006E054
:105D400004988168406940EA81700290FFE70598F5
:105D5000006F0499496800EBC10001900398019914
:105D60000860019804300190029801990860FFE7EB
:105D700000208DF81B000AE00599D1F89C0040F046
:105D80000200C1F89C0001208DF81B00FFE79DF880
:105D90001B0007B07047000085B0DDF814C0039009
:105DA000029101920093039890F89800012812D173
:105DB000FFE702980001019940EA8100009940EA5A
:105DC00041000599084303990968C1F88000002043
:105DD0008DF813000AE00399D1F89C0040F004000C
:105DE000C1F89C0001208DF81300FFE79DF8130017
:105DF00005B070470000000081B0009001B070470E
:105E000082B00190009102B07047000000000000D5
:105E10008AB0089007910692059300200190089897
:105E200090F898008DF803009DF80300022840F0D8
:105E30005E81FFE70798402852D1FFE70898006885
:105E4000D0F8A00010F4FE0F0BD1FFE70899D1F8AD
:105E50009C0040F02000C1F89C0001208DF8270034
:105E600050E108980068D0F8A400400658B9FFE750
:105E70000899D1F89C0040F48070C1F89C00012082
:105E80008DF827003EE108980068D0F8A40000F0E3
:105E900080710120B0EB116F0ED1FFE70898006808
:105EA000D0F8A0104FF00040B0EBD17F03D1FFE756
:105EB00001200190FFE7FFE708980068D0F8A400F0
:105EC00000F47C51019800EB112001900898426C7D
:105ED000406F0199514300EB81000490FFE771E0AE
:105EE0000798412852D1FFE708980068D0F8B00021
:105EF00010F4FE0F0BD1FFE70899D1F89C0040F099
:105F00002000C1F89C0001208DF82700FAE00898D5
:105F10000068D0F8B400400658B9FFE70899D1F8F6
:105F20009C0040F48070C1F89C0001208DF827008F
:105F3000E8E008980068D0F8B40000F08071012013
:105F4000B0EB116F0ED1FFE708980068D0F8B010E1
:105F50004FF00040B0EBD17F03D1FFE7012001906B
:105F6000FFE7FFE708980068D0F8B40000F47C5120
:105F7000019800EB112001900898C26C806F019984
:105F8000514300EB81000490FFE71AE0079808995D
:105F9000096D88420BD3FFE70899D1F89C0040F0C7
:105FA0002000C1F89C0001208DF82700AAE0089885
:105FB000426DC06F0799514300EB81000490FFE7E9
:105FC000FFE7FFE70498006800F08040069948600A
:105FD0000698406838B9FFE704980068C0F38A4023
:105FE0000699086006E00498006820F06040069971
:105FF0000860FFE70498006800F000500699886088
:106000000498006800F00040069908610498043084
:106010000490049800880699C8610498006800F408
:1060200070200699C8600498006800F480100699F2
:1060300048610498006800F400100699886104988B
:106040000068C0F306600699086204980068C00FF3
:106050000699486204980430049004980390002044
:106060000290FFE702980699CA8949F6D041C0F626
:106070000101895C88420AD2FFE70398029A805C9A
:1060800005998854FFE7029801300290EAE70798E3
:10609000402806D1FFE7019808990968C1F8A800CF
:1060A00021E00798412806D1FFE70198089909687F
:1060B000C1F8B80016E007981F2808D8FFE707992D
:1060C0000120884008990968C1F8980009E00798FC
:1060D00000F01F010120884008990968C1F89C0060
:1060E000FFE7FFE7FFE700208DF827000AE00899A7
:1060F000D1F89C0040F00800C1F89C0001208DF808
:106100002700FFE79DF827000AB070470000000055
:1061100081B0009001B0704780B594B013904AF6FA
:106120001000C4F200000068800712904AF61400C4
:10613000C4F200000168129800EA8170129013986E
:106140000068006D00F47040119013980068416D74
:1061500011980840119013980068006D00F00F002E
:10616000109013980068416D109808401090139893
:106170000068006D00F0F0000F9013980068416D0A
:106180000F9808400F9013980068006D00F0715050
:106190000E9013980068416D0E9808400E90139869
:1061A0000068006D00F060700D9013980068416DFC
:1061B0000D9808400D9013980068406D0390139857
:1061C0000068006D01909DF80D00C007B8B1FFE7B1
:1061D0009DF80500C00788B1FFE7FFE71398016845
:1061E0004FF4807008654AF61001C4F200010020E7
:1061F0000860FFE71398FFF78BFFFFE7FFE79DF8C5
:106200000D0000F004010020B0EB910F28D0FFE753
:106210009DF8050000F004010020B0EB910F1ED0A6
:10622000FFE713980068D0F8DC000B901398006823
:10623000D0F8E4100B9808400B90FFE71398016822
:106240004FF4806008654AF61001C4F20001002096
:106250000860FFE713980B9900F0C6FEFFE7FFE721
:106260001298B8B1FFE7FFE712984FF6FF71C3F637
:10627000CF7108401399096808651298800F4AF693
:106280001001C4F200010860FFE713981299FFF7AC
:10629000EFFCFFE71198B8B1FFE7FFE711984FF661
:1062A000FF71C3F6CF71084013990968086511980A
:1062B000800F4AF61001C4F200010860FFE713984E
:1062C000119900F0A1FEFFE71098B8B1FFE7FFE7D2
:1062D00010984FF6FF71C3F6CF7108401399096803
:1062E00008651098800F4AF61001C4F2000108609A
:1062F000FFE71398109900F027FDFFE70F98B8B15A
:10630000FFE7FFE70F984FF6FF71C3F6CF71084024
:106310001399096808650F98800F4AF61001C4F2B6
:1063200000010860FFE713980F9900F0B5FDFFE743
:106330009DF80D0000F008010020B0EBD10F1BD03C
:10634000FFE79DF8050000F008010020B0EBD10F39
:1063500011D0FFE7FFE7139801684FF4006008656C
:106360004AF61001C4F2000100200860FFE713980C
:1063700000F052FEFFE7FFE79DF80D0000F002017C
:106380000020B0EB510F28D0FFE79DF8050000F08A
:1063900002010020B0EB510F1ED0FFE713980068F8
:1063A000D0F8D8000C9013980068D0F8E0100C9842
:1063B00008400C90FFE7139801684FF400700865DF
:1063C0004AF61001C4F2000100200860FFE71398AC
:1063D0000C9900F011FEFFE7FFE79DF80E0000F0BA
:1063E00008010020B0EBD10F1BD0FFE79DF806009D
:1063F00000F008010020B0EBD10F11D0FFE7FFE75C
:10640000139801684FF4002008654AF61001C4F2A1
:10641000000100200860FFE7139800F091FCFFE7FF
:10642000FFE79DF80E00C007B8B1FFE79DF8060032
:10643000C00788B1FFE7FFE7139801684FF4803089
:1064400008654AF61001C4F2000100200860FFE769
:10645000139800F0C5FDFFE7FFE79DF80E0000F080
:1064600004010020B0EB910F1BD0FFE79DF8060060
:1064700000F004010020B0EB910F11D0FFE7FFE71F
:10648000139801684FF4802008654AF61001C4F2A1
:10649000000100200860FFE7139800F09DFDFFE772
:1064A000FFE79DF80E0000F002010020B0EB510F55
:1064B0001FD0FFE79DF8060000F002010020B0EBBE
:1064C000510F15D0FFE7FFE7139801684FF4003034
:1064D00008654AF61001C4F2000100200860FFE7D9
:1064E0001399D1F89C0040F08000C1F89C00FFE7B0
:1064F000FFE70D98B8B1FFE7FFE70D984FF6FF7182
:10650000C3F6CF7108401399096808650D98800F8C
:106510004AF61001C4F200010860FFE713980D99D4
:10652000FFF76EFCFFE70E98D0B1FFE7FFE70E988C
:106530004FF6FF71C3F6CF710840139909680865DB
:106540000E98800F4AF61001C4F200010860FFE7C0
:106550000E9A1399D1F89C001043C1F89C00FFE7F4
:10656000139800684AF20001C4F20001884240F02A
:10657000B980FFE71398406880688007002800F022
:10658000B080FFE713984068006A00F00F000A909F
:1065900013984068416A0A9808400A901398406826
:1065A000006A00F03000099013984068416A099829
:1065B0000840099013984068006A00F4C070089081
:1065C00013984068416A08980840089013984068FA
:1065D000006A00F4FC40079013984068416A0798ED
:1065E0000840079013984068006A00F4F020069075
:1065F00013984068416A06980840069013984068CE
:10660000406A029013984068006A00900A9848B166
:10661000FFE70A9813994968086213980A9900F0ED
:10662000C3FCFFE7099848B1FFE709981399496847
:1066300008621398099900F0C7FCFFE79DF808006D
:1066400000F040010020B0EB911F1FD0FFE79DF844
:10665000000000F040010020B0EB911F15D0FFE7D3
:1066600013984068C06B000C059013984068C06B8D
:1066700000F03F000490139841684020086213988E
:106680000599049A00F098FCFFE7FFE7089848B1E5
:10669000FFE708981399496808621398089900F071
:1066A0007BFCFFE7079860B1FFE7079813994968FB
:1066B0000862079A1399D1F89C001043C1F89C0016
:1066C000FFE7069860B1FFE70698139949680862EA
:1066D000069A1399D1F89C001043C1F89C00FFE77B
:1066E000FFE7FFE71398D0F89C0020B1FFE713986D
:1066F000FFF782FBFFE714B080BD00000000000040
:1067000080B598B0169049F6F831C0F6010101A89D
:106710004C22F9F728FE169820B9FFE701208DF8E2
:106720005F00D9E1169800684AF20001C4F2000146
:10673000884206D1FFE71699086800F58070486026
:10674000FFE716988068B0F5407F01D1FFE7FFE7CB
:106750001698006C08B1FFE7FFE71698806C08B147
:10676000FFE7FFE71698006D08B1FFE7FFE716980F
:10677000006E08B1FFE7FFE71699C86D096E08447F
:1067800008B1FFE7FFE7169890F8980040B9FFE7D7
:106790001699002081F89900169800F0A1F9FFE7FA
:1067A00016980168886920F01000886100F024FEC6
:1067B0001590FFE71698006880690007002817D534
:1067C000FFE700F019FE1599401A0B280FD3FFE7D9
:1067D0001699D1F89C0040F00100C1F89C00169970
:1067E000032081F8980001208DF85F0074E1E1E753
:1067F00016980168886940F00100886100F0FCFD8E
:106800001590FFE7169800688069C007B8B9FFE7E0
:1068100000F0F2FD1599401A0B280FD3FFE71699E7
:10682000D1F89C0040F00100C1F89C0016990320AB
:1068300081F8980001208DF85F004DE1E2E716989D
:106840000168886940F0020088611698007C012880
:1068500007D1FFE716980168886920F04000886139
:1068600006E016980168886940F040008861FFE7FB
:106870001698407C012807D1FFE7169801688869BF
:1068800040F48040886106E016980168886920F429
:1068900080408861FFE71698807C012807D1FFE7D8
:1068A00016980168886920F48050886106E016987F
:1068B0000168886940F480508861FFE71698006895
:1068C000806920F44070169A1168926810438861BC
:1068D00016980168886920F0A400886116980168FC
:1068E000086920F0100008611698C068012807D1D7
:1068F000FFE716980168886940F0040088612BE082
:106900001698C06830B3FFE71698C068022819D0FF
:10691000FFE716980168886940F080008861169842
:106920000168086940F0100008611698C0680328E3
:1069300007D1FFE716980168886940F02000886158
:10694000FFE706E016980168886940F0200088613A
:10695000FFE700E0FFE7FFE7169A116853699069C7
:10696000D2F81CE0A0F1010C6FF0FF0000EB0E204C
:1069700040EA4C60126A013A10430022CFF6FF72DF
:1069800002EB03421043C86116988068B0F5407F5F
:106990001CD1FFE7169A1168536A906AD2F82CE06E
:1069A00001386FF0FF0C0CEB0E2C40EA0C00D2F813
:1069B00030C06FF00F0202EB0C1210430022CFF632
:1069C000FF7202EB03421043C860FFE71698006EA7
:1069D00048B1FFE716980168426ED1F8C000104335
:1069E000C1F8C000FFE71699C86D096E084480B170
:1069F000FFE716980068D0F8C80020F00700169A44
:106A00001168936E01AA52F823201043C1F8C80000
:106A1000FFE71698006C80B1FFE716980068D0F881
:106A2000BC0020F00700169A1168536C01AA52F8B6
:106A300023201043C1F8BC00FFE71698806C88B192
:106A4000FFE716980068D0F8BC0020F07000169A96
:106A50001168D36C01AA52F8232040EA0210C1F851
:106A6000BC00FFE71698006D88B1FFE71698006834
:106A7000D0F8BC0020F4E060169A1168536D01AAAA
:106A800052F8232040EA0220C1F8BC00FFE7169824
:106A900000684AF20001C4F20001884207D1FFE712
:106AA00016984168886820F003008860FFE716990F
:106AB0000020C1F894001699C1F89C001699012095
:106AC00081F898001698FBF7BFFE8DF853009DF8EB
:106AD00053008DF85F00FFE79DF85F0018B080BDA0
:106AE00080B5C2B04190002040903F903E903D90D4
:106AF0003C900EA8B821F9F74FFC419800684AF283
:106B00000001C4F20001884255D1FFE700200F9038
:106B10004FF400400E904FF0805029900EA802F0E4
:106B200097FA18B1FFE7FBF7A3FDFFE741F2542006
:106B3000C2F200400168013101600068012810D1F3
:106B4000FFE7FFE744F2EC40C5F60200016841F4BC
:106B500080710160006800F480700D900D98FFE76F
:106B6000FFE7FFE744F2E040C5F60200016841F0AC
:106B700008010160006800F008000C900C98FFE725
:106B800003203C9002203D90002006903E903F90D4
:106B90000920409040F60040C5F602003CA900F0F4
:106BA0003FFA069A13200790062100F011FD07987E
:106BB00000F002FDBFE0419800684AF20041C4F2D3
:106BC0000001884255D1FFE700200F904FF40040AC
:106BD0000E904FF0805029900EA802F039FA18B1AB
:106BE000FFE7FBF745FDFFE741F25420C2F200400A
:106BF0000168013101600068012810D1FFE7FFE75B
:106C000044F2EC40C5F60200016841F48071016075
:106C1000006800F480700B900B98FFE7FFE7FFE738
:106C200044F2E040C5F60200016841F00201016053
:106C3000006800F002000A900A98FFE760203C908C
:106C400002203D90002004903E903F90092040900B
:106C500040F20040C5F602003CA900F0E1F9049AB8
:106C600014200590052100F0B3FC059800F0A4FC69
:106C700060E0419800684DF20041C4F20001884292
:106C800057D1FFE700200F904FF400400E904FF0D7
:106C9000805029900EA802F0DBF918B1FFE7FBF74E
:106CA000E7FCFFE741F25420C2F2004001680131E5
:106CB00001600068012810D1FFE7FFE744F2EC40D3
:106CC000C5F60200016841F480710160006800F4BB
:106CD000807009900998FFE7FFE7FFE744F2E04082
:106CE000C5F60200016841F008010160006800F08B
:106CF000080008900898FFE74FF440503C900220AD
:106D00003D90002002903E903F90052001904090E1
:106D100040F60040C5F602003CA900F081F9019957
:106D2000029A9F20039000F053FC039800F044FC6B
:106D3000FFE7FFE7FFE742B080BD00000000000072
:106D400081B0009001B0704780B588B0079006917F
:106D50009DF81800C007002800F09980FFE7079809
:106D600000684AF20001C4F20001884270D1FFE7D6
:106D700042F6B000C2F20040039040210291F9F7C0
:106D80000BFB0299039B079841F29C32C2F200422E
:106D90000492FFF73DF8049800680590112834D05C
:106DA000FFE70598122840D0FFE7059840F201213F
:106DB000884206D0FFE7059840F20221884212D0AF
:106DC00044E041F29C30C2F20040C26840F69800B4
:106DD000C2F2004000F5807042F6B001C2F20041FC
:106DE000FAF72AFC33E041F29C30C2F20040C2685C
:106DF00040F69800C2F2004000F5927042F6B001F1
:106E0000C2F20041FAF718FC21E041F29C30C2F2D4
:106E10000040C26840F69800C2F2004042F6B0015D
:106E2000C2F20041FBF770F911E041F29C30C2F26E
:106E30000040C26840F69800C2F20040403042F67E
:106E4000B001C2F20041FBF75FF900E0FFE71DE08F
:106E5000079800684DF20041C4F20001884214D145
:106E6000FFE742F63010C2F200400190402100914D
:106E7000F9F792FA0099019B079841F2EC32C2F2BD
:106E80000042FEF7C5FFFFE7FFE7FFE7FFE708B0B7
:106E900080BD00000000000080B586B00590049120
:106EA0009DF81000C00600284AD5FFE70598006845
:106EB0004AF20041C4F20001884240D1FFE742F6A5
:106EC000F000C2F2004001904021F9F765FA019B01
:106ED000059841F2C432C2F2004202924121FEF70B
:106EE00097FF029800680390132815D0FFE70398D6
:106EF000142822D1FFE741F2C430C2F20040C26838
:106F000040F69800C2F20040C03042F6F001C2F2F2
:106F10000041FBF7F9F811E041F2C430C2F2004041
:106F2000C26840F69800C2F20040803042F6F0019C
:106F3000C2F20041FBF7E8F800E0FFE7FFE7FFE7F8
:106F400006B080BD0000000082B00090009890F86C
:106F50009800012811D1FFE70099022081F89800DC
:106F600000980168886920F001008861009900207C
:106F7000C1F89C008DF807000AE00099D1F89C0048
:106F800040F00400C1F89C0001208DF80700FFE7E5
:106F90009DF8070002B0704782B00190009102B0E6
:106FA000704700000000000082B00190009102B024
:106FB000704700000000000083B002900191009231
:106FC00003B070470000000082B00190009102B051
:106FD000704700000000000081B0009001B07047D1
:106FE00081B0009001B0704782B00190009102B072
:106FF000704700000000000082B00190009102B0D4
:10700000704700000000000082B00190009102B0C3
:10701000704700000000000081B0009001B0704790
:107020008FB00E900D9100200C908020C5F60000CE
:107030000990FFE70D9800680C99C840002800F0FF
:10704000C181FFE70D9800680C9A0121914008402A
:107050000B900B98002800F0B181FFE70D98406875
:1070600000F00300012807D0FFE70D98406800F00A
:10707000030002282FD1FFE70E9880680A900C9831
:107080004100032000FA01F10A9888430A900D9804
:10709000C0680C99490000FA01F10A9808430A9067
:1070A0000A980E9988600E9840680A900C99012001
:1070B00000FA01F10A9888430A900D984068C0F3DD
:1070C00000100C9900FA01F10A9808430A900A98F6
:1070D0000E994860FFE70D98406800F00300032810
:1070E00018D0FFE70E98C0680A900C984100032062
:1070F00000FA01F10A9888430A900D9880680C996B
:10710000490000FA01F10A9808430A900A980E997A
:10711000C860FFE70D98406800F00300022826D100
:10712000FFE70E980C996FF0030202EA5101084440
:10713000006A0A900C9800F0070081000F2000FA06
:1071400001F10A9888430A900D9800690C9901F0A2
:107150000701890000FA01F10A9808430A900A9889
:107160000E990C9B02EA530211440862FFE70E9845
:1071700000680A900C984100032000FA01F10A9877
:1071800088430A900D98406800F003000C9949006C
:1071900000FA01F10A9808430A900A980E990860CB
:1071A0000D9880798007002800F00781FFE7FFE74E
:1071B00044F2F440C5F60200016841F002010160AA
:1071C000006800F0020008900898FFE70C9820F093
:1071D000030040F20841C5F6000140580A900C989F
:1071E00000F0030081000F2000FA01F10A988843A3
:1071F0000A900E980021C5F60201884203D1FFE7EC
:10720000002007906CE00E9840F20041C5F60201A4
:10721000884203D1FFE7012006905EE00E9840F619
:107220000001C5F60201884203D1FFE70220059064
:1072300050E00E9840F60041C5F60201884203D1A5
:10724000FFE70320049042E00E9841F20001C5F6EA
:107250000201884203D1FFE70420039034E00E9836
:1072600041F20041C5F60201884203D1FFE7052043
:10727000029026E00E9841F60001C5F60201884210
:1072800003D1FFE70620019018E00E9841F6004177
:10729000C5F60201884203D1FFE7072000900AE00B
:1072A0000E9942F20042C5F602020A20914208BF3E
:1072B00009200090FFE700980190FFE701980290F5
:1072C000FFE702980390FFE703980490FFE7049814
:1072D0000590FFE705980690FFE706980790FFE7FF
:1072E00007980C9901F00301890000FA01F10A984E
:1072F00008430A900A980C9921F0030140F20842D1
:10730000C5F6000288504FF0B04000680A900B9913
:107310000A9888430A900D988079C006002805D500
:10732000FFE70B990A9808430A90FFE70A984FF085
:10733000B04108600420C5F6000000680A900B996F
:107340000A9888430A900D9880798006002805D510
:10735000FFE70B990A9808430A90FFE70A9804216F
:10736000C5F600010860099840680A900B990A98D0
:1073700088430A900D9880798007002805D5FFE79B
:107380000B990A9808430A90FFE70A980999486000
:10739000099800680A900B990A9888430A900D98FA
:1073A0008079C00728B1FFE70B990A9808430A9033
:1073B000FFE70A9809990860FFE7FFE70C9801309A
:1073C0000C9037E60FB0704782B00190ADF8021014
:1073D0008DF801209DF8010028B1FFE7BDF80200FB
:1073E0000199886105E0BDF80200000401998861F7
:1073F000FFE702B0704700004BF2E420C2F2004009
:10740000006870470000000041F2C400C2F2004072
:1074100002784BF2E421C2F200410868104408608F
:10742000704700000000000080B582B0032000F02B
:10743000E7F803F0E9F844F21842C5F602021168D1
:10744000C1F3032349F6C041C0F60101CB5C03F050
:107450001F03D84000900098126802F00F02895C68
:1074600001F01F01C84040F6E471C2F2004108601B
:10747000009840F6E071C2F2004108600F2000F071
:1074800013F820B1FFE701208DF8070005E000F0B8
:1074900077F800208DF80700FFE79DF8070002B09D
:1074A00080BD00000000000080B590B00E900E98E6
:1074B0000F2810D8FFE70E991C200090002200F042
:1074C00087F8009800F078F80E9841F2C801C2F2EF
:1074D0000041086003E001208DF83F004CE0FFE729
:1074E00044F2E840C5F60200016841F00101016084
:1074F000006800F0010001900198FFE706A802A9CA
:1075000002F0EAFF0B980490049820B9FFE703F01B
:1075100053F8059004E003F04FF840000590FFE7B2
:1075200005984DF68361C4F21B31A0FB01014FF0B9
:10753000FF3000EB9140039043F21470C2F2004020
:107540004FF08041016040F2E731C1600399416032
:1075500000210161816004F087FE48B9FFE743F232
:107560001470C2F2004004F0D7FE8DF83F0003E033
:1075700001208DF83F00FFE79DF83F0010B080BD6F
:1075800080B582B0FFE744F2F440C5F6020001681E
:1075900041F002010160006800F0020001900198D2
:1075A000FFE76FF001000F21002200F011F802B098
:1075B00080BD00000000000080B582B0ADF806007C
:1075C000BDF906000FF068FE02B080BD00000000AB
:1075D00080B586B0ADF81600049103920FF074FEEA
:1075E0000290BDF91600019002980499039A07F0E1
:1075F00097F8014601980FF06FFE06B080BD0000BD
:1076000080B582B0019001980FF08AFE02B080BD73
:1076100082B0019001980068009001990120C1F8A2
:1076200000050199002081F8F404009A916941F065
:1076300000619161009A516D0323C1F20003194367
:10764000516502B07047000082B001908DF80310C0
:1076500002B070470000000082B00190ADF8021047
:10766000BDF80200019909684862002002B0704725
:1076700084B003908DF80B10ADF8082003980068D3
:10768000406A00909DF80B0048B9FFE7BDF808106C
:10769000009840EA014003990968886233E0039842
:1076A0000068816A009800EB1140009000208DF87E
:1076B0000700FFE79DF807009DF80B10013988428D
:1076C00013D2FFE7039800689DF8071000EB8100D4
:1076D000D0F80411009800EB11400090FFE79DF8EE
:1076E000070001308DF80700E4E7BDF808100098A6
:1076F00040EA0140039909689DF80B2001EB8201E3
:10770000C1F80001FFE7002004B07047000000004E
:1077100080B582B001900198D0F808050BF0DCFB31
:1077200002B080BD0000000080B582B001908DF8ED
:107730000310019AD2F808059DF8031001EBC1036C
:1077400002EB8302926C0BF023FA02B080BD0000C2
:1077500080B582B001908DF80310019AD2F8080527
:107760009DF8031001EBC10302EB8302D2F88822DB
:107770000BF0D6FA02B080BD80B582B001900198BE
:10778000D0F808050BF0B0FB02B080BD000000008F
:1077900080B584B003908DF80B109DF80B000006A7
:1077A00000280CD5FFE703989DF80B1001F00F019E
:1077B00001EBC10100EB81003C3001900CE003982B
:1077C0009DF80B1001F00F0101EBC10100EB8100EE
:1077D00000F51F700190FFE70398006801990DF014
:1077E00067F98DF80A009DF80A0004B080BD00001A
:1077F00080B584B002908DF807109DF80700000650
:1078000000280FD5FFE702989DF8071001F00F013F
:1078100001EBC10100EB81003C3000900099012098
:1078200048700FE002989DF8071001F00F0101EB7E
:10783000C10100EB810000F51F700090009900204D
:107840004870FFE79DF8070000F00F0000990870EE
:10785000FFE7029890F8BC04012804D1FFE702205A
:107860008DF80F0014E00299012081F8BC04FFE7B5
:10787000FFE70298006800990CF0F6FBFFE7029919
:10788000002081F8BC04FFE700208DF80F00FFE71F
:107890009DF80F0004B080BD80B584B002908DF8D3
:1078A00007109DF8070000F00F0002994968884210
:1078B00004D9FFE701208DF80F004DE09DF8070087
:1078C000000600280FD5FFE702989DF8071001F089
:1078D0000F0101EBC10100EB81003C3000900099E9
:1078E000012048700FE002989DF8071001F00F0189
:1078F00001EBC10100EB810000F51F7000900099C1
:1079000000204870FFE70099002088709DF807006C
:1079100000F00F0000990870FFE7029890F8BC048F
:10792000012804D1FFE702208DF80F0014E002992E
:10793000012081F8BC04FFE7FFE702980068009986
:107940000CF01EFEFFE70299002081F8BC04FFE75F
:1079500000208DF80F00FFE79DF80F0004B080BDF8
:1079600082B001908DF8031001989DF8031001F08A
:107970000F0101EBC10100EB8100D0F8900202B0D1
:10798000704700000000000080B586B004908DF8BC
:107990000F10ADF80C208DF80B3000208DF80A0088
:1079A0009DF80F00000600280FD5FFE704989DF80A
:1079B0000F1001F00F0101EBC10100EB81003C3021
:1079C00001900199012048700FE004989DF80F1074
:1079D00001F00F0101EBC10100EB810000F51F7008
:1079E0000190019900204870FFE79DF80F0000F01A
:1079F0000F0001990870BDF80C00019988609DF88E
:107A00000B00019908710198407820B1FFE70199B6
:107A100008784883FFE79DF80B00022804D1FFE7B0
:107A2000019900204871FFE7FFE7049890F8BC0433
:107A3000012804D1FFE702208DF8170015E0049912
:107A4000012081F8BC04FFE7FFE704980068019972
:107A50000CF0B2F9FFE70499002081F8BC04FFE7BD
:107A60009DF80A008DF81700FFE79DF8170006B093
:107A700080BD00000000000080B586B005908DF844
:107A800013100392029305989DF8131001F00F0153
:107A900001EBC10100EB810000F51F70019003981C
:107AA0000199C86002980199086101990020486114
:107AB000019948709DF8130000F00F0001990870BB
:107AC0000598C068012804D1FFE703980199C861AF
:107AD000FFE7059A10680199127B0CF0F5FD002074
:107AE00006B080BD0000000080B584B002908DF823
:107AF00007109DF8070000F00F00029949688842BE
:107B000004D9FFE701208DF80F0058E09DF8070029
:107B1000000600280FD5FFE702989DF8071001F036
:107B20000F0101EBC10100EB81003C300090009996
:107B3000012048700DE002989DF8071001EBC1018B
:107B400000EB810000F51F70009000990020487044
:107B5000FFE70099012088709DF8070000F00F00F2
:107B600000990870FFE7029890F8BC04012804D13E
:107B7000FFE702208DF80F0021E00299012081F833
:107B8000BC04FFE7FFE70298006800990CF048FD8D
:107B90009DF80700000740B9FFE7029A1068117BC3
:107BA00002F2C4420CF09CFCFFE7FFE702990020C0
:107BB00081F8BC04FFE700208DF80F00FFE79DF877
:107BC0000F0004B080BD000080B586B005908DF830
:107BD00013100392029305989DF8131001F00F0102
:107BE00001EBC10100EB81003C3001900398019949
:107BF000C8600298019908610199002048610199C3
:107C0000012048709DF8130000F00F0001990870E2
:107C10000598C068012804D1FFE703980199C8615D
:107C2000FFE7059A10680199127B0CF04DFD0020CA
:107C300006B080BD0000000080B58CB00B900B98A2
:107C400000680A900A9809900B9800680DF078F87F
:107C5000002840F03584FFE70B9800680DF0E0F84D
:107C600010B9FFE700F02CBC0998D0F80808C0F361
:107C70000D200B99C1F8FC040B9800680DF0D0F8AA
:107C80008007002807D5FFE70B980168486900F0D6
:107C900002004861FFE70B9800680DF0C1F8C006CC
:107CA000002862D5FFE70B980168886920F0100072
:107CB00088610A98006A02900B98029901F00F01FE
:107CC00001EBC10100EB810000F51F7008900298E4
:107CD00000F4F0110220B0EB514F23D1FFE7BDF8C3
:107CE000080047F6F07108421BD0FFE70A98089990
:107CF000C968029AC2F30A120DF0A2F8029847F678
:107D0000F07100EA0103089AD06800EB1310D0600C
:107D1000029800EA01020899486900EB12104861D4
:107D2000FFE71BE0029800F4F0110620B0EB514F82
:107D300012D1FFE70A980B9901F2C44108220DF015
:107D40007FF8029847F6F07100EA01020899486945
:107D500000EB1210486100E0FFE7FFE70B980168B5
:107D6000886940F010008861FFE70B9800680DF00B
:107D700057F80003002840F1A680FFE70020049098
:107D80000B9800680CF0F8FF0690FFE706980028B3
:107D900000F09880FFE79DF81800C007002800F069
:107DA0008A80FFE70B9800689DF810100DF020F80E
:107DB00005909DF81400C00760B1FFE70998049989
:107DC00000EB41110120C1F8080B0B98049906F053
:107DD0002FFDFFE79DF81400000700280CD5FFE7F2
:107DE0000998049900EB41110820C1F8080B0B9881
:107DF000049906F0D5FCFFE79DF81400C0060028A2
:107E000008D5FFE70998049900EB41111020C1F84B
:107E1000080BFFE79DF81400800700282DD5FFE729
:107E20000A9840690006002808D5FFE70999D1F8AB
:107E3000040840F48060C1F80408FFE70B98049937
:107E400001EBC10100EB810000F51F70089008985C
:107E5000C078012809D1FFE708990020C8700B9865
:107E60009DF8101000F040FBFFE70998049900EB23
:107E700041110220C1F8080BFFE79DF814008006AD
:107E8000002808D5FFE70998049900EB411120204C
:107E9000C1F8080BFFE79DF815008006002809D5FA
:107EA000FFE70998049900EB41114FF40050C1F825
:107EB000080BFFE7FFE7049801300490069840089C
:107EC000069063E7FFE70B9800680CF0A9FF4003FA
:107ED000002840F1C680FFE70B9800680CF038FFDF
:107EE000069000200490FFE70698002800F0B88074
:107EF000FFE79DF81800C007002800F0AA80FFE700
:107F00000B9800689DF810100CF04AFF05909DF842
:107F10001400C00700283ED0FFE7049800F00F01CE
:107F2000012000FA01F10391039B099AD2F8341859
:107F30009943C2F834180999049A01EB4211C1F827
:107F400008090B98C06801281FD1FFE70B98049916
:107F500001EBC10100EB81014A6C886C104488641C
:107F6000049888B9FFE70B98049901EBC10100EB75
:107F70008100C06C40B9FFE70B99086801F2C44268
:107F800001210CF0ADFAFFE7FFE70B989DF8101008
:107F9000FFF7CAFBFFE79DF814000007002808D58B
:107FA000FFE70998049900EB41110820C1F808097E
:107FB000FFE79DF81400C006002808D5FFE70998E0
:107FC000049900EB41111020C1F80809FFE79DF862
:107FD00014004006002808D5FFE70998049900EB33
:107FE00041114020C1F80809FFE79DF814008007FF
:107FF000002822D5FFE70A9804990CF035FE0B986B
:10800000049901EBC10100EB81003C300890089815
:10801000C078012809D1FFE708990020C8700B98A3
:108020009DF8101000F050FAFFE70998049900EB52
:1080300041110220C1F80809FFE79DF8140000066D
:10804000002805D5FFE70B98049906F0D5FCFFE75B
:10805000FFE704980130049006984008069043E733
:10806000FFE70B9800680CF0DBFEC00F00B3FFE7E2
:108070000999D1F8040820F00100C1F804080B9810
:1080800090F8F404012808D1FFE70B98002180F84C
:10809000F4140B98FFF7D8FA03E00B9800F000FCFB
:1080A000FFE70B980168486900F000404861FFE76E
:1080B0000B9800680CF0B4FE0005002811D5FFE70E
:1080C0000998D0F80808C00720B1FFE70B9800F026
:1080D0007BFCFFE70B980168486900F40060486189
:1080E000FFE70B9800680CF09BFE0001002820D5EC
:1080F000FFE70B980168486900F0006048610B9841
:1081000090F8F40480B9FFE70B98012180F8F4148B
:108110000B980068406DC0F383000B9AC2F8F80416
:108120000B98FFF791FA03E00B9800F04DFCFFE786
:10813000FFE70B9800680CF073FEC004002840F1C4
:108140008680FFE70999D1F8040820F00100C1F802
:1081500004080B98006810210CF086FD00200790A1
:10816000FFE707980B994968884231D2FFE70998E1
:10817000079900EB41114FF67F30C1F808090999C2
:10818000079A01EB4212D2F8001921F40011C2F84B
:1081900000190999079A01EB4211C1F8080B0998D7
:1081A000079900EB4111D1F8000B20F40010C1F841
:1081B000000B0998079900EB4111D1F8000B40F032
:1081C0000060C1F8000BFFE7079801300790C8E78F
:1081D0000999D1F81C0840F00110C1F81C080B984F
:1081E000006B78B1FFE70999D1F8840840F00B00E3
:1081F000C1F884080999D1F8440840F00B00C1F88F
:1082000044080FE00999D1F8140842F22B021043F8
:10821000C1F814080999D1F8100840F00B00C1F812
:108220001008FFE70999D1F8000820F4FE60C1F8B2
:1082300000080B9A1068117B02F2C4420CF050F94E
:108240000B980168486900F480504861FFE70B987B
:1082500000680CF0E5FD800400281FD5FFE70B98AF
:1082600000680BF019FE0B9800680CF041FD0B99AB
:1082700008610B980068019002F072F901460198BC
:108280000B9A127C0CF01CFF0B9800F0DDFA0B9897
:108290000168486900F400504861FFE70B980068E6
:1082A0000CF0BEFD000700280AD5FFE70B9800F090
:1082B00003FB0B980168486900F008004861FFE77C
:1082C0000B9800680CF0ACFD0006002825D5FFE7F0
:1082D0000A99886920F08000886101200490FFE7F6
:1082E00004980B994968884216D2FFE70B980499C5
:1082F00001EBC10100EB810090F87F02012806D15B
:10830000FFE70B989DF81010FFF742FAFFE7FFE731
:10831000049801300490E3E7FFE70B9800680CF045
:108320007FFDC00200283ED5FFE701200490FFE753
:1083300004980B99496888422ED2FFE7099804995E
:1083400000EB4110D0F8000902900B98049901EB62
:10835000C10100EB810090F84000012817D1FFE730
:108360009DF80B000006002811D5FFE70B98049933
:1083700001EBC10100EB8101012081F83F000B9866
:108380009DF8101041F08001FFF702FAFFE7FFE7C8
:10839000049801300490CBE70B980168486900F419
:1083A00080104861FFE70B9800680CF039FD8002EF
:1083B000002855D5FFE701200490FFE704980B99AA
:1083C0004968884245D2FFE70998049900EB4110BB
:1083D000D0F8000B02900B98049901EBC10100EB5F
:1083E000810090F8800201282ED1FFE79DF80B0054
:1083F0000006002828D5FFE7029800F480300B998A
:10840000D1F8FC1401F0010188421DD1FFE70B985F
:10841000049901EBC10100EB8101012081F87F0289
:108420000A99886940F0800088610A9840690006CE
:10843000002808D4FFE70999D1F8040840F4007037
:10844000C1F8040805E0FFE7FFE704980130049055
:10845000B4E70B980168486900F400104861FFE731
:108460000B9800680CF0DCFC400000280AD5FFE700
:108470000B98FFF74DF90B980168486900F08040B0
:108480004861FFE70B9800680CF0CAFC4007002821
:1084900015D5FFE70B980068406802909DF808002A
:1084A0004007002804D5FFE70B98FFF765F9FFE7C1
:1084B000029A0B980168486810434860FFE7FFE79D
:1084C0000CB080BD0000000080B582B001908DF836
:1084D00003100198D0F808059DF803100AF0A8FDD4
:1084E00002B080BD0000000080B582B001908DF820
:1084F00003100198D0F808059DF803100AF0D0FD8C
:1085000002B080BD000000002DE9F04F95B013903F
:10851000139820B9FFE701208DF8530051E113981B
:1085200000681290139890F8BD0440B9FFE71399C2
:10853000002081F8BC04139800F04AF9FFE7139972
:10854000032081F8BD041298C06BC005002804D434
:10855000FFE713990020C860FFE7139800680BF04D
:10856000B3FF13980E9001680F9141688268C36849
:10857000D0F810C044698569C669076AD0F82480BC
:10858000D0F82890D0F82CA0D0F830B0D0F834E053
:1085900068461090C0F824E00F98DDF840E0CEF86F
:1085A00020B0CEF81CA0CEF81890CEF81480CEF8EB
:1085B0001070CEF80C60CEF80850CEF80440CEF81B
:1085C00000C00BF081FC40B1FFE71399022081F855
:1085D000BD0401208DF85300F3E0139800680021DA
:1085E0000D910CF0CDFC0D988DF84700FFE79DF83C
:1085F000470013994968884245D2FFE713989DF8D0
:10860000471001EBC10100EB8101012081F83D0021
:108610009DF84700139900EBC00201EB820181F83D
:108620003C009DF84700139900EBC00201EB82016A
:10863000A1F8560013989DF8471001EBC10100EB1B
:108640008101002081F8400013999DF8472002EB3A
:10865000C20201EB8201486413999DF8472002EBA6
:10866000C20201EB8201886413999DF8472002EB56
:10867000C20201EB8201C864FFE79DF847000130A8
:108680008DF84700B3E700208DF84700FFE79DF81D
:1086900047001399496888423ED2FFE713989DF836
:1086A000471001EBC10100EB8101002081F87D0240
:1086B0009DF84710139A01EBC10302EB830282F885
:1086C0007C1213999DF8472002EBC20201EB820154
:1086D00081F8800213999DF8472002EBC20201EB5A
:1086E0008201C1F8840213999DF8472002EBC2026F
:1086F00001EB8201C1F8880213999DF8472002EB33
:10870000C20201EB8201C1F88C02FFE79DF847002D
:1087100001308DF84700BAE713980A9001680B9171
:1087200041688268C368D0F810C044698569C66929
:10873000076AD0F82480D0F82890D0F82CA0D0F880
:1087400030B0D0F834E068460C90C0F824E00B98C4
:10875000DDF830E0CEF820B0CEF81CA0CEF81890AE
:10876000CEF81480CEF81070CEF80C60CEF8085019
:10877000CEF80440CEF800C00BF04AFD40B1FFE750
:108780001399022081F8BD0401208DF8530018E0F0
:108790001399002081F838001399012081F8BD0455
:1087A0001398406A012804D1FFE71398FEF730FFC1
:1087B000FFE7139800680BF013FD00208DF85300BD
:1087C000FFE79DF8530015B0BDE8F08F00000000F2
:1087D00080B5B2B0319002A8B821F7F7DDFD31982D
:1087E00000680021C4F2040188422BD1FFE7002079
:1087F00003904FF4802002904FF44010239002A881
:1088000000F026FC18B1FFE7F9F732FFFFE700F0B0
:108810004FF9FFE744F2D840C5F60200016841F085
:1088200000710160006800F0007001900198FFE79E
:108830004D20009005210022FEF7CAFE0098FEF7A9
:10884000BBFEFFE732B080BD80B582B00190012051
:108850008DF803000198006920B9FFE700208DF82A
:1088600003000CE001980069022804D1FFE7012011
:108870008DF8030002E0F9F7FBFEFFE7FFE7019840
:10888000D0F808059DF803100AF012FD0198D0F801
:1088900008050AF089FC02B080BD0000000000005D
:1088A00080B582B001900198D0F808050AF0CCFCA0
:1088B00002B080BD0000000080B582B00190019838
:1088C000D0F808050AF0D4FC02B080BD000000001A
:1088D00080B584B002908DF80710FFE7029890F8F9
:1088E000BC04012804D1FFE702208DF80F001AE034
:1088F0000299012081F8BC04FFE7FFE79DF807001B
:10890000029981F83800029800689DF807100CF071
:10891000A7FBFFE70299002081F8BC04FFE70020D5
:108920008DF80F00FFE79DF80F0004B080BD000038
:1089300080B582B001900199D1F8080501F2C441D7
:108940000AF0E2FC02B080BD80B584B002900298CB
:1089500000680190FFE7029890F8BC04012804D158
:10896000FFE702208DF80F0028E00299012081F82E
:10897000BC04FFE7FFE70198C06BC00500280BD4DB
:10898000FFE70298806A012806D1FFE70199886B0A
:1089900040F480308863FFE7029800680CF018F913
:1089A000029800680BF004FCFFE70299002081F8B0
:1089B000BC04FFE700208DF80F00FFE79DF80F00D3
:1089C00004B080BD0000000080B582B00190019825
:1089D000D0F808050AF020FD01980168D1F8000ED2
:1089E00040F00100C1F8000E0198006A48B1FFE7AD
:1089F0004EF61051CEF20001086840F00600086003
:108A0000FFE702B080BD000080B584B0029044F65C
:108A10000C00C5F60200006800F004010020B0EB75
:108A2000910F13D1FFE744F60C00C5F60200006871
:108A300000F007000299884204D0FFE701208DF87A
:108A40000F002EE000208DF80F002AE044F60C0104
:108A5000C5F60201086820F00700029A104308607A
:108A6000FEF7CAFC0190FFE744F60400C5F60200D9
:108A7000006800F400510020B0EB513F0DD1FFE73A
:108A8000FEF7BAFC0199401AB0F57A7F04D9FFE7E6
:108A900001208DF80F0004E0E6E700208DF80F00BC
:108AA000FFE79DF80F0004B080BD0000000000004B
:108AB00044F60C01C5F60201086840F080700860B9
:108AC000704700000000000080B501F049FD44F24D
:108AD0002041C5F602010968C1F3021249F6C041FE
:108AE000C0F60101895C01F01F01C84080BD000093
:108AF00088B0079044F22840C5F60200016801F0F2
:108B0000030106910068C0F30530059044F22C4043
:108B1000C5F602000068C0F300100490049844F207
:108B20003C41C5F60201096889B2C908484300EE14
:108B3000100AB8EE400A8DED020A0598002800F0F0
:108B40001B81FFE70698009048B1FFE700980128D5
:108B500069D0FFE70098022800F08980ABE044F27A
:108B60000040C5F60200006800F020010020B0EBD4
:108B7000511F33D0FFE744F20040C5F60200006801
:108B8000C0F3C10149F20000C0F2D030C8400390E8
:108B90009DED030AB8EE400A9DED051AB8EE411AA4
:108BA00080EE010A44F23840C5F6020000686FF317
:108BB0005F2001EE100AB8EE411A9DED022A9FEDEA
:108BC000743A82EE032A31EE021AB7EE002A31EE31
:108BD000021A20EE010A8DED010A23E09DED050A3F
:108BE000B8EE401A9FED6C0A80EE010A44F238405C
:108BF000C5F6020000686FF35F2001EE100AB8EEC0
:108C0000411A9DED022A9FED623A82EE032A31EE6F
:108C1000021AB7EE002A31EE021A20EE010A8DED9B
:108C2000010AFFE76BE09DED050AB8EE401A9FEDE3
:108C3000590A80EE010A44F23840C5F60200006885
:108C40006FF35F2001EE100AB8EE411A9DED022A83
:108C50009FED4F3A82EE032A31EE021AB7EE002A58
:108C600031EE021A20EE010A8DED010A47E09DED7A
:108C7000050AB8EE401A9FED450A80EE010A44F25B
:108C80003840C5F6020000686FF35F2001EE100A5D
:108C9000B8EE411A9DED022A9FED3D3A82EE032A7D
:108CA00031EE021AB7EE002A31EE021A20EE010A66
:108CB0008DED010A23E09DED050AB8EE401A9FED07
:108CC000350A80EE010A44F23840C5F60200006819
:108CD0006FF35F2001EE100AB8EE411A9DED022AF3
:108CE0009FED2B3A82EE032A31EE021AB7EE002AEC
:108CF00031EE021A20EE010A8DED010AFFE79DED2B
:108D0000010A44F23840C5F60200016889B2490AF6
:108D100001EE101AB8EE411AB7EE002A31EE021A2F
:108D200080EE010A0799BCEEC00A81ED000A9DEDB4
:108D3000010A0168C1F3064101EE101AB8EE411AAA
:108D400031EE021A80EE010A0799BCEEC00A81EDED
:108D5000010A9DED010A0068C0F3066001EE100AE9
:108D6000B8EE411A31EE021A80EE010A0798BCEE05
:108D7000C00A80ED020A07E0079900200860079901
:108D8000486007998860FFE708B07047001BB74B41
:108D9000000000460024744A0024744C00000000C7
:108DA00088B0079044F22840C5F60200016801F03F
:108DB000030106910068C0F30550059044F22C4071
:108DC000C5F602000068C0F300200490049844F245
:108DD0004441C5F60201096889B2C908484300EE5A
:108DE000100AB8EE400A8DED020A0598002800F03E
:108DF0001B81FFE70698009048B1FFE70098012823
:108E000069D0FFE70098022800F08980ABE044F2C7
:108E10000040C5F60200006800F020010020B0EB21
:108E2000511F33D0FFE744F20040C5F6020000684E
:108E3000C0F3C10149F20000C0F2D030C840039035
:108E40009DED030AB8EE400A9DED051AB8EE411AF1
:108E500080EE010A44F24040C5F6020000686FF35C
:108E60005F2001EE100AB8EE411A9DED022A9FED37
:108E7000743A82EE032A31EE021AB7EE002A31EE7E
:108E8000021A20EE010A8DED010A23E09DED050A8C
:108E9000B8EE401A9FED6C0A80EE010A44F24040A1
:108EA000C5F6020000686FF35F2001EE100AB8EE0D
:108EB000411A9DED022A9FED623A82EE032A31EEBD
:108EC000021AB7EE002A31EE021A20EE010A8DEDE9
:108ED000010AFFE76BE09DED050AB8EE401A9FED31
:108EE000590A80EE010A44F24040C5F602000068CB
:108EF0006FF35F2001EE100AB8EE411A9DED022AD1
:108F00009FED4F3A82EE032A31EE021AB7EE002AA5
:108F100031EE021A20EE010A8DED010A47E09DEDC7
:108F2000050AB8EE401A9FED450A80EE010A44F2A8
:108F30004040C5F6020000686FF35F2001EE100AA2
:108F4000B8EE411A9DED022A9FED3D3A82EE032ACA
:108F500031EE021AB7EE002A31EE021A20EE010AB3
:108F60008DED010A23E09DED050AB8EE401A9FED54
:108F7000350A80EE010A44F24040C5F6020000685E
:108F80006FF35F2001EE100AB8EE411A9DED022A40
:108F90009FED2B3A82EE032A31EE021AB7EE002A39
:108FA00031EE021A20EE010A8DED010AFFE79DED78
:108FB000010A44F24040C5F60200016889B2490A3C
:108FC00001EE101AB8EE411AB7EE002A31EE021A7D
:108FD00080EE010A0799BCEEC00A81ED000A9DED02
:108FE000010A0168C1F3064101EE101AB8EE411AF8
:108FF00031EE021A80EE010A0799BCEEC00A81ED3B
:10900000010A9DED010A0068C0F3066001EE100A36
:10901000B8EE411A31EE021A80EE010A0798BCEE52
:10902000C00A80ED020A07E007990020086007994E
:10903000486007998860FFE708B07047001BB74B8E
:10904000000000460024744A0024744C0000000014
:1090500080B59AB0189000208DF857008DF8560012
:109060001898C0780007002848D5FFE71898406E88
:10907000149078B1FFE71498B0F5801F13D0FFE784
:109080001498B0F5001F16D0FFE71498B0F5401FF4
:1090900019D019E044F22C41C5F60201086840F4E9
:1090A0000030086014E018980830022105F034FF01
:1090B0008DF857000CE018982830022106F014F8BB
:1090C0008DF8570004E003E001208DF85700FFE71A
:1090D0009DF8570060B9FFE744F25041C5F6020120
:1090E000086820F44010189A526E1043086004E09B
:1090F0009DF857008DF85600FFE7FFE71898407875
:10910000C007002840D0FFE71898806D139004280E
:1091100020D81399DFE801F0030C141C1D0044F261
:109120002C41C5F60201086840F40030086015E0E3
:1091300018980830002105F0EFFE8DF857000DE07B
:1091400018982830002105F0CFFF8DF8570005E072
:1091500004E003E001208DF85700FFE79DF8570079
:1091600060B9FFE744F25041C5F60201086820F0FB
:109170000700189A926D1043086004E09DF85700AC
:109180008DF85600FFE7FFE7189840784007002861
:1091900056D5FFE71898D0F8A4001290C8B1FFE7A1
:1091A0001298B0F5001F1DD0FFE71298B0F5800FA0
:1091B00020D0FFE71298B0F5C00F23D0FFE7129838
:1091C000B0F5000F1FD0FFE71298B0F5200F1BD0AD
:1091D0001BE044F22C41C5F60201086840F400305F
:1091E000086016E018980830002105F095FE8DF80B
:1091F00057000EE018982830002105F075FF8DF813
:10920000570006E005E004E003E001208DF8570078
:10921000FFE79DF8570068B9FFE744F25841C5F6EB
:109220000201086820F46000189AD2F8A4201043C4
:10923000086004E09DF857008DF85600FFE7FFE74F
:10924000189840780007002856D5FFE71898D0F8FE
:10925000A8001190C8B1FFE71198B0F1807F1DD030
:10926000FFE71198B0F1007F20D0FFE71198B0F12F
:10927000407F23D0FFE71198B0F1806F1FD0FFE748
:109280001198B0F1A06F1BD01BE044F22C41C5F641
:109290000201086840F40030086016E018980830B1
:1092A000002105F039FE8DF857000EE0189828309F
:1092B000002105F019FF8DF8570006E005E004E0F5
:1092C00003E001208DF85700FFE79DF8570068B9CB
:1092D000FFE744F25841C5F60201086820F0E0605B
:1092E000189AD2F8A8201043086004E09DF85700AF
:1092F0008DF85600FFE7FFE71898C0788007002830
:109300003ED5FFE71898C06C1090F0B1FFE71098B9
:10931000102808D0FFE7109820280DD0FFE71098FC
:10932000302811D012E044F22C41C5F60201086841
:1093300040F4003008600DE018980830022105F074
:10934000EBFD8DF8570005E004E003E001208DF807
:109350005700FFE79DF8570060B9FFE744F24C4122
:10936000C5F60201086820F03000189AD26C10434C
:10937000086004E09DF857008DF85600FFE7FFE70E
:1093800018984078C00600284ED5FFE71898C06DA1
:109390000F90A0B1FFE70F98B0F5805F18D0FFE7FE
:1093A0000F98B0F5005F1BD0FFE70F98B0F5405F56
:1093B0001ED0FFE70F98B0F5804F1AD01AE044F2A4
:1093C0002C41C5F60201086840F40030086015E041
:1093D00018980830002105F09FFD8DF857000DE02A
:1093E00018982830002105F07FFE8DF8570005E021
:1093F00004E003E001208DF85700FFE79DF85700D7
:1094000060B9FFE744F25041C5F60201086820F454
:10941000E040189AD26D1043086004E09DF85700B0
:109420008DF85600FFE7FFE718984078800600287F
:109430004CD5FFE71898006E0E90C8B1FFE70E9864
:10944000B0F5803F15D0FFE70E98B0F5003F18D07B
:10945000FFE70E98B0F5403F1BD0FFE70E98B0F540
:10946000802F17D0FFE70E98B0F5A02F13D013E090
:1094700016E018980830012105F04EFD8DF85700D0
:109480000EE018982830012105F02EFE8DF85700C7
:1094900006E005E004E003E001208DF85700FFE757
:1094A0009DF8570060B9FFE744F25041C5F602014C
:1094B000086820F4E020189A126E1043086004E057
:1094C0009DF857008DF85600FFE7FFE718984078A1
:1094D000400600284ED5FFE71898D0F8AC000D9054
:1094E000C8B1FFE70D98B0F1805F15D0FFE70D9888
:1094F000B0F1005F18D0FFE70D98B0F1405F1BD0CE
:10950000FFE70D98B0F1804F17D0FFE70D98B0F14D
:10951000A04F13D013E016E018980830012105F091
:10952000FBFC8DF857000EE018982830012105F05B
:10953000DBFD8DF8570006E005E004E003E00120C4
:109540008DF85700FFE79DF8570068B9FFE744F230
:109550005841C5F60201086820F0E040189AD2F898
:10956000AC201043086004E09DF857008DF85600C9
:10957000FFE7FFE718984078000600283BD5FFE793
:109580001898C06E0C90D8B1FFE70C98B0F1805FCE
:1095900005D0FFE70C98B0F1005F09D011E044F26C
:1095A0002C41C5F60201086840F4003008600CE068
:1095B00018980830012105F0AFFC8DF8570004E041
:1095C00003E001208DF85700FFE79DF8570060B9D0
:1095D000FFE744F25041C5F60201086820F0405010
:1095E000189AD26E1043086004E09DF857008DF879
:1095F0005600FFE7FFE71898C078C007002837D06B
:10960000FFE71898806C0B90032817D80B99DFE8B8
:1096100001F014020B1344F22C41C5F60201086854
:1096200040F4003008600DE018980830022105F081
:1096300073FC8DF8570005E004E003E001208DF88D
:109640005700FFE79DF8570060B9FFE744F24C412F
:10965000C5F60201086820F00300189A926C1043C6
:10966000086004E09DF857008DF85600FFE7FFE71B
:10967000189880784006002840F1B480FFE744F64F
:109680000001C5F60201086840F480700860FDF72B
:10969000B3FE1690FFE744F60000C5F6020000682E
:1096A000C00500280CD4FFE7FDF7A6FE1699401A66
:1096B000652804D3FFE703208DF8570000E0EAE7B0
:1096C0009DF85700002840F08780FFE744F2704083
:1096D000C5F60200006800F440701899D1F8B01087
:1096E00001F44071884213D0FFE744F27041C5F69F
:1096F0000201086820F440701790086840F4803038
:109700000860086820F48030086017980860FFE758
:109710001898D0F8B000B0F5807F1FD1FFE7FDF7B3
:109720006BFE1690FFE744F27040C5F60200006839
:1097300000F002010020B0EB510F0ED1FFE7FDF762
:109740005BFE1699401A41F28931884204D3FFE743
:1097500003208DF8570000E0E5E7FFE79DF857008C
:10976000A0BBFFE7FFE71898D0F8B00000F4407006
:10977000B0F5407F13D1FFE744F21041C5F6020176
:10978000086820F47C50189AD2F8B0204FF6F043C5
:10979000C0F6FF731A4040EA1210086008E044F275
:1097A0001041C5F60201086820F47C500860FFE70C
:1097B0001898D0F8B0206FF31F3244F27041C5F60C
:1097C0000201086810430860FFE704E09DF85700B5
:1097D0008DF85600FFE704E09DF857008DF856001D
:1097E000FFE7FFE718980068C007002800F04C80EA
:1097F000FFE71898806F0A9028282BD80A99DFE88D
:1098000001F0152929292929292916292929292950
:1098100029291E29292929292929262929292929C6
:1098200029292729292929292929280016E01898D2
:109830000830012105F070FB8DF857000EE01898F4
:109840002830012105F050FC8DF8570006E005E0B6
:1098500004E003E001208DF85700FFE79DF8570072
:1098600060B9FFE744F25441C5F60201086820F0F0
:109870003800189A926F1043086004E09DF8570072
:109880008DF85600FFE7FFE718980078800700285A
:1098900039D5FFE71898406F0990052819D809991C
:1098A000DFE801F003040C14151616E018980830D0
:1098B000012105F031FB8DF857000EE01898283093
:1098C000012105F011FC8DF8570006E005E004E0E9
:1098D00003E001208DF85700FFE79DF8570060B9BD
:1098E000FFE744F25441C5F60201086820F0070082
:1098F000189A526F1043086004E09DF857008DF8E5
:109900005600FFE7FFE718980078400700283BD58E
:10991000FFE71898D0F890000890052819D8089902
:10992000DFE801F003040C14151616E0189808304F
:10993000012105F0F1FA8DF857000EE01898283053
:10994000012105F0D1FB8DF8570006E005E004E0A9
:1099500003E001208DF85700FFE79DF8570068B934
:10996000FFE744F25841C5F60201086820F00700FD
:10997000189AD2F890201043086004E09DF8570030
:109980008DF85600FFE7FFE718980078800600285A
:109990004ED5FFE71898D0F88C000790C8B1FFE7C4
:1099A0000798B0F1805F15D0FFE70798B0F1005F2E
:1099B00018D0FFE70798B0F1405F1BD0FFE707988A
:1099C000B0F1804F17D0FFE70798B0F1A04F13D048
:1099D00013E016E018980830002105F09DFA8DF884
:1099E00057000EE018982830022105F07DFB8DF815
:1099F000570006E005E004E003E001208DF8570081
:109A0000FFE79DF8570068B9FFE744F25441C5F6F7
:109A10000201086820F0E040189AD2F88C20104328
:109A2000086004E09DF857008DF85600FFE7FFE757
:109A300018980078400600284ED5FFE71898D0F80F
:109A400098000690C8B1FFE70698B0F5806F15D072
:109A5000FFE70698B0F5006F18D0FFE70698B0F55D
:109A6000406F1BD0FFE70698B0F5805F17D0FFE787
:109A70000698B0F5A05F13D013E016E018980830F0
:109A8000002105F049FA8DF857000EE018982830AB
:109A9000022105F029FB8DF8570006E005E004E0FF
:109AA00003E001208DF85700FFE79DF8570068B9E3
:109AB000FFE744F25841C5F60201086820F4E0507F
:109AC000189AD2F898201043086004E09DF85700D7
:109AD0008DF85600FFE7FFE7189800780006002889
:109AE0004ED5FFE71898D0F89C000590C8B1FFE765
:109AF0000598B0F5005F15D0FFE70598B0F5804FE9
:109B000018D0FFE70598B0F5C04F1BD0FFE70598C8
:109B1000B0F5004F17D0FFE70598B0F5204F13D0F0
:109B200013E016E018980830002105F0F5F98DF8DB
:109B300057000EE018982830022105F0D5FA8DF86C
:109B4000570006E005E004E003E001208DF857002F
:109B5000FFE79DF8570068B9FFE744F25841C5F6A2
:109B60000201086820F46040189AD2F89C20104343
:109B7000086004E09DF857008DF85600FFE7FFE706
:109B8000189800780007002820D5FFE71898D0F82B
:109B90008000B0F5805F0CD1FFE7189828300221D3
:109BA00005F0A2FA20B1FFE701208DF85600FFE78B
:109BB000FFE744F25441C5F60201086820F4405022
:109BC000189AD2F8802010430860FFE718980078B0
:109BD000C006002820D5FFE71898D0F89400B0F50B
:109BE000807F0CD1FFE718982830022105F07CFA1D
:109BF00020B1FFE701208DF85600FFE7FFE744F2B0
:109C00005841C5F60201086820F44070189AD2F84D
:109C1000942010430860FFE7189880780007002818
:109C20003CD5FFE71898D0F8A000049050B1FFE7AA
:109C30000498B0F5803F0DD0FFE70498B0F5003FE1
:109C400010D010E018980830002105F065F98DF863
:109C500057000CE018982830022105F045FA8DF8DD
:109C6000570004E003E001208DF85700FFE79DF85E
:109C7000570068B9FFE744F25841C5F60201086889
:109C800020F44030189AD2F8A0201043086004E075
:109C90009DF857008DF85600FFE7FFE71898807889
:109CA000400700283FD5FFE71898D0F884000390BC
:109CB000B0F5801F0AD0FFE70398B0F5001F0ED063
:109CC000FFE70398B0F5401F11D011E044F22C419A
:109CD000C5F60201086840F4003008600CE01898EE
:109CE0002830012105F000FA8DF8570004E003E068
:109CF00001208DF85700FFE79DF8570068B9FFE78E
:109D000044F25441C5F60201086820F44010189A44
:109D1000D2F884201043086004E09DF857008DF8C5
:109D20005600FFE7FFE718988078C007A8B3FFE761
:109D30001898006D029028B1FFE70298B0F5803FB7
:109D400009D010E044F22C41C5F60201086840F445
:109D5000003008600BE018980830022105F0DCF8AC
:109D60008DF8570003E001208DF85700FFE79DF8BC
:109D7000570060B9FFE744F24C41C5F6020108689C
:109D800020F48030189A126D1043086004E09DF8AA
:109D900057008DF85600FFE7FFE71898C078800657
:109DA00000280CD5FFE718982830022105F09CF90F
:109DB00020B1FFE701208DF85600FFE7FFE7189874
:109DC0008078800700283AD5FFE71898C06F019087
:109DD000D0B1FFE70198B0F5807F0AD0FFE7019886
:109DE000B0F5007F0ED0FFE70198B0F5407F0AD0B4
:109DF0000BE044F22C41C5F60201086840F4003043
:109E0000086006E005E004E003E001208DF857005B
:109E1000FFE79DF8570060B9FFE744F25441C5F6EB
:109E20000201086820F44070189AD26F104308604D
:109E300004E09DF857008DF85600FFE7FFE71898FB
:109E40008078C00600280CD5FFE744F25041C5F6E3
:109E50000201086820F00040189A126F1043086051
:109E6000FFE718988078800600280CD5FFE744F2B9
:109E70005041C5F60201086820F08070189A926E71
:109E800010430860FFE71898C0784006002811D5F5
:109E9000FFE7FFE744F21041C5F60201086820F42D
:109EA000004008601898D0F8B42008681043086093
:109EB000FFE7FFE71898C078000600280CD5FFE7F9
:109EC00044F24C41C5F60201086820F04050189A4F
:109ED000526D10430860FFE718988078000600284C
:109EE0000DD5FFE744F25441C5F60201086820F49D
:109EF0004000189AD2F8882010430860FFE71898AD
:109F00000079C00790B1FFE718980830002105F0EC
:109F100003F88DF857009DF8570008B9FFE704E0F3
:109F20009DF857008DF85600FFE7FFE71898007975
:109F30008007002812D5FFE718980830012104F0A7
:109F4000EBFF8DF857009DF8570008B9FFE704E0D4
:109F50009DF857008DF85600FFE7FFE71898007945
:109F60004007002812D5FFE718980830022104F0B6
:109F7000D3FF8DF857009DF8570008B9FFE704E0BC
:109F80009DF857008DF85600FFE7FFE71898007915
:109F90000007002812D5FFE718982830002105F0A7
:109FA000A3F88DF857009DF8570008B9FFE704E0C3
:109FB0009DF857008DF85600FFE7FFE718980079E5
:109FC000C006002812D5FFE718982830012105F0B7
:109FD0008BF88DF857009DF8570008B9FFE704E0AB
:109FE0009DF857008DF85600FFE7FFE718980079B5
:109FF0008006002812D5FFE718982830022105F0C6
:10A0000073F88DF857009DF8570008B9FFE704E092
:10A010009DF857008DF85600FFE7FFE79DF85600C2
:10A0200020B9FFE700208DF8670003E001208DF8DC
:10A030006700FFE79DF867001AB080BD00000000D0
:10A0400080B586B004900391049820B9FFE7012001
:10A050008DF817003CE2039842F20001C5F200219E
:10A06000096801F00F01884216D9FFE742F20000AB
:10A07000C5F20020016821F00F01039A114301602D
:10A08000006800F00F000399884204D0FFE7012028
:10A090008DF817001CE2FFE70498007840070028BD
:10A0A00019D5FFE70498006944F21841C5F602018A
:10A0B000096801F0700188420CD9FFE744F21841A9
:10A0C000C5F60201086820F07000049A1269104376
:10A0D0000860FFE7FFE7049800780007002819D51B
:10A0E000FFE70498406944F21C41C5F60201096883
:10A0F00001F0700188420CD9FFE744F21C41C5F61B
:10A100000201086820F07000049A52691043086048
:10A11000FFE7FFE704980078C006002819D5FFE79D
:10A120000498806944F21C41C5F60201096801F4F3
:10A13000E06188420CD9FFE744F21C41C5F60201F8
:10A14000086820F4E060049A926910430860FFE711
:10A15000FFE7049800788006002819D5FFE70498E7
:10A16000C06944F22041C5F60201096801F070019E
:10A1700088420CD9FFE744F22041C5F60201086885
:10A1800020F07000049AD26910430860FFE7FFE7EF
:10A19000049800788007002819D5FFE70498C06864
:10A1A00044F21841C5F60201096801F00F01884226
:10A1B0000CD9FFE744F21841C5F60201086820F007
:10A1C0000F00049AD26810430860FFE7FFE7049885
:10A1D0000078C007002800F08C80FFE744F21841A7
:10A1E000C5F60201086820F47060049A9268104372
:10A1F000086004984068022811D1FFE744F200404B
:10A20000C5F60200006800F400310020B0EB514FA9
:10A2100004D1FFE701208DF8170059E13EE00498D2
:10A220004068032811D1FFE744F20040C5F6020060
:10A23000006800F000710020B0EB516F04D1FFE71F
:10A2400001208DF8170043E127E0049840680128B9
:10A2500011D1FFE744F20040C5F60200006800F4A7
:10A2600080710020B0EB112F04D1FFE701208DF8A1
:10A2700017002DE110E044F20040C5F6020000682E
:10A2800000F004010020B0EB910F04D1FFE70120A2
:10A290008DF817001CE1FFE7FFE7FFE744F21041EC
:10A2A000C5F60201086820F00700049A52681043BE
:10A2B0000860FDF7A1F80190FFE744F21040C5F6F1
:10A2C0000200006800F0380004994968B0EBC10F43
:10A2D0000ED0FFE7FDF790F80199401A41F289315D
:10A2E000884204D3FFE703208DF81700F0E0E4E78D
:10A2F000FFE7049800788007002819D5FFE7049845
:10A30000C06844F21841C5F60201096801F00F0166
:10A3100088420CD2FFE744F21841C5F602010868F2
:10A3200020F00F00049AD26810430860FFE7FFE7AF
:10A33000039842F20001C5F20021096801F00F0103
:10A34000884216D2FFE742F20000C5F20020016801
:10A3500021F00F01039A11430160006800F00F0023
:10A360000399884204D0FFE701208DF81700AFE081
:10A37000FFE7049800784007002819D5FFE7049804
:10A38000006944F21841C5F60201096801F0700144
:10A3900088420CD2FFE744F21841C5F60201086872
:10A3A00020F07000049A126910430860FFE7FFE78D
:10A3B000049800780007002819D5FFE70498406941
:10A3C00044F21C41C5F60201096801F0700188429F
:10A3D0000CD2FFE744F21C41C5F60201086820F0E8
:10A3E0007000049A526910430860FFE7FFE7049881
:10A3F0000078C006002819D5FFE70498806944F268
:10A400001C41C5F60201096801F4E06188420CD2E2
:10A41000FFE744F21C41C5F60201086820F4E06041
:10A42000049A926910430860FFE7FFE704980078F8
:10A430008006002819D5FFE70498C06944F220413E
:10A44000C5F60201096801F0700188420CD2FFE7ED
:10A4500044F22041C5F60201086820F07000049A19
:10A46000D26910430860FFE7FFE700F0CDF844F23F
:10A470001842C5F602021168C1F3032349F6C04130
:10A48000C0F60101CB5C03F01F03D8400090009898
:10A49000126802F00F02895C01F01F01C84040F60B
:10A4A000E471C2F200410860009840F6E071C2F227
:10A4B0000041086041F2C800C2F200400068FCF7A9
:10A4C000F3FF8DF80B009DF80B008DF81700FFE7E8
:10A4D0009DF8170006B080BD82B0019000910199EF
:10A4E0003F20086044F21040C5F60200006800F00A
:10A4F00007000199486044F21840C5F6020001685F
:10A5000001F47061019A9160016801F00F01019AF4
:10A51000D160006800F070000199086144F21C40AD
:10A52000C5F60200016801F07001019A51610068EE
:10A5300000F4E0600199886144F22040C5F6020011
:10A54000006800F070000199C86142F20000C5F295
:10A550000020006800F00F000099086002B070470A
:10A5600080B582B000F050F844F21842C5F60202FD
:10A570001168C1F3032349F6C041C0F60101CB5C69
:10A5800003F01F03D84001900198126802F00F02F7
:10A59000895C01F01F0120FA01F140F6E470C2F27B
:10A5A00000400160019940F6E072C2F20042116081
:10A5B000006802B080BD000080B5FFF7D1FF44F213
:10A5C0001C41C5F602010968C1F3021249F6C041F7
:10A5D000C0F60101895C01F01F01C84080BD000088
:10A5E00080B5FFF7BDFF44F21C41C5F602010968C2
:10A5F000C1F3022249F6C041C0F60101895C01F0B5
:10A600001F01C84080BD00008AB044F21040C5F66A
:10A610000200006800F0380001460191182800F29D
:10A6200069810199DFE811F0190066016601660190
:10A6300066016601660166013A006601660166010F
:10A6400066016601660166014000660166016601F9
:10A650006601660166016601460044F20040C5F6E7
:10A660000200006800F020010020B0EB511F0ED066
:10A67000FFE744F20040C5F602000068C0F3C101E4
:10A6800049F20000C0F2D030C840029005E049F223
:10A690000000C0F2D0300290FFE731E140F6001038
:10A6A000C0F23D0002902BE143F20060C0F26E1058
:10A6B000029025E144F22840C5F60200016801F04D
:10A6C000030108910068C0F30510079044F22C4084
:10A6D000C5F60200006800F001000690069844F2FA
:10A6E0003441C5F60201096889B2C908484300EE41
:10A6F000100AB8EE400A8DED040A0798002800F011
:10A70000F580FFE70898009048B1FFE7009801281E
:10A7100069D0FFE70098022800F08980ABE044F29E
:10A720000040C5F60200006800F020010020B0EBF8
:10A73000511F33D0FFE744F20040C5F60200006825
:10A74000C0F3C10149F20000C0F2D030C84005900A
:10A750009DED050AB8EE400A9DED071AB8EE411AC4
:10A7600080EE010A44F23040C5F6020000686FF343
:10A770005F2001EE100AB8EE411A9DED042A9FED0C
:10A78000633A82EE032A31EE021AB7EE002A31EE66
:10A79000021A20EE010A8DED030A23E09DED070A5F
:10A7A000B8EE401A9FED5B0A80EE010A44F2304099
:10A7B000C5F6020000686FF35F2001EE100AB8EEE4
:10A7C000411A9DED042A9FED513A82EE032A31EEA3
:10A7D000021AB7EE002A31EE021A20EE010A8DEDC0
:10A7E000030AFFE76BE09DED070AB8EE401A9FED04
:10A7F000480A80EE010A44F23040C5F602000068C3
:10A800006FF35F2001EE100AB8EE411A9DED042AA5
:10A810009FED3E3A82EE032A31EE021AB7EE002A8D
:10A8200031EE021A20EE010A8DED030A47E09DED9C
:10A83000070AB8EE401A9FED340A80EE010A44F28E
:10A840003040C5F6020000686FF35F2001EE100A89
:10A85000B8EE411A9DED042A9FED2C3A82EE032AB0
:10A8600031EE021AB7EE002A31EE021A20EE010A8A
:10A870008DED030A23E09DED070AB8EE401A9FED27
:10A88000240A80EE010A44F23040C5F60200006856
:10A890006FF35F2001EE100AB8EE411A9DED042A15
:10A8A0009FED1A3A82EE032A31EE021AB7EE002A21
:10A8B00031EE021A20EE010A8DED030AFFE744F2A1
:10A8C0003040C5F60200006881B2012000EB512043
:10A8D00009909DED030A9DED091AB8EE411A80EE2C
:10A8E000010ABCEEC00A8DED020A02E000200290CF
:10A8F000FFE705E040F60010C0F23D000290FFE7E0
:10A9000002980AB0704700BF001BB74B000000461A
:10A910000024744A0024744C80B58CB00A900A98C4
:10A9200028B9FFE701208DF82F0000F001BD0A983B
:10A930000078C007002800F0B980FFE744F210401B
:10A94000C5F60200006800F03800069044F2284086
:10A95000C5F6020000680590069810280AD0FFE7A7
:10A96000069818281CD1FFE7059800F0030002287C
:10A9700016D1FFE744F20040C5F60200006800F47B
:10A9800000310020B0EB514F09D0FFE70A98406832
:10A9900028B9FFE701208DF82F0000F0C9BC84E042
:10A9A000FFE70A984068B0F5803F09D1FFE744F21D
:10A9B0000041C5F60201086840F48030086032E0CA
:10A9C0000A98406868B9FFE744F20041C5F6020101
:10A9D000086820F480300860086820F4802008604F
:10A9E00020E00A984068B0F5A02F0DD1FFE744F2AF
:10A9F0000041C5F60201086840F48020086008683C
:10AA000040F4803008600CE044F20041C5F60201D9
:10AA1000086820F480300860086820F4802008600E
:10AA2000FFE7FFE7FFE7FFE70A984068F0B1FFE7BD
:10AA3000FCF7E2FC0990FFE744F20040C5F6020093
:10AA4000006800F400310020B0EB514F0DD1FFE75A
:10AA5000FCF7D2FC0999401A652805D3FFE70320CB
:10AA60008DF82F0000F064BCE6E71DE0FCF7C4FCA5
:10AA70000990FFE744F20040C5F60200006800F4C8
:10AA800000310020B0EB514F0DD0FFE7FCF7B4FCD4
:10AA90000999401A652805D3FFE703208DF82F0098
:10AAA00000F046BCE6E7FFE7FFE7FFE70A9800781B
:10AAB0008007002840F1C580FFE744F21040C5F64A
:10AAC0000200006800F03800049044F22840C5F607
:10AAD000020000680390049850B1FFE7049818281A
:10AAE00050D1FFE79DF80C00800700284AD1FFE70E
:10AAF00044F20040C5F60200006800F004010020A6
:10AB0000B0EB910F09D0FFE70A98C06828B9FFE7BA
:10AB100001208DF82F0000F00BBC44F20041C5F677
:10AB20000201086820F019000A9AD26810430860F0
:10AB3000FCF762FC0990FFE744F20040C5F6020012
:10AB4000006800F004010020B0EB910F0CD1FFE78A
:10AB5000FCF752FC0999401A032804D3FFE70320AD
:10AB60008DF82F00E4E3E7E744F20441C5F6020163
:10AB7000086820F0FE400A9A126940EA0260086004
:10AB8000FFE75DE00A98C068A0B3FFE744F2004128
:10AB9000C5F60201086820F019000A9AD26810432D
:10ABA0000860FCF729FC0990FFE744F20040C5F675
:10ABB0000200006800F004010020B0EB910F0CD1FE
:10ABC000FFE7FCF719FC0999401A032804D3FFE7B3
:10ABD00003208DF82F00ABE3E7E744F20441C5F60C
:10ABE0000201086820F0FE400A9A126940EA0260F9
:10ABF000086024E044F20041C5F60201086820F034
:10AC000001000860FCF7F8FB0990FFE744F2004000
:10AC1000C5F60200006800F004010020B0EB910FBF
:10AC20000CD0FFE7FCF7E8FB0999401A032804D38E
:10AC3000FFE703208DF82F007AE3E7E7FFE7FFE760
:10AC4000FFE70A980078C006002840F1A080FFE7DF
:10AC500044F21040C5F60200006800F0380002908F
:10AC600044F22840C5F602000068019002980828C6
:10AC70000AD0FFE7029818282BD1FFE7019800F0CF
:10AC80000300012825D1FFE744F20040C5F6020089
:10AC9000006800F480710020B0EB112F09D0FFE7AD
:10ACA0000A98C069802804D0FFE701208DF82F00A2
:10ACB0003EE3FFE744F20C41C5F60201086820F0CC
:10ACC0007C500A9A126A40EA02600860FFE7FFE7D8
:10ACD0005CE00A98C06998B3FFE744F20041C5F60A
:10ACE0000201086840F080000860FCF785FB0990CD
:10ACF000FFE744F20040C5F60200006800F48071EE
:10AD00000020B0EB112F0CD1FFE7FCF775FB099980
:10AD1000401A032804D3FFE703208DF82F0007E330
:10AD2000E7E7FFE744F20C41C5F60201086820F0AE
:10AD30007C500A9A126A40EA02600860FFE724E049
:10AD400044F20041C5F60201086820F08000086066
:10AD5000FCF752FB0990FFE744F20040C5F6020001
:10AD6000006800F480710020B0EB112F0CD0FFE7D9
:10AD7000FCF742FB0999401A032804D3FFE703209C
:10AD80008DF82F00D4E2E7E7FFE7FFE7FFE70A9837
:10AD90000078000700284FD5FFE70A98406928B3DC
:10ADA000FFE744F27441C5F60201086840F0010073
:10ADB0000860FCF721FB0990FFE744F27440C5F6F8
:10ADC0000200006800F002010020B0EB510F0CD12E
:10ADD000FFE7FCF711FB0999401A032804D3FFE7AA
:10ADE00003208DF82F00A3E2E7E724E044F274414A
:10ADF000C5F60201086820F001000860FCF7FCFAC3
:10AE00000990FFE744F27440C5F60200006800F0C4
:10AE100002010020B0EB510F0CD0FFE7FCF7ECFA79
:10AE20000999401A032804D3FFE703208DF82F0067
:10AE30007EE2E7E7FFE7FFE70A9800788006002850
:10AE40004FD5FFE70A98806928B3FFE744F2004135
:10AE5000C5F60201086840F480500860FCF7CCFA9F
:10AE60000990FFE744F20040C5F60200006800F4D4
:10AE700000510020B0EB513F0CD1FFE7FCF7BCFACA
:10AE80000999401A032804D3FFE703208DF82F0007
:10AE90004EE2E7E724E044F20041C5F6020108680B
:10AEA00020F480500860FCF7A7FA0990FFE744F20D
:10AEB0000040C5F60200006800F400510020B0EB2D
:10AEC000513F0CD0FFE7FCF797FA0999401A032885
:10AED00004D3FFE703208DF82F0029E2E7E7FFE71F
:10AEE000FFE70A9800784007002840F1A780FFE7B5
:10AEF00044F60001C5F60201086840F4807008605D
:10AF0000FCF77AFA0990FFE744F60000C5F6020064
:10AF10000068C00500280CD4FFE7FCF76DFA09991A
:10AF2000401A652804D3FFE703208DF82F00FFE1C6
:10AF3000EAE7FFE70A988068012809D1FFE744F2B1
:10AF40007041C5F60201086840F00100086031E078
:10AF50000A98806868B9FFE744F27041C5F60201BB
:10AF6000086820F001000860086820F0040008600C
:10AF70001FE00A98806805280DD1FFE744F2704170
:10AF8000C5F60201086840F004000860086840F057
:10AF9000010008600CE044F27041C5F60201086847
:10AFA00020F001000860086820F004000860FFE756
:10AFB000FFE7FFE7FFE70A988068F8B1FFE7FCF7D3
:10AFC0001BFA0990FFE744F27040C5F602000068E2
:10AFD00000F002010020B0EB510F0ED1FFE7FCF7AB
:10AFE0000BFA0999401A41F28931884204D3FFE7EC
:10AFF00003208DF82F009BE1E5E71EE0FCF7FCF94C
:10B000000990FFE744F27040C5F60200006800F0C6
:10B0100002010020B0EB510F0ED0FFE7FCF7ECF976
:10B020000999401A41F28931884204D3FFE703208D
:10B030008DF82F007CE1E5E7FFE7FFE70A98406A1B
:10B04000002800F07181FFE744F21040C5F60200CD
:10B05000006800F03800182800F0E080FFE70A9848
:10B06000406A022840F0B480FFE744F20041C5F690
:10B070000201086820F080700860FCF7BDF90990B3
:10B08000FFE744F20040C5F60200006800F00071DE
:10B090000020B0EB516F0CD0FFE7FCF7ADF9099938
:10B0A000401A032804D3FFE703208DF82F003FE167
:10B0B000E7E7FFE744F22841C5F60201086840F2DD
:10B0C000F33290430A9B9A6ADB6A42EA0312104306
:10B0D00008600A99086BD1F834C08B6BCA6B0138D1
:10B0E0006FF35F204FF60061CFF6FF7101EB4C214B
:10B0F00089B208440021CFF6FF7101EB034101F44E
:10B10000FE0108444FF07F4101EB026101F0FE4176
:10B11000084444F23041C5F602010860FFE744F2FA
:10B120002C41C5F602010091086820F0010008607A
:10B1300044F23442C5F6020210684FF6F8739843A1
:10B140000A9B9B6C40EAC3001060086820F00C006A
:10B150000A9A126C10430860086820F002000A9AEC
:10B16000526C10430860086840F48030086008683A
:10B1700040F400300860086840F4802008600868E7
:10B1800040F00100086044F20041C5F60201086881
:10B1900040F080700860FCF72FF90990FFE744F257
:10B1A0000040C5F60200006800F000710020B0EB1E
:10B1B000516F0CD1FFE7FCF71FF90999401A0328DA
:10B1C00004D3FFE703208DF82F00B1E0E7E724E088
:10B1D00044F20041C5F60201086820F08070086062
:10B1E000FCF70AF90990FFE744F20040C5F60200B7
:10B1F000006800F000710020B0EB516F0CD0FFE749
:10B20000FCF7FAF80999401A032804D3FFE7032052
:10B210008DF82F008CE0E7E7FFE784E044F2284058
:10B22000C5F602000068089044F23040C5F60200FE
:10B23000006807900A98406A012837D0FFE708980D
:10B2400000F003000A99896A88422FD1FFE7089825
:10B2500000F47C710A98C06AB0EB111F26D1FFE799
:10B2600007986FF35F200A99096B013988421DD155
:10B27000FFE7BDF81C100A98406B0138B0EB512F66
:10B2800014D1FFE7079800F4FE010A98806B01389B
:10B29000B0EB114F0AD1FFE7079800F0FE410A9882
:10B2A000C06B0138B0EB116F04D0FFE701208DF8BF
:10B2B0002F003DE044F23440C5F60200006880B241
:10B2C000C00808900A98806C0899884229D0FFE746
:10B2D00044F22C41C5F60201086820F00100086024
:10B2E000FCF78AF80990FFE7FCF786F80999401AFD
:10B2F00008B9FFE7F8E744F23441C5F602010868EF
:10B300004FF6F87290430A9A926C40EAC2000860C5
:10B3100044F22C41C5F60201086840F001000860C3
:10B32000FFE7FFE7FFE7FFE700208DF82F00FFE7CB
:10B330009DF82F000CB080BD80B586B004900391BD
:10B3400002920193049820B9FFE701208DF81700BD
:10B3500056E00498D0F8880040B9FFE7049900202F
:10B3600081F88400049802F037F8FFE7049924205C
:10B37000C1F8880004980168086820F0010008609E
:10B38000049805F0E9FA012804D1FFE701208DF8BF
:10B39000170035E00498806A20B1FFE7049805F0B3
:10B3A0000BF9FFE704980168886840F480408860E2
:10B3B00004980068806820F40040039908430499C9
:10B3C000096888600298400500900199009840EA59
:10B3D000014000900498006800686FF319400099DC
:10B3E000084304990968086004980168086840F0F7
:10B3F00001000860049805F083F98DF81700FFE755
:10B400009DF8170006B080BD81B0009001B0704774
:10B4100080B588B007900798006800690690079883
:10B4200000684069059006980599084004900798BF
:10B4300000688068039000200290079890F88100CF
:10B440008DF8070007980068303000909DF81500CF
:10B450000007002810D5FFE79DF818000007002816
:10B460000AD5FFE707980168886940F400608861A1
:10B47000079800F0C1FB91E19DF8100040060028FC
:10B4800015D4FFE79DF81000800600280FD4FFE7D1
:10B490009DF810004007002809D5FFE70798416F85
:10B4A00088470798016F884701200290FFE79DF8C1
:10B4B00010004006002811D4FFE79DF81000C007D7
:10B4C00060B1FFE79DF810004007002806D4FFE7B1
:10B4D0000798016F884701200290FFE79DF8100050
:10B4E0008006002812D4FFE79DF81000800700288E
:10B4F0000CD5FFE79DF810004007002806D4FFE7B1
:10B500000798416F884701200290FFE7029808B131
:10B51000FFE743E19DF810000007002840F1898013
:10B52000FFE707980168886940F00800886107987C
:10B530000168886940F0100088610798016888698F
:10B5400040F40060886107980168086920F00800ED
:10B55000086107980068806810F4404F3AD1FFE70F
:10B56000FFE70798B0F86A0098B3FFE70798C0684C
:10B5700010280BD3FFE707980068006B0799496E06
:10B5800008600799486E043048661BE00798C06859
:10B5900008280AD3FFE7009800880799496E0880B9
:10B5A0000799486E023048660BE00798006890F8EB
:10B5B00030000799496E08700799486E0130486657
:10B5C000FFE7FFE70799B1F86A000138A1F86A00C0
:10B5D000C7E7FFE7079803F0CBFF0799012081F841
:10B5E00081000798D0F8840020B1FFE70798FFF7A3
:10B5F0000BFFD3E09DF80700052804D1FFE707986B
:10B6000000F062FD14E09DF80700042804D1FFE774
:10B61000079800F0EDFA0AE09DF80700032804D12E
:10B62000FFE7079800F04CFD00E0FFE7FFE7FFE7CA
:10B63000B4E0BDF8100010F4587F00F0AF80FFE7D1
:10B640009DF81000400600280ED5FFE70799D1F8B5
:10B65000840040F00400C1F88400079801688869FC
:10B6600040F040008861FFE79DF811008007002846
:10B670000ED5FFE70799D1F8840040F00100C1F82A
:10B68000840007980168886940F400708861FFE7CA
:10B690009DF81100C00770B1FFE70799D1F8840049
:10B6A00040F00800C1F8840007980168886940F4F8
:10B6B00080708861FFE79DF81000800600280ED595
:10B6C000FFE70799D1F8840040F08000C1F88400BA
:10B6D00007980168886940F020008861FFE70798B3
:10B6E000D0F88400002858D0FFE707980168086860
:10B6F00020F00100086007980168086940F26B3289
:10B7000090430861039800F44040B0F5404F3BD1AE
:10B71000FFE707980168886820F440408860079830
:10B72000C06FB0B1FFE70798C16F4FF28960C0F6F4
:10B73000000008650798C06FF8F7A2F840B1FFE76E
:10B740000799D1F8840040F04000C1F88400FFE779
:10B75000FFE70798806FB0B1FFE70798816F4FF25E
:10B760008960C0F6000008650798806FF8F788F8D0
:10B7700040B1FFE70799D1F8840040F04000C1F8DC
:10B780008400FFE7FFE707E00799012081F88100C7
:10B790000798FFF739FEFFE7FFE7FFE708B080BD36
:10B7A00080B586B00490049820B9FFE701208DF899
:10B7B00017003AE10498406A08B9FFE7FFE70499E7
:10B7C000002088620498006843F20001C4F201017D
:10B7D00088421BD0FFE70498006843F60001C4F2DA
:10B7E0000001884212D0FFE70498006843F6004148
:10B7F000C4F20001884209D0FFE70498C06810280D
:10B8000004D3FFE701208DF817000EE1049803F040
:10B8100053FF02900498006843F20001C4F2010152
:10B82000884216D0FFE70498006843F60001C4F28E
:10B83000000188420DD0FFE70498006843F60041FC
:10B84000C4F20001884204D0FFE7029808281FD8FC
:10B85000FFE70498006843F20001C4F20101884246
:10B8600012D0FFE70498006843F60001C4F200011B
:10B87000884209D0FFE70498006843F60041C4F20B
:10B880000001884208D1FFE70298112804D3FFE79E
:10B8900001208DF81700C8E0049890F8810040B9A5
:10B8A000FFE70499002081F88000049800F0C4F8B4
:10B8B000FFE70499022081F8810004980168086874
:10B8C00020F00100086004980068806800F4F81017
:10B8D000039004988069B0F1806F1BD1FFE7049852
:10B8E0004068B0F5800F04D1FFE70498806B50B139
:10B8F000FFE70498406868B9FFE70498806BB0F1EF
:10B90000805F07D1FFE704980168086840F4805021
:10B910000860FFE7049880794006002810D5FFE70B
:10B920000498C06807280BD3FFE7049800680068F4
:10B9300020F48070049A1168126D1043086006E0CC
:10B9400004980168086820F480700860FFE7049B91
:10B950001968DA68D869D3F828C040EA0C00DDF825
:10B960000CC040EA0C00DB6B184310438860049A5B
:10B970000192506B516A0843916B084391690843E7
:10B980001168D2F804C09368D2F810E040EA0E00C3
:10B99000D2F814E040EA0E00D2F820E040EA0E00AF
:10B9A00040EA0C00D2F84CC040EA0C001843936CFB
:10B9B0001843926D1043C8600498406898B9FFE737
:10B9C000049800688068012161F3CC20049909681B
:10B9D0008860049800688068022161F34A20049915
:10B9E00009688860FFE704980168086D20F001008D
:10B9F000086504988079400600280BD5FFE7049875
:10BA00000068C06820F00040049A1168526D10432D
:10BA1000C860FFE704990020C1F88400049A01215E
:10BA200082F881108DF81700FFE79DF8170006B027
:10BA300080BD00000000000080B5C0B03F90002035
:10BA40003E903D903C903B903A900CA8B821F4F782
:10BA5000A3FC3F98006843F60001C4F2000188424D
:10BA600040F0C480FFE700200D904FF480510C910E
:10BA700023900CA8FDF7ECFA18B1FFE7F6F7F8FDF4
:10BA8000FFE7FFE744F2E840C5F60200016841F431
:10BA900080410160006800F480400B900B98FFE744
:10BAA000FFE744F2E040C5F60200016841F00401FE
:10BAB0000160006800F004000A900A98FFE7FFE7C1
:10BAC00044F2E040C5F60200016841F00201016065
:10BAD000006800F0020009900998FFE706203A90FC
:10BAE000022003903B90002007903C90032004909C
:10BAF0003D90052005903E9040F60000C5F60200FE
:10BB00003AA90691FBF78CFADDF80CC0049A059867
:10BB10000699079B4FF4005ECDF8E8E0CDF8ECC045
:10BB20003C933D923E9040F20040C5F60200FBF788
:10BB300077FA079942F65840C2F200400890102266
:10BB4000C4F202020260272242608160C1604FF4A9
:10BB50008062026141618161C1614FF440320262E1
:10BB60004162F9F7C5FA18B1FFE7F6F781FDFFE783
:10BB7000FFE73F9842F65841C2F20041C1673F9843
:10BB80008863FFE742F6D040C2F2004002902821CD
:10BB9000C4F202010160282141604021816000213E
:10BBA000C1604FF48062026141618161C1614FF403
:10BBB000003202624162F9F79BFA18B1FFE7F6F72B
:10BBC00057FDFFE7FFE73F9842F6D041C2F2004140
:10BBD00081673F988863FFE72420019005210022B8
:10BBE000FBF7F6FC0198FBF7E7FCFFE740B080BDF0
:10BBF00081B0009001B0704781B0009001B07047F3
:10BC000080B58EB0DDF840C00C900B910A92ADF873
:10BC1000263000208DF825000C9800682030089010
:10BC20000C98006830300790FFE70C9890F880007F
:10BC3000012804D1FFE702208DF8370039E20C9982
:10BC4000012081F88000FFE7FFE7FBF7D5FB0690B6
:10BC5000BDF82600ADF81600BDF82600ADF81400BA
:10BC60000C9890F8810001280ED0FFE702208DF893
:10BC70002500FFE70C99002081F88000FFE79DF880
:10BC800025008DF8370014E20B9838B1FFE70A98C9
:10BC900020B1FFE7BDF8260070B9FFE701208DF85D
:10BCA0002500FFE70C99002081F88000FFE79DF850
:10BCB00025008DF83700FCE10C99052081F8810002
:10BCC0000C990020C1F884000A990C9A5166BDF8BD
:10BCD00026100C9AA2F86A10BDF826100C9AA2F849
:10BCE00068100B990C9AD165BDF826100C9AA2F831
:10BCF0006210BDF826100C9AA2F860100C99086723
:10BD00000C9948670C980068C06820F4C0200C9912
:10BD10000968C8600C98006840684FF6FF71884356
:10BD2000BDF8261008440C99096848600C98016811
:10BD3000086840F0010008600C984068B0F5800F7A
:10BD400007D1FFE70C980168086840F400700860AC
:10BD5000FFE70C98C06810287ED3FFE7FFE7BDF827
:10BD600016100120049039B9FFE7BDF8140000282F
:10BD700018BF01200490FFE70498C00700286AD08C
:10BD8000FFE70C98006840698007002819D5FFE795
:10BD9000BDF81600A8B1FFE70C980168C06D0068F7
:10BDA00008620C99C86D0430C8650C99B1F862003E
:10BDB0000138A1F862000C98B0F86200ADF81600E6
:10BDC000FFE70C980068406948F2080108421AD061
:10BDD000FFE7BDF81400B0B1FFE70C980068006BF6
:10BDE0000C99496E08600C99486E043048660C99AD
:10BDF000B1F86A000138A1F86A000C98B0F86A003E
:10BE0000ADF81400FFE7FBF7F7FA0699401A10990E
:10BE1000884204D3FFE71098013018B9FFE7109863
:10BE2000C0B9FFE70C9803F0A3FBFFE70C990020D3
:10BE300081F88000FFE70C99D1F8840040F480700D
:10BE4000C1F884000C99012081F8810003208DF84D
:10BE500037002EE183E7FEE00C98C06808287BD30A
:10BE6000FFE7FFE7BDF816100120039039B9FFE79F
:10BE7000BDF81400002818BF01200390FFE70398C5
:10BE8000C007002867D0FFE70C980068406980076A
:10BE9000002819D5FFE7BDF81600A8B1FFE70C98F8
:10BEA000C06D0088089908800C99C86D0230C8657B
:10BEB0000C99B1F862000138A1F862000C98B0F852
:10BEC0006200ADF81600FFE70C9800684069C007F3
:10BED000C8B1FFE7BDF81400A8B1FFE707980088D4
:10BEE0000C99496E08800C99486E023048660C998E
:10BEF000B1F86A000138A1F86A000C98B0F86A003D
:10BF0000ADF81400FFE7FBF777FA0699401A10998D
:10BF1000884204D3FFE71098013018B9FFE7109862
:10BF2000C0B9FFE70C9803F023FBFFE70C99002052
:10BF300081F88000FFE70C99D1F8840040F480700C
:10BF4000C1F884000C99012081F8810003208DF84C
:10BF50003700AEE086E77DE0FFE7BDF81610012070
:10BF6000029039B9FFE7BDF81400002818BF01207E
:10BF70000290FFE70298C00700286AD0FFE70C98FC
:10BF800000684069800700281AD5FFE7BDF8160051
:10BF9000B0B1FFE70C980168C06D007881F820000F
:10BFA0000C99C86D0130C8650C99B1F86200013870
:10BFB000A1F862000C98B0F86200ADF81600FFE737
:10BFC0000C9800684069C007D8B1FFE7BDF81400BD
:10BFD000B8B1FFE70C98006890F830000C99496EF2
:10BFE00008700C99486E013048660C99B1F86A00E7
:10BFF0000138A1F86A000C98B0F86A00ADF8140096
:10C00000FFE7FBF7F9F90699401A1099884204D323
:10C01000FFE71098013018B9FFE71098C0B9FFE7A3
:10C020000C9803F0A5FAFFE70C99002081F8800036
:10C03000FFE70C99D1F8840040F48070C1F88400C7
:10C040000C99012081F8810003208DF8370030E041
:10C0500083E7FFE7FFE70C98109B06996A4611609B
:10C060000821002203F040FB40B1FFE70C99D1F812
:10C07000840040F02000C1F88400FFE70C9803F032
:10C0800077FAFFE70C99002081F88000FFE70C9910
:10C09000012081F881000C98D0F8840020B1FFE7DE
:10C0A00001208DF8370004E09DF825008DF8370059
:10C0B000FFE79DF837000EB080BD000000000000D3
:10C0C00081B0009001B0704781B0009001B070471E
:10C0D00081B0009001B0704781B0009001B070470E
:10C0E00081B0009001B0704785B003900291FFE7E6
:10C0F000039890F83C00012804D1FFE702208DF856
:10C100001300ABE00399012081F83C00FFE7FFE753
:10C110000399022081F83D0003980068406801906F
:10C120000398006880680090039800680021C4F2BA
:10C130000101884209D0FFE70398006840F20041FE
:10C14000C4F2010188420AD1FFE7019820F470008F
:10C15000019002984168019808430190FFE7019817
:10C1600020F0700001900298016801980843019046
:10C170000198039909684860039800680021C4F297
:10C18000010188424ED0FFE703980068B0F1804F6C
:10C1900048D0FFE70398006840F20041C4F2000174
:10C1A00088423FD0FFE70398006840F60001C4F2E0
:10C1B0000001884236D0FFE70398006840F600414E
:10C1C000C4F2000188422DD0FFE70398006840F2D6
:10C1D0000041C4F20101884224D0FFE703980068BF
:10C1E00041F60001C4F2000188421BD0FFE703982A
:10C1F000006844F20001C4F20101884212D0FFE756
:10C20000039800684EF20001C4F20001884209D090
:10C21000FFE7039800684EF20041C4F20001884233
:10C220000ED1FFE7009820F080000090029881680E
:10C230000098084300900098039909688860FFE718
:10C240000399012081F83D00FFE70399002081F860
:10C250003C00FFE700208DF81300FFE79DF8130076
:10C2600005B070470000000080B582B000900098D3
:10C2700020B9FFE701208DF8070045E0009890F80D
:10C280003D0040B9FFE70099002081F83C0000988C
:10C2900000F03EF8FFE70099022081F83D00009988
:10C2A00051F8040B03F000FD0099012081F84800CB
:10C2B000FFE70099012081F83E00009981F83F00D6
:10C2C000009981F84000009981F84100009981F8B7
:10C2D0004200009981F84300FFE7FFE70099012041
:10C2E00081F84400009981F84500009981F84600E2
:10C2F000009981F84700FFE70099012081F83D008F
:10C3000000208DF80700FFE79DF8070002B080BD10
:10C3100081B0009001B0704783B00190019890F80F
:10C320003D00012804D0FFE701208DF80B0083E0D9
:10C330000199022081F83D0001980168C86840F029
:10C340000100C860019800680021C4F20101884220
:10C350004ED0FFE701980068B0F1804F48D0FFE76A
:10C360000198006840F20041C4F2000188423FD0C9
:10C37000FFE70198006840F60001C4F2000188421E
:10C3800036D0FFE70198006840F60041C4F2000192
:10C3900088422DD0FFE70198006840F20041C4F2C6
:10C3A0000101884224D0FFE70198006841F60001AE
:10C3B000C4F2000188421BD0FFE70198006844F2F4
:10C3C0000001C4F20101884212D0FFE70198006821
:10C3D0004EF20001C4F20001884209D0FFE7019843
:10C3E00000684EF20041C4F20001884219D1FFE713
:10C3F0000198006880680721C0F2010108400090A0
:10C40000009806280CD0FFE70098B0F5803F07D0D1
:10C41000FFE701980168086840F001000860FFE745
:10C4200006E001980168086840F001000860FFE735
:10C4300000208DF80B00FFE79DF80B0003B070475C
:10C4400081B0009001B0704780B582B00190019832
:10C450000068006900F002010020B0EB510F28D005
:10C46000FFE701980068C06800F002010020B0EB0F
:10C47000510F1DD0FFE7019801686FF002000861BD
:10C48000019901200877019800688069800720B130
:10C49000FFE70198FFF7D4FF06E0019800F064F988
:10C4A000019800F0B1FAFFE7019900200877FFE753
:10C4B000FFE701980068006900F004010020B0EB7C
:10C4C000910F29D0FFE701980068C06800F00401CF
:10C4D0000020B0EB910F1ED0FFE7019801686FF0CC
:10C4E00004000861019902200877019800688069BA
:10C4F00010F4407F04D0FFE70198FFF7A1FF06E0AA
:10C50000019800F031F9019800F07EFAFFE70199F7
:10C5100000200877FFE7FFE701980068006900F056
:10C5200008010020B0EBD10F28D0FFE70198006888
:10C53000C06800F008010020B0EBD10F1DD0FFE76C
:10C54000019801686FF008000861019904200877DC
:10C5500001980068C069800720B1FFE70198FFF7E4
:10C560006FFF06E0019800F0FFF8019800F04CFA28
:10C57000FFE7019900200877FFE7FFE701980068CF
:10C58000006900F010010020B0EB111F29D0FFE777
:10C5900001980068C06800F010010020B0EB111F86
:10C5A0001ED0FFE7019801686FF010000861019943
:10C5B0000820087701980068C06910F4407F04D013
:10C5C000FFE70198FFF73CFF06E0019800F0CCF888
:10C5D000019800F019FAFFE7019900200877FFE7BA
:10C5E000FFE7019800680069C00780B1FFE7019884
:10C5F0000068C068C00748B1FFE7019801686FF0A4
:10C6000001000861019800F003FAFFE7FFE70198D5
:10C6100000680069C1B20020B0EBD11F13D0FFE762
:10C6200001980068C068C1B20020B0EBD11F09D0EA
:10C63000FFE7019801686FF0800008610198FFF73B
:10C640004BFDFFE7FFE701980068006900F4807187
:10C650000020B0EB112F13D0FFE701980068C068ED
:10C66000C1B20020B0EBD11F09D0FFE701980168EB
:10C670006FF4807008610198FFF72AFDFFE7FFE77C
:10C6800001980068006900F040010020B0EB911FA4
:10C6900014D0FFE701980068C06800F04001002056
:10C6A000B0EB911F09D0FFE7019801686FF04000DF
:10C6B0000861019800F0BCF9FFE7FFE70198006806
:10C6C000006900F020010020B0EB511F14D0FFE7FB
:10C6D00001980068C06800F020010020B0EB511FF5
:10C6E00009D0FFE7019801686FF020000861019808
:10C6F000FFF7F6FCFFE7FFE702B080BD0000000097
:10C7000080B588B0079000200690059004900390B3
:10C7100002900798006840F20041C4F2000188428C
:10C720001ED1FFE7FFE744F2E040C5F602000168D2
:10C7300041F002010160006800F0020001900198E0
:10C74000FFE70220029003900021049105910690DA
:10C7500040F20040C5F6020002A9FAF761FCFFE7CB
:10C7600008B080BD0000000081B0009001B07047AB
:10C7700080B586B004900391029200208DF80700E6
:10C78000FFE7049890F83C00012804D1FFE702205D
:10C790008DF81700C0E00499012081F83C00FFE704
:10C7A000FFE702980090142800F2A7800099DFE8C4
:10C7B00001F00BA4A4A424A4A4A43EA4A4A457A45C
:10C7C000A4A471A4A4A48A0004980068039903F0A7
:10C7D0004BFB04980168886940F008008861049860
:10C7E0000168886920F00400886103980269049850
:10C7F000016888691043886183E0049800680399A0
:10C8000003F0DAFB04980168886940F400608861ED
:10C8100004980168886920F480608861039802693F
:10C8200004980168886940EA0220886169E00498F8
:10C830000068039903F078FC04980168C86940F027
:10C840000800C86104980168C86920F00400C86144
:10C850000398026904980168C8691043C86150E0F0
:10C8600004980068039903F017FD04980168C869EB
:10C8700040F40060C86104980168C86920F48060D1
:10C88000C8610398026904980168C86940EA0220F7
:10C89000C86136E004980068039903F06DFD0498C0
:10C8A0000168486D40F00800486504980168486DCB
:10C8B00020F0040048650398026904980168486DF7
:10C8C000104348651DE004980068039903F0BCFD1F
:10C8D00004980168486D40F4006048650498016858
:10C8E000486D20F4806048650398026904980168E7
:10C8F000486D40EA0220486503E001208DF80700FA
:10C90000FFE7FFE70499002081F83C00FFE79DF86E
:10C9100007008DF81700FFE79DF8170006B080BDEF
:10C9200080B582B00090009820B9FFE701208DF813
:10C93000070045E0009890F83D0040B9FFE70099F6
:10C94000002081F83C00009800F03EF8FFE70099D5
:10C95000022081F83D00009951F8040B03F0A4F97E
:10C960000099012081F84800FFE70099012081F833
:10C970003E00009981F83F00009981F8400000993D
:10C9800081F84100009981F84200009981F8430044
:10C99000FFE7FFE70099012081F84400009981F842
:10C9A0004500009981F84600009981F84700FFE7AB
:10C9B0000099012081F83D0000208DF80700FFE775
:10C9C0009DF8070002B080BD82B001900198006818
:10C9D00040F20041C4F20001884210D1FFE7FFE7B6
:10C9E00044F2E840C5F60200016841F0020101602E
:10C9F000006800F0020000900098FFE7FFE702B037
:10CA0000704700000000000081B0009001B0704746
:10CA100080B582B0019001980068B0F1804F03D1D9
:10CA2000FFE7FAF7F1FCFFE702B080BD000000006D
:10CA300081B0009001B0704783B00190FFE701988A
:10CA400090F88400012804D1FFE702208DF80B0044
:10CA50002CE00199012081F88400FFE7FFE70199AC
:10CA60002420C1F8880001980068006800900198AF
:10CA70000168086820F001000860009820F000506C
:10CA800000900199002048660098019909680860A3
:10CA900001992020C1F88800FFE70199002081F862
:10CAA0008400FFE700208DF80B00FFE79DF80B00E6
:10CAB00003B070470000000080B582B00190ADF86F
:10CAC0000210019843F6D401C2F20041884206D117
:10CAD000FFE70198BDF8021009F0F2FB1DE0019894
:10CAE00043F64001C2F20041884206D1FFE70198B7
:10CAF000BDF8021008F0F0FF0EE0019843F2AC71AF
:10CB0000C2F20041884206D1FFE70198BDF8021049
:10CB100008F0FAFBFFE7FFE7FFE702B080BD000087
:10CB200081B0009001B0704780B584B0029001914F
:10CB3000FFE7029890F88400012804D1FFE7022063
:10CB40008DF80F0032E00299012081F88400FFE7A0
:10CB5000FFE702992420C1F8880002980068006865
:10CB6000009002980168086820F0010008600298AF
:10CB70000068806820F060600199084302990968A4
:10CB80008860029803F0D4FC009802990968086054
:10CB900002992020C1F88800FFE70299002081F85F
:10CBA0008400FFE700208DF80F00FFE79DF80F00DD
:10CBB00004B080BD0000000080B584B002900191F7
:10CBC000FFE7029890F88400012804D1FFE70220D3
:10CBD0008DF80F0032E00299012081F88400FFE710
:10CBE000FFE702992420C1F88800029800680068D5
:10CBF000009002980168086820F00100086002981F
:10CC00000068806820F06040019908430299096833
:10CC10008860029803F08CFC00980299096808600B
:10CC200002992020C1F88800FFE70299002081F8CE
:10CC30008400FFE700208DF80F00FFE79DF80F004C
:10CC400004B080BD0000000081B0009001B07047CA
:10CC500081B0009001B0704781B0009001B0704782
:10CC600080B592B0119011980068C0691090119829
:10CC7000006800680F901198006880680E90109806
:10CC800040F60F0108400D900D98E0B9FFE79DF8C0
:10CC900040008006002815D5FFE79DF83C0080067F
:10CCA000002806D4FFE79DF83B00C006002809D500
:10CCB000FFE71198406F20B1FFE71198416F884757
:10CCC000FFE72FE3FFE70D98002800F00C81FFE756
:10CCD0000E980121C1F20001084209D1FFE70F9827
:10CCE00040F22011C0F20041084200F0FC80FFE752
:10CCF0009DF84000C00788B1FFE79DF83D00C007E0
:10CD000060B1FFE711980168012008621199D1F81C
:10CD1000900040F00100C1F89000FFE79DF840004E
:10CD20008007002811D5FFE79DF83800C00760B1E3
:10CD3000FFE711980168022008621199D1F890006C
:10CD400040F00400C1F89000FFE79DF84000400764
:10CD5000002811D5FFE79DF83800C00760B1FFE754
:10CD600011980168042008621199D1F8900040F0F0
:10CD70000200C1F89000FFE79DF84000000700287E
:10CD800019D5FFE79DF83C008006002807D4FFE78F
:10CD90000E980121C1F2000108420CD0FFE7119862
:10CDA0000168082008621199D1F8900040F008004D
:10CDB000C1F89000FFE79DF841000007002813D557
:10CDC000FFE79DF83F00400700280DD5FFE71198C9
:10CDD00001684FF4006008621199D1F8900040F0AA
:10CDE0002000C1F89000FFE71198D0F890000028CB
:10CDF00078D0FFE79DF840008006002815D5FFE7B2
:10CE00009DF83C008006002806D4FFE79DF83B0013
:10CE1000C006002809D5FFE71198406F20B1FFE751
:10CE20001198416F8847FFE7FFE71198D0F890000D
:10CE30000C9011980068806800F04000402806D0EF
:10CE4000FFE79DF8300010F0280F42D0FFE711985F
:10CE500003F00EFD1198006880684006002833D565
:10CE6000FFE7FFE7FFE71198006850E8020F20F0A6
:10CE700040000B90FFE70B991198026842E80210FE
:10CE80000028F0D1FFE7FFE71198D0F88000B0B19B
:10CE9000FFE71198D0F8801040F64900C0F6010075
:10CEA00008651198D0F88000F6F7EAFC30B1FFE78A
:10CEB0001198D0F88000016D8847FFE703E01198D2
:10CEC000FFF7CAFEFFE703E01198FFF7C5FEFFE793
:10CED00007E01198FFF7C0FE11990020C1F89000FB
:10CEE000FFE7FFE71EE21198C06E012840F0BB810A
:10CEF000FFE79DF84000C006002840F1B481FFE73D
:10CF00009DF83C00C006002840F1AD81FFE7119874
:10CF100001681020086211980068806840060028A7
:10CF200040F13F81FFE71198D0F8800000681021A0
:10CF3000C4F20201884200F0A280FFE71198D0F805
:10CF4000800000682821C4F20201884200F0978026
:10CF5000FFE71198D0F8800000684021C4F2020178
:10CF6000884200F08C80FFE71198D0F880000068BC
:10CF70005821C4F20201884200F08180FFE7119835
:10CF8000D0F8800000687021C4F20201884276D097
:10CF9000FFE71198D0F8800000688821C4F20201F0
:10CFA00088426CD0FFE71198D0F880000068A0217B
:10CFB000C4F20201884262D0FFE71198D0F88000E5
:10CFC0000068B821C4F20201884258D0FFE71198E6
:10CFD000D0F88000006840F21041C4F2020188429B
:10CFE0004DD0FFE71198D0F88000006840F228414A
:10CFF000C4F20201884242D0FFE71198D0F88000C5
:10D00000006840F24041C4F20201884237D0FFE795
:10D010001198D0F88000006840F25841C4F2020133
:10D0200088422CD0FFE71198D0F88000006840F2C9
:10D030007041C4F20201884221D0FFE71198D0F874
:10D040008000006840F28841C4F20201884216D094
:10D05000FFE71198D0F88000006840F2A041C4F2C8
:10D06000020188420BD0FFE71198D0F880000068D9
:10D0700040F2B841C4F20201884207D1FFE711989B
:10D08000D0F8800000684068019006E01198D0F860
:10D090008000006840680190FFE70198ADF82A0021
:10D0A000BDF82A0000287BD0FFE7BDF82A001199BF
:10D0B000B1F85C10884273DAFFE7BDF82A001199D5
:10D0C000A1F85E001198D0F88000C069B0F5807FAB
:10D0D00059D0FFE7FFE7FFE71198006850E8000F1D
:10D0E00020F480700990FFE709991198026842E8DE
:10D0F00000100028F0D1FFE7FFE7FFE7FFE71198F6
:10D10000006850E8020F20F001000890FFE708993E
:10D110001198026842E802100028F0D1FFE7FFE70B
:10D12000FFE7FFE71198006850E8020F20F0400089
:10D130000790FFE707991198026842E8021000285B
:10D14000F0D1FFE7FFE711992020C1F88C00119979
:10D150000020C866FFE7FFE71198006850E8000F5D
:10D1600020F010000690FFE706991198026842E847
:10D1700000100028F0D1FFE7FFE71198D0F88000F9
:10D18000F5F7C2FEFFE71199022008671198B0F881
:10D190005C10B0F85E20891A89B2FFF78DFCFFE7BA
:10D1A000C0E01199B1F85C00B1F85E10401AADF81A
:10D1B00016001198B0F85E00002853D0FFE7BDF8C4
:10D1C000160000284ED0FFE7FFE7FFE71198006840
:10D1D00050E8000F20F490700490FFE70499119834
:10D1E000026842E800100028F0D1FFE7FFE7FFE700
:10D1F000FFE71198006850E8020F4FF6FE71CEF677
:10D20000FF7108400390FFE703991198026842E814
:10D2100002100028EDD1FFE7FFE711992020C1F8A7
:10D220008C0011990020C86611994867FFE7FFE755
:10D230001198006850E8000F20F010000290FFE7FE
:10D2400002991198026842E800100028F0D1FFE727
:10D25000FFE71199022008671198BDF81610FFF733
:10D260002BFCFFE75EE09DF84200C00600280FD5CA
:10D27000FFE79DF83A004006002809D5FFE711981E
:10D2800001684FF4801008621198FFF7E1FC49E053
:10D290009DF840000006002815D5FFE79DF83C00EA
:10D2A0000006002806D4FFE79DF83A000006002893
:10D2B00009D5FFE71198806F20B1FFE71198816FC2
:10D2C0008847FFE72EE09DF84000400600280AD579
:10D2D000FFE79DF83C004006002804D5FFE71198C1
:10D2E00003F016FB1EE09DF84200000600280AD558
:10D2F000FFE79DF83F004006002804D5FFE711989E
:10D30000FFF7A2FC0EE09DF84300C00750B1FFE715
:10D310009DF83F000006002804D5FFE71198FFF7AD
:10D32000FFFBFFE712B080BD80B582B0009000988F
:10D3300020B9FFE701208DF8070046E000988069DA
:10D3400008B1FFE700E0FFE70098D0F8880040B997
:10D35000FFE70099002081F88400009800F03CF875
:10D36000FFE700992420C1F8880000980168086848
:10D3700020F001000860009803F0EEFA012804D1C3
:10D38000FFE701208DF807001FE00098806A20B1B8
:10D39000FFE7009803F010F9FFE70098016848687C
:10D3A00020F49040486000980168886820F02A00C6
:10D3B000886000980168086840F0010008600098E3
:10D3C00003F09EF98DF80700FFE79DF8070002B013
:10D3D00080BD00000000000080B5CCB04B90002064
:10D3E0004A90499048904790469018A8B821F2F783
:10D3F000D3FF4B98006845F20001C4F20001884257
:10D4000040F09880FFE70020199002211891359094
:10D4100018A8FBF71DFE18B1FFE7F5F729F9FFE79C
:10D42000FFE744F2E840C5F60200016841F48011CC
:10D430000160006800F4801017901798FFE7FFE77D
:10D4400044F2E040C5F60200016841F004010160C9
:10D45000006800F0040016901698FFE7FFE744F21A
:10D46000E040C5F60200016841F008010160006873
:10D4700000F0080015901598FFE74FF48050469093
:10D4800002200C90479000200F904890499008206F
:10D490000D904A9040F60000C5F6020046A90E9194
:10D4A000F9F7BEFD0C9B0D980E990F9A4FF0040CE6
:10D4B000CDF818C14793489249924A9040F60040EF
:10D4C000C5F60200F9F7ACFD0F9942F64850C2F2DA
:10D4D000004010904022C4F20202026041224260E9
:10D4E0008160C1604FF480620261416181614FF4EB
:10D4F0008072C2614FF4403202624162F7F7F8FD78
:10D5000018B1FFE7F5F7B4F8FFE7FFE74B9842F6ED
:10D510004851C2F20041C0F880104B988863FFE781
:10D5200035200B9005210022FAF752F80B98FAF7F4
:10D5300043F85EE14B98006844F20041C4F20001F8
:10D54000884240F09D80FFE7002019900221189149
:10D55000359018A8FBF77CFD18B1FFE7F5F788F8C0
:10D56000FFE7FFE744F2E840C5F60200016841F436
:10D5700000310160006800F4003014901498FFE757
:10D58000FFE744F2E040C5F60200016841F00801FF
:10D590000160006800F0080013901398FFE7702006
:10D5A000469002204790002009904890499007201B
:10D5B0004A9040F60040C5F6020046A9F9F730FD52
:10D5C000099942F6B060C2F200400A905822C4F2B3
:10D5D000020202602B2242608160C1604FF48062CF
:10D5E0000261416181614FF48072C2614FF4003287
:10D5F00002624162F7F77CFD18B1FFE7F5F738F8F2
:10D60000FFE7FFE74B9842F6B061C2F20041C0F875
:10D6100080104B988863FFE742F62870C2F2004002
:10D6200008907021C4F2020101602C214160402168
:10D6300081600021C1604FF48062026141618161BB
:10D64000C1614FF4003202624162F7F751FD18B137
:10D65000FFE7F5F70DF8FFE7FFE74B9842F6287173
:10D66000C2F20041C1674B988863FFE7262007900C
:10D6700005210022F9F7ACFF0798F9F79DFFB7E005
:10D680004B98006841F60041C4F20101884240F025
:10D69000AE80FFE70020199001211891369018A85C
:10D6A000FBF7D6FC18B1FFE7F4F7E2FFFFE7FFE76F
:10D6B00044F2F040C5F60200016841F080010160CB
:10D6C000006800F0800012901298FFE7FFE744F234
:10D6D000E040C5F60200016841F0100101600068F9
:10D6E00000F0100011901198FFE7042046900221ED
:10D6F0000291479100210591489149914A9041F248
:10D700000000C5F60200039046A90491F9F788FCD1
:10D71000029B03980499059A4FF0080CCDF818C1A4
:10D720004793489249920B224A92F9F779FC05995E
:10D7300042F6C050C2F2004006908822C4F20202B3
:10D740000260762242608160C1604FF480620261B3
:10D75000416181614FF48072C2614FF40032026214
:10D760004162F7F7C5FC18B1FFE7F4F781FFFFE767
:10D77000FFE74B9842F6C051C2F20041C0F880105A
:10D780004B988863FFE742F63860C2F20040019090
:10D79000A021C4F202010160772141604021816033
:10D7A0000021C1604FF48062026141618161C16109
:10D7B0004FF4003202624162F7F79AFC18B1FFE7BA
:10D7C000F4F756FFFFE7FFE74B9842F63861C2F2E5
:10D7D0000041C1674B988863FFE79C2000900521BA
:10D7E0000022F9F7F5FE0098F9F7E6FEFFE7FFE7FC
:10D7F000FFE74CB080BD000081B0009001B07047E1
:10D80000FFE7FEE70000000080B543F67010C2F2AB
:10D810000040B7EE000ADFED080A9FED081A0AF093
:10D82000AFFA41F25821C2F200414DF24E10C3F658
:10D830001140086480BD00BF000000006F12833AF1
:10D8400080B582B00190FFE700F002F8FCE700002D
:10D8500080B58AB0FFF7D8FFFFE741F2EC20C2F2B3
:10D860000040F4F769FD43F66810C2F2004080ED15
:10D87000000A006843F67011C2F20041049188600A
:10D8800041F20410C2F200400390F2F71DFE039B28
:10D890000498196841F2582CC2F2004CCDF814C01B
:10D8A000CCF81C105968CCF820109968CCF82410DA
:10D8B0001A6841F2F801C2F200410A605A684A60EF
:10D8C0009A688A60DA68CCF810201A69CCF81420BB
:10D8D0005A69CCF81820D3F80CC041F24822C2F2A1
:10D8E0000042C2F800C0D3F810C0C2F804C05B699F
:10D8F000936092ED000AD2ED010A92ED021AD1ED89
:10D90000001A91ED012AD1ED022A0AF069FA049871
:10D910000AF0AAFA04980AF083FA049801F0D4FCF9
:10D920000498059A016B1160416B5160816B9160A5
:10D93000C06BD06041F2B800C2F2004007A9F4F712
:10D9400013FE00208DF81B00FFE79DF81B00022846
:10D9500030DCFFE79DF81B0041F25821C2F2004184
:10D9600007AA02EB800292ED002A01EB800090ED05
:10D97000070A90ED0A1A30EE420A43F66812C2F224
:10D98000004292ED002A20EE020A91ED103A33EEA9
:10D99000022A80EE020A21EE031A81EE021A30EE0C
:10D9A000010A80ED0A0AFFE79DF81B0001308DF89F
:10D9B0001B00CAE741F25822C2F20042029202F171
:10D9C000280002F13401F3F71BF8029890ED0D0ADC
:10D9D000B0EEC00A9FED691AB4EE410AF1EE10FAFA
:10D9E00007DAFFE741F25821C2F200410020486304
:10D9F000FFE741F25820C2F2004090ED0E0AB0EE6F
:10DA0000C00A9FED5E1AB4EE410AF1EE10FA07DA91
:10DA1000FFE741F25821C2F2004100208863FFE78E
:10DA200041F25820C2F2004090ED0F0AB0EEC00A59
:10DA30009FED531AB4EE410AF1EE10FA0EDAFFE749
:10DA400041F25821C2F200410020C86343F6B021E0
:10DA5000C2F20041086801300860FFE743F66C102D
:10DA6000C2F2004090ED000A9FED461AB4EE410A62
:10DA7000F1EE10FA71DDFFE741F25820C2F20040EA
:10DA8000019090ED0E1A90ED220A9FED3F2A01EED3
:10DA9000020A80ED220A90ED221A90ED230A01EE8F
:10DAA000020A80ED230A012180F8901043F67011DC
:10DAB000C2F200414A6E02678A6E4267C96E816790
:10DAC00090ED1E0A90ED201A30EE410A9FED2F1ABC
:10DAD000B4EE410AF1EE10FA0DDDFFE741F25820F5
:10DAE000C2F2004090ED210ABFEE001A30EE010AAA
:10DAF00080ED210A1FE041F25820C2F2004090ED73
:10DB00001E0A90ED201A30EE410A9FED211AB4EE64
:10DB1000410AF1EE10FA0DDAFFE741F25820C2F2A5
:10DB2000004090ED210AB7EE001A30EE010A80EDB8
:10DB3000210AFFE7FFE741F25821C2F2004191EDCF
:10DB40001E0A91ED211A9FED132A01EE020A81EDC2
:10DB50001F0A886FC1F880000CE043F66C10C2F217
:10DB6000004090ED000AB7EE001A30EE010A80ED99
:10DB7000000AFFE701200AF087FB6EE60AD7A33C04
:10DB80000AD7233D00803B456F12833ADA0F4940A4
:10DB9000DA0F49C0560EC94083B0029001918DF84A
:10DBA000032000208DF80200FFE79DF802009DF899
:10DBB0000310884229DAFFE70298000F092809D8E4
:10DBC000FFE70298000F303001999DF8022001F81C
:10DBD000120009E00299372000EB117001999DF8BD
:10DBE000022001F81200FFE702980001029001985C
:10DBF0009DF8021000EB410100204870FFE79DF8FE
:10DC0000020001308DF80200CFE703B0704700003A
:10DC100080B582B040F69800C2F20040019090EDCD
:10DC2000630A41F20430C2F20040DFED0C0ACDED90
:10DC3000000A00F085FFDDED000A019880ED770A0B
:10DC400090ED930A41F24C30C2F2004000F078FFB0
:10DC5000019880EDA70A02B080BD00BFCDCC4C3E3C
:10DC600080B540F69800C2F2004090ED630AD0ED16
:10DC7000930A00F001F880BD80B58AB008A880ED55
:10DC8000010AC0ED000A90ED010AD0ED000A41F250
:10DC9000A410C2F2004040F6C831C2F20041F5F7CC
:10DCA0005BF840F69800C2F20040059090EDB90A8A
:10DCB000B1EE400AF9EE080AB1EE081A0AF0BCFA11
:10DCC000059843F6B421C2F20041069181ED000AA5
:10DCD00090ED520A90EDBA1A30EE410A81ED010A38
:10DCE00041F25821C2F2004191ED1E0AD0ED540AD2
:10DCF000F4F76AFFFFEE040AB7EE041A0AF09CFA82
:10DD00000598069981ED020A90ED550A90EDC01A2A
:10DD100030EE410A81ED030A90ED7A0AB1EE400A35
:10DD2000DFED5A0ACDED030A9FED591A8DED041A65
:10DD30000AF082FADDED030A9DED041A05980699B2
:10DD400081ED040A90ED7B0AB1EE400A81ED050AEF
:10DD500090EDAA0AB1EE400A0AF06EFA059806990B
:10DD600081ED060A90EDAB0AB1EE400A81ED070A9B
:10DD700090EDC10AB1EE400AFDEE000AB5EE001AC0
:10DD80000AF05AFA0599069880ED080A91EDC20A40
:10DD9000B1EE400A80ED090A00208DF81F00FFE770
:10DDA0009DF81F0003285BDCFFE743F6B422C2F2B4
:10DDB000004201929DF81F1001EB810341F2A41073
:10DDC000C2F2004000EBC300029092ED005A92EDC7
:10DDD000010A92ED023A92ED031A90ED006A90ED7D
:10DDE000017A90ED024A90ED032A20EE070A05EE33
:10DDF000060A03EE440A01EE020A92ED041A90EDBF
:10DE0000042A01EE020A92ED051A90ED052A01EEB0
:10DE1000020A92ED061A90ED062A01EE020A92ED30
:10DE2000071A90ED072A01EE020A92ED081A90ED0A
:10DE3000082A01EE020A92ED091A90ED092A01EE74
:10DE4000020A41F2F420C2F2004000EB810080EDB2
:10DE5000000AFFE79DF81F0001308DF81F009FE7C3
:10DE600041F2F420C2F20040026840F69801C2F28A
:10DE70000041C1F820214268C1F844218268C1F8FC
:10DE8000E021C068C1F8A0020AB080BD6666E6BEA7
:10DE90006666E63E0000000080B58CB0FFE744F205
:10DEA000D840C5F60200016841F001010160006838
:10DEB00000F001000B900B98FFE70B20019006216A
:10DEC000029100220992F9F783FB0198F9F774FB9C
:10DED0000299099A0C200390F9F77AFB0398F9F755
:10DEE0006BFB099A0D20049005210891F9F770FB4E
:10DEF0000498F9F761FB0899099A0E200590F9F743
:10DF000067FB0598F9F758FB0899099A0F200690C6
:10DF1000F9F75EFB0698F9F74FFB0899099A10206C
:10DF20000790F9F755FB0798F9F746FB0899099A06
:10DF300011200A90F9F74CFB0A98F9F73DFB0CB059
:10DF400080BD00000000000080B582B042F6A070E5
:10DF5000C2F2004000904AF20001C4F200010160E8
:10DF6000002201928260C2600274427482744FF097
:10DF7000030CC0F814C00A2181611D23C361016232
:10DF8000C0F824C08162C3620163052141638163DB
:10DF9000C16304230364082141648264C16402658F
:10DFA00043658265C265016642668166F8F7A8FB33
:10DFB00018B1FFE7F4F75CFBFFE702B080BD00009B
:10DFC00080B582B043F24000C2F2004000904AF2B5
:10DFD0000041C4F200010160002201928260C2602F
:10DFE0000274427482744FF0030CC0F814C00A210A
:10DFF00081611D23C3610162C0F824C08162C362D4
:10E00000016340F25631416305218163C1630264BB
:10E010000423436483640821C16402654365826507
:10E02000C265036642668166F8F76AFB18B1FFE7CE
:10E03000F4F71EFBFFE702B080BD00000000000007
:10E0400080B582B043F2E000C2F2004000904DF291
:10E050000041C4F200010160002201928260C260AE
:10E060000274427482744FF0030CC0F814C00A2387
:10E0700083611D21C1610362C0F824C08362C16253
:10E080000521016340F2AD6343638163C1630423EF
:10E090000364082141648264C36402654365826548
:10E0A000C265036642668166F8F72AFB18B1FFE78E
:10E0B000F4F7DEFAFFE702B080BD000000000000C8
:10E0C00080B59AB049F6944CC0F6010CDCF800001B
:10E0D000DCF80410DCF80820DCF80C30DCF810C0A8
:10E0E000CDF864C0189317921691159015A80021C9
:10E0F00000910AF0E5F8009942F6A402C2F200424B
:10E10000106049F6584EC0F6010EDEF80000DEF849
:10E110000420DEF80830DEF80CC0DEF810E0CDF8A0
:10E1200050E0CDF84CC012931192109010A80AF054
:10E13000C7F8009941F2F022C2F20042106049F69D
:10E14000444EC0F6010EDEF80000DEF80420DEF8D2
:10E150000830DEF80CC0DEF810E0CDF83CE0CDF879
:10E1600038C00D930C920B900BA80AF0A9F80099F7
:10E1700041F25412C2F20042106049F66C4EC0F6F1
:10E18000010EDEF80000DEF80420DEF80830DEF8CC
:10E190000CC0DEF810E0CDF828E0CDF824C00893DC
:10E1A0000792069006A80AF08BF8009941F2943283
:10E1B000C2F20042106049F6804EC0F6010EDEF851
:10E1C0000000DEF80420DEF80830DEF80CC0DEF8CF
:10E1D00010E0CDF814E0CDF810C003930292019046
:10E1E00001A80AF06DF841F29831C2F200410860CE
:10E1F0001AB080BD0000000080B594B000201390DC
:10E200001290119010900F90FFE744F2E040C5F695
:10E210000200016841F010010160006800F0100088
:10E220000E900E98FFE7FFE744F2E040C5F60200CB
:10E23000016841F004010160006800F004000D90E5
:10E240000D98FFE7FFE744F2E040C5F602000168E1
:10E2500041F080010160006800F080000C900C9893
:10E26000FFE7FFE744F2E040C5F60200016841F035
:10E2700001010160006800F001000B900B98FFE7BE
:10E28000FFE744F2E040C5F60200016841F00201F8
:10E290000160006800F002000A900A98FFE7FFE7BB
:10E2A00044F2E040C5F60200016841F00801016057
:10E2B000006800F0080009900998FFE740F60000A8
:10E2C000C5F6020001904FF4C04100220592F9F713
:10E2D0007BF8019848F2090101220692F9F774F8D7
:10E2E000059A06990020C5F602000290F9F76CF82D
:10E2F0000298069A0421F9F767F8059A41F200009E
:10E30000C5F6020007904FF400710391F9F75CF82D
:10E3100001980599069A4FF460430F93109211915A
:10E3200012910FA90891F8F77BFE0198059A069BB8
:10E3300008994FF0090CCDF83CC0109311920322BC
:10E3400004921292F8F76CFE0298049A069B0899C0
:10E350004FF0050CCDF83CC0109311931292F8F7D2
:10E360005FFEDDF80CC0049A069B07980899CDF86B
:10E370003CC0109311931292F8F752FE059A079839
:10E3800008994FF4A0530F934FF4881310931192F0
:10E39000F8F746FE059B069A079808994FF4005C2B
:10E3A000CDF83CC010931192F8F73AFE14B080BD3E
:10E3B00080B582B043F28C60C2F20040009043F618
:10E3C0000001C4F2000101604FF4800141600021AE
:10E3D000019181600722C2604FF0007202614FF02C
:10E3E000807242614FF0806282614FF08042C26170
:10E3F000016241628162C16242638163C1630164FF
:10E4000041648164C164016541658165FDF7C8F9B6
:10E4100018B1FFE7F4F72CF9FFE702B080BD000068
:10E4200080B58CB0002101910B910A91099108915E
:10E4300007910691059104910391029143F2607056
:10E44000C2F2004040F20042C4F200020260172211
:10E450004260816042F20F72C2600161802181617D
:10E46000FEF75EFA18B1FFE7F4F702F9FFE70020C4
:10E4700009900B9043F26070C2F2004009A9FDF7C9
:10E4800033FE18B1FFE7F4F7F3F8FFE760200290DE
:10E49000002003900490069043F26070C2F20040A6
:10E4A00002A90C22FEF764F918B1FFE7F4F7E0F8CF
:10E4B000FFE743F26070C2F20040FEF721F90CB0B2
:10E4C00080BD00000000000080B582B043F6D4009B
:10E4D000C2F20040019045F20001C4F20001016067
:10E4E00048F2A061C0F2010141604FF480518160A7
:10E4F0004FF40051C1604FF480610161042141611A
:10E5000000218161C161016241628162FEF70CFFFD
:10E5100018B1FFE7F4F7ACF8FFE743F6D400C2F216
:10E5200000400021FEF748FB18B1FFE7F4F7A0F820
:10E53000FFE743F6D400C2F200400021FEF7F4FAF0
:10E5400018B1FFE7F4F794F8FFE743F6D400C2F2FE
:10E550000040FEF771FA18B1FFE7F4F789F8FFE71A
:10E5600002B080BD0000000080B582B043F2AC7004
:10E57000C2F20040009041F60041C4F20101016086
:10E580004FF4E1314160002101918160C16001617E
:10E590000C2242618161C161016241628162FEF7C8
:10E5A000C3FE18B1FFE7F4F763F8FFE743F2AC707E
:10E5B000C2F200400021FEF7FFFA18B1FFE7F4F7BE
:10E5C00057F8FFE743F2AC70C2F200400021FEF7BB
:10E5D000ABFA18B1FFE7F4F74BF8FFE743F2AC7082
:10E5E000C2F20040FEF728FA18B1FFE7F4F740F84E
:10E5F000FFE702B080BD000080B582B043F6400066
:10E60000C2F20040009044F20041C4F200010160F7
:10E6100040F60011C0F23D01416000230193836088
:10E62000C36003610C2141618361C3610362436282
:10E63000836219461A46FCF77FFE18B1FFE7F4F72C
:10E6400017F8FFE743F64000C2F200400021FEF752
:10E65000B3FA18B1FFE7F4F70BF8FFE743F6400011
:10E66000C2F200400021FEF75FFA18B1FFE7F3F7AE
:10E67000FFFFFFE743F64000C2F20040FEF7DCF97F
:10E6800018B1FFE7F3F7F4FFFFE702B080BD000029
:10E6900080B542F67C10C2F2004040F6A831C2F2CA
:10E6A0000041012204F0FCF918B1FFE7F3F7E0FFA5
:10E6B000FFE742F67C10C2F2004040F6E871C2F279
:10E6C000004104F019FF18B1FFE7F3F7D1FFFFE7AE
:10E6D00042F67C10C2F2004041F28401C2F20041D5
:10E6E00003F022FC18B1FFE7F3F7C2FFFFE742F6A1
:10E6F0007C10C2F2004005F08FF818B1FFE7F3F785
:10E70000B7FFFFE7FAF7D4F980BD00000000000072
:10E71000FFE7FEE700000000FFE7FEE70000000063
:10E7200088B0079006910592079800F007000490C2
:10E730000498C0F10700052803D3FFE704200190E7
:10E7400004E00498C0F107000190FFE701980390EE
:10E7500004980430062803D8FFE70020009003E067
:10E76000049803380090FFE70098029006980399F8
:10E77000012202FA01F101390840029B98400599F3
:10E780009A40013A1140084308B070470000000069
:10E7900080B543F28010C2F20040F9F74DFA80BD17
:10E7A00080B586B0059004910598006803900398A1
:10E7B00002900398006C01900298049900EB4110BC
:10E7C000D0F8080B0090019843F20B01C4F6547185
:10E7D00088420FD3FFE79DF801000006002809D505
:10E7E000FFE70298049900EB41114FF40040C1F893
:10E7F000080BFFE70598FAF79BF8019843F20B0125
:10E80000C4F6547188420DD3FFE70598C06801280B
:10E8100008D1FFE70599086801F2C442012105F01B
:10E820005FFEFFE7002006B080BD00000000000092
:10E8300080B588B007900691079800680490049806
:10E8400003900498006C02900398069900EB411025
:10E85000D0F8080B01900798C068012840F081802B
:10E86000FFE79DF804000007002818D5FFE702988D
:10E8700043F20B01C4F6547188420FD3FFE79DF8B1
:10E8800005000006002809D5FFE70398069900EB6C
:10E8900041114FF40040C1F8080BFFE760E09DF81C
:10E8A00004008006002808D5FFE70398069900EBCE
:10E8B00041112020C1F8080B51E09DF8040010F030
:10E8C000280F4AD1FFE7029843F20B01C4F65471B6
:10E8D00088420FD3FFE79DF805000006002809D500
:10E8E000FFE70398069900EB41114FF40040C1F88F
:10E8F000080B31E00798069901EBC10100EB81009C
:10E9000000F51F7005900598006A0399069A01EBBF
:10E910004211D1F8101B6FF3DF41401A059948618D
:10E92000069898B9FFE70598006940B9FFE707998D
:10E93000086801F2C442012105F0D2FD05E0059905
:10E94000C8684A691044C860FFE7FFE707989DF868
:10E950001810F8F7FDFEFFE700E0FFE7FFE7FFE72D
:10E9600047E0029843F20A11C4F65471884224D158
:10E97000FFE79DF805000006002809D5FFE703988A
:10E98000069900EB41114FF40040C1F8080B13E069
:10E990009DF804008006002808D5FFE70398069933
:10E9A00000EB41112020C1F8080BFFE707989DF804
:10E9B0001810F8F7CDFEFFE71AE0069890B9FFE7C8
:10E9C0000798069901EBC10100EB8100D0F88C0299
:10E9D00040B9FFE70799086801F2C442002105F039
:10E9E0007FFDFFE707989DF81810F8F7B1FEFFE7E5
:10E9F000FFE7002008B080BD80B58CB00A90099177
:10EA00000A9800680890089807900A98099901EBFD
:10EA1000C10100EB81003C30069006980169406915
:10EA2000884204D9FFE701208DF82F0079E006998C
:10EA300008694969401A05900598069989688842CD
:10EA400004D9FFE7069880680590FFE70598033032
:10EA500080080490FFE70798099900EB4110D0F86F
:10EA6000180981B2049A0020914202900FD3FFE767
:10EA700006980269416900209142029007D2FFE79F
:10EA800006980069002818BF01200290FFE702984D
:10EA9000C00770B3FFE7069908694969401A0590F5
:10EAA000059806998968884204D9FFE70698806826
:10EAB0000590FFE7059803308008049008980699B0
:10EAC000C9689DF82420BDF81430DDF828C09CF8F2
:10EAD0000CC0EE46CEF800C006F0D2FB059A0699AF
:10EAE000C8681044C860059A06994869104448618E
:10EAF000B1E706990869496988420ED8FFE7099885
:10EB000000F00F01012088400390039A0799D1F883
:10EB100034089043C1F83408FFE700208DF82F0037
:10EB2000FFE79DF82F000CB080BD00000000000042
:10EB300082B00190009102B0704700000000000018
:10EB400086B004908DED030ACDED020A049818B941
:10EB5000FFE70020059035E10499086C48640499AA
:10EB6000C86B086402980499886103980499C86185
:10EB70009DED020A9DED031A30EE410A049880EDE6
:10EB80000F0A04984078C007002800F0FC80FFE7D7
:10EB9000049800780146019128B1FFE70198012807
:10EBA00000F08580EEE0049890ED010A90ED0F1AD8
:10EBB00020EE010A80ED090A049890ED021A90ED0A
:10EBC0000A0A90ED0F2A01EE020A80ED0A0A049962
:10EBD000486B88630499086B4863049890ED0F0AAA
:10EBE00090ED101A30EE410A80ED0C0A049890ED79
:10EBF000030A90ED0C1A20EE010A80ED0B0A04982E
:10EC000090ED051A90ED0A0AB4EE410AF1EE10FA01
:10EC100004DDFFE704994869886215E0049890EDE7
:10EC2000051A90ED0A0AB1EE411AB4EE410AF1EE6E
:10EC300010FA08DAFFE7049890ED050AB1EE400AF1
:10EC400080ED0A0AFFE7FFE7049890ED090A90EDCE
:10EC50000A2A90ED0B1A30EE020A30EE010A80ED1E
:10EC6000080A049890ED041A90ED080AB4EE410ADF
:10EC7000F1EE10FA04DDFFE704990869086215E077
:10EC8000049890ED041A90ED080AB1EE411AB4EE22
:10EC9000410AF1EE10FA08DAFFE7049890ED040A51
:10ECA000B1EE400A80ED080AFFE7FFE76AE004984A
:10ECB00090ED010A90ED0F1A90ED102A31EE421AF4
:10ECC00020EE010A80ED090A049890ED020A90ED09
:10ECD0000F1A20EE010A80ED0A0A0499486B886336
:10ECE0000499086B4863049890ED0F0A90ED102A80
:10ECF00090ED111A32EE022A30EE420A30EE010A8D
:10ED000080ED0C0A049890ED030A90ED0C1A20EEA9
:10ED1000010A80ED0B0A049890ED080A90ED091A9B
:10ED200090ED0A3A90ED0B2A31EE031A31EE021AF9
:10ED300030EE010A80ED080A049890ED041A90ED77
:10ED4000080AB4EE410AF1EE10FA04DDFFE7049977
:10ED50000869086215E0049890ED041A90ED080A1D
:10ED6000B1EE411AB4EE410AF1EE10FA08DAFFE70B
:10ED7000049890ED040AB1EE400A80ED080AFFE71E
:10ED8000FFE7FFE71AE00499002000904864049927
:10ED900008640499C86304998863049948630499D2
:10EDA00008630499C86204998862049948620499C6
:10EDB0000862049988610499C861FFE70498006AB1
:10EDC0000590FFE79DED050A06B0704700000000C2
:10EDD00086B005908DF8131003928DED020ACDEDEB
:10EDE000010A059818B1FFE7039808B9FFE734E076
:10EDF00005984078C00780BBFFE79DF81300059990
:10EE00000870039800680599486003984068059960
:10EE10008860039880680599C86002980599086120
:10EE2000019805994861059900200090886305992B
:10EE3000486305990863059908620599C8620599B0
:10EE4000886205994862059948640599086405999E
:10EE5000C863059901204870FFE706B070470000BD
:10EE600080B582B040F6A071C2F2004100910869FD
:10EE7000898A01220192F8F7A7FA00998869898B9B
:10EE80000022F8F7A1FA0099019A88688989F8F7B1
:10EE90009BFA02B080BD000080B582B00190FFE710
:10EEA000012009F0F1F9FBE700000000000000007C
:10EEB000EFF30980BFF36F8F154B1A681EF0100F28
:10EEC00008BF20ED108A20E9F04F10602DE90900FD
:10EED0004FF0500080F31188BFF34F8FBFF36F8F57
:10EEE0000AF0FEF84FF0000080F31188BDE8090039
:10EEF00019680868B0E8F04F1EF0100F08BFB0ECBA
:10EF0000108A80F30988BFF36F8F704700BF00BF7E
:10EF1000F43900240000000080B586B0049003910D
:10EF200000208DF8070044F22840C5F60200006872
:10EF300000F00300032804D1FFE701208DF817003B
:10EF4000CBE044F20041C5F60201086820F0806081
:10EF50000860F8F751FA0290FFE744F20040C5F666
:10EF60000200006800F000610020B0EBD16F0CD00F
:10EF7000FFE7F8F741FA0299401A032804D3FFE7A4
:10EF800003208DF81700A8E0E7E7FFE744F22841E7
:10EF9000C5F60201086820F47C30049A126840EA41
:10EFA0000230086004994868D1F808C0CB680A6943
:10EFB00001386FF35F204FF60061CFF6FF7101EB70
:10EFC0004C2189B208440021CFF6FF7101EB0341C7
:10EFD00001F4FE0108444FF07F4101EB026101F0B2
:10EFE000FE41084444F23841C5F602010860FFE7DB
:10EFF00044F22C41C5F602010091086820F0C000DF
:10F00000049A526910430860086820F02000049AAE
:10F01000926910430860086820F01000086044F20C
:10F020003C42C5F6020210684FF6F8739843049B01
:10F03000DB6940EAC3001060086840F01000086017
:10F04000039848B9FFE744F22C41C5F6020108686D
:10F0500040F40020086016E00398012809D1FFE77A
:10F0600044F22C41C5F60201086840F480100860A3
:10F0700008E044F22C41C5F60201086840F4001093
:10F080000860FFE7FFE744F20041C5F602010868A7
:10F0900040F080600860F8F7AFF90290FFE744F2B3
:10F0A0000040C5F60200006800F000610020B0EBEF
:10F0B000D16F0CD1FFE7F8F79FF90299401A0328A6
:10F0C00004D3FFE703208DF8170006E0E7E7FFE72A
:10F0D0009DF807008DF81700FFE79DF8170006B0B0
:10F0E00080BD00000000000080B586B00490039150
:10F0F00000208DF8070044F22840C5F602000068A1
:10F1000000F00300032804D1FFE701208DF8170069
:10F11000CBE044F20041C5F60201086820F08050BF
:10F120000860F8F769F90290FFE744F20040C5F67D
:10F130000200006800F000510020B0EB517F0CD0BD
:10F14000FFE7F8F759F90299401A032804D3FFE7BB
:10F1500003208DF81700A8E0E7E7FFE744F2284115
:10F16000C5F60201086820F07C70049A126840EA33
:10F170000250086004994868D1F808C0CB680A6951
:10F1800001386FF35F204FF60061CFF6FF7101EB9E
:10F190004C2189B208440021CFF6FF7101EB0341F5
:10F1A00001F4FE0108444FF07F4101EB026101F0E0
:10F1B000FE41084444F24041C5F602010860FFE701
:10F1C00044F22C41C5F602010091086820F4406029
:10F1D000049A526910430860086820F40070049A89
:10F1E000926910430860086820F48070086044F257
:10F1F0004442C5F6020210684FF6F8739843049B28
:10F20000DB6940EAC3001060086840F48070086061
:10F21000039848B9FFE744F22C41C5F6020108689B
:10F2200040F48000086016E00398012809D1FFE748
:10F2300044F22C41C5F60201086840F40000086061
:10F2400008E044F22C41C5F60201086840F08070E5
:10F250000860FFE7FFE744F20041C5F602010868D5
:10F2600040F080500860F8F7C7F80290FFE744F2DA
:10F270000040C5F60200006800F000510020B0EB2D
:10F28000517F0CD1FFE7F8F7B7F80299401A03282D
:10F2900004D3FFE703208DF8170006E0E7E7FFE758
:10F2A0009DF807008DF81700FFE79DF8170006B0DE
:10F2B00080BD00000000000080B582B00190FFE733
:10F2C00009F0A6FCFCE700008AB00990099890EDCF
:10F2D0000D0A20EE000A8DED080A099890ED0E0A3D
:10F2E00020EE000A8DED070A099890ED0F0A20EE36
:10F2F000000A8DED060A099890ED0C0A90ED0D1AA2
:10F3000020EE010A8DED050A099890ED0C0A90EDAA
:10F310000E1A20EE010A8DED040A099890ED0C0AF0
:10F3200090ED0F1A20EE010A8DED030A099890ED79
:10F330000D0A90ED0E1A20EE010A8DED020A0998D1
:10F3400090ED0D0A90ED0F1A20EE010A8DED010AE5
:10F35000099890ED0E0A90ED0F1A20EE010A8DED3E
:10F36000000A9DED070A30EE001AB7EE000A30EEF3
:10F37000411A9DED062A32EE022A31EE421A099810
:10F3800080ED101A9DED021A9DED032A31EE421A0E
:10F3900031EE011A099880ED111A9DED011A9DEDCB
:10F3A000042A31EE021A31EE011A099880ED121A80
:10F3B0009DED021A9DED032A31EE021A31EE011A7B
:10F3C000099880ED131A9DED081A31EE011A30EEFE
:10F3D000411A9DED062A32EE022A31EE421A0998B0
:10F3E00080ED141A9DED001A9DED052A31EE421AAA
:10F3F00031EE011A099880ED151A9DED011A9DED67
:10F40000042A31EE421A31EE011A099880ED161ADB
:10F410009DED001A9DED052A31EE021A31EE011A1A
:10F42000099880ED171A9DED081A31EE011A30EE99
:10F43000410A9DED071A31EE011A30EE410A099892
:10F4400080ED180A0AB0704780B582B00190009133
:10F45000019808B9FFE77FE001990878497840EA08
:10F4600001206FF3DF200099088000990888A0F53B
:10F4700080600880019948788978C00840EA411086
:10F480006FF3DF200099488000994888A0F58060DC
:10F49000488001998878CA780979800940EA820011
:10F4A00040EA81206FF3DF200099888000998888E6
:10F4B000A0F580608880019908794979400840EA80
:10F4C000C1106FF3DF200099C8800099C888A0F5AB
:10F4D0008060C8800198407980090099087201987D
:10F4E0004079C0F301100099487201998879C9796F
:10F4F00040EA01200099C8810199087A497A40EAD6
:10F500000120009908820199887AC97A40EA01208D
:10F51000009948820198007B009908750198407B0A
:10F52000009948750198807B0099C8820199087CF0
:10F53000497C40EA01206FF3DF200099488100995F
:10F540004889A0F580604881F7F756FF43F6A82167
:10F55000C2F200410860FFE702B080BD0000000079
:10F5600080B543F28C60C2F20040FBF751FF80BDD2
:10F5700082B001900198006840690090019801688C
:10F58000886940F00800886101980168886940F046
:10F590001000886101980168086820F00100086087
:10F5A00001980168086940F26F3290430861019840
:10F5B0000168886820F440408860019890F88100D4
:10F5C000042815D0FFE79DF80000800600280ED51E
:10F5D000FFE70199D1F8840040F08000C1F8840071
:10F5E00001980168886940F020008861FFE7FFE723
:10F5F000019890F88100032815D0FFE79DF80000DE
:10F60000400600280ED5FFE70199D1F8840040F0AC
:10F610000400C1F8840001980168886940F0400046
:10F620008861FFE7FFE79DF80100800700280ED5FD
:10F63000FFE70199D1F8840040F00100C1F884008F
:10F6400001980168886940F400708861FFE79DF8BF
:10F650000100C00770B1FFE70199D1F8840040F0C4
:10F660000800C1F8840001980168886940F480703E
:10F670008861FFE701990020A1F862000199A1F8D3
:10F680006A0002B07047000080B582B00190019816
:10F69000806B009000990020A1F86A000099A1F801
:10F6A00062000099012081F881000098FBF7ACFE10
:10F6B00002B080BD0000000083B002900298C16BD0
:10F6C000012000EB511001900298C06801300090B9
:10F6D00000980730C008009000980199484303B093
:10F6E000704700000000000080B586B0DDF820C043
:10F6F000049003918DF80B200193FFE704980068B4
:10F70000406903990840401AB0FA80F040099DF81A
:10F710000B10884214D1FFE7F7F76EFE0899401AE4
:10F720000199884204D3FFE70198013018B9FFE737
:10F73000019820B9FFE703208DF8170004E0DDE70A
:10F7400000208DF81700FFE79DF8170006B080BD78
:10F75000074B19680868B0E8F04F80F30988BFF3D9
:10F760006F8F4FF0000080F31188704700BF00BF1B
:10F77000F43900240000000084B003900398009046
:10F7800000980078ADF808000098013000900098CB
:10F790000078ADF80600BDF80610BDF8080040EA94
:10F7A0000120ADF80A00BDF80A0004B0704700005F
:10F7B00080B582B00190FEF76BFFFFE7012008F0F3
:10F7C00063FDFBE70000000083B08DF80B000191A2
:10F7D0008DF8032003B0704780B584B00390029188
:10F7E00003980078029908700398407801460191C7
:10F7F000062800F09180FFE70198222800F0BF80E2
:10F80000FFE70198432818D0FFE701984C2800F043
:10F81000F380FFE701989A2800F0A080FFE70198A5
:10F82000F32868D0FFE70198FD2800F08680FFE705
:10F830000198FE2800F0F18000E1039880781F28ED
:10F8400058D1FFE70398C078092853D1FFE7039800
:10F85000807F6B284DD1FFE703980179407940EA1A
:10F8600001200299488003988179C07940EA0120FB
:10F87000029988800398017A407A40EA012002992F
:10F88000C8800398807A029908720398D0F80B0018
:10F8900000BA0299C8600398C07B02990874039863
:10F8A000017C407C40EA0120029948820398807CD8
:10F8B000029908750398D0F8130000BA029988617C
:10F8C0000398C07D029908770398806900BA02996D
:10F8D00008620398007F029981F824000398407F12
:10F8E000029981F82500029908784322FFF76CFFFE
:10F8F000FFE7FFE7A3E00398C0786B280BD1FFE791
:10F9000003988078029981F8370002990878F322E9
:10F91000FFF75AFFFFE792E00398C0786B280BD1FE
:10F92000FFE703988078029981F8380002990878F7
:10F930000622FFF749FFFFE781E00398C0786B28B4
:10F940000BD1FFE703988078029981F8390002997A
:10F950000878FD22FFF738FFFFE770E00398C078D2
:10F960006B280BD1FFE703988078029981F83A0061
:10F97000029908789A22FFF727FFFFE75FE00398D4
:10F98000407C6B2837D1FFE703988078029981F893
:10F9900026000398C078029981F82700039801791E
:10F9A000407940EA0120029908850398D0F80600C2
:10F9B00000BA0299C8620398817AC07A40EA0120AD
:10F9C000029908860398017B407B40EA0120029956
:10F9D00048860398817BC07B40EA01200299888693
:10F9E0000398007C029981F8360002990878222257
:10F9F000FFF7EAFEFFE722E00398C0786B280BD1FF
:10FA0000FFE703988078029981F83B000299087813
:10FA10004C22FFF7D9FEFFE711E00398C0786B286E
:10FA20000BD1FFE703988078029981F83C00029996
:10FA30000878FE22FFF7C8FEFFE700E0FFE704B00A
:10FA400080BD00000000000080B582B04FF0500083
:10FA500080F31188BFF36F8FBFF34F8F009009F0D1
:10FA600097FC40B1FFE74EF60451CEF200014FF093
:10FA700080500860FFE700200190019880F3118812
:10FA800002B080BD0000000080B59EB00BA84C21E4
:10FA9000F0F782FC002001900A90099008900790EE
:10FAA00006900590049003900220F8F7ADFFFFE761
:10FAB0000020029044F61800C5F60200016821F407
:10FAC00040410160006800F4404002900298FFE766
:10FAD000FFE744F61800C5F60200006800F4005085
:10FAE000B0F5005F01D0FFE7F3E721200B904FF462
:10FAF00080300C90012011900221149115911691E3
:10FB0000282117911890042019901A900C201B900E
:10FB100000201C901D900BA8FAF7FEFE18B1FFE71D
:10FB2000F2F7A6FDFFE73F20039003210491002098
:10FB30000590082006904020079008904FF48062BE
:10FB400009920A9003A8FAF77BFA18B1FFE7F2F7D7
:10FB50008FFDFFE71EB080BD4EF68851CEF200014A
:10FB6000086840F47000086042F20000C5F200200E
:10FB7000006800F00F0006280AD8FFE742F20001F3
:10FB8000C5F200210868072262F303000860FFE75E
:10FB900044F20041C5F60201086840F00100086027
:10FBA00044F21042C5F602020020106008684EF6CA
:10FBB0007F52CEF6F6221040086042F20000C5F2F5
:10FBC0000020006800F00F0008280AD3FFE742F287
:10FBD0000001C5F200210868072262F303000860F3
:10FBE000FFE744F21841C5F602010020086044F224
:10FBF0001C41C5F60201086044F22041C5F602012D
:10FC0000086044F22842C5F6020240F20021C0F228
:10FC10000221116044F22C42C5F602020021C0F21A
:10FC2000FF11116044F23042C5F6020240F2802119
:10FC3000C0F20111116044F23442C5F602021060B4
:10FC400044F23842C5F60202116044F23C42C5F665
:10FC50000202106044F24042C5F60202116044F212
:10FC60004441C5F60201086044F20042C5F60202B2
:10FC7000116821F48021116044F26041C5F602014F
:10FC8000086044F20001C5F2002143F2D20008608E
:10FC9000704700000000000080B543F21470C2F20B
:10FCA0000040FCF7D1FB80BD83B002900191029827
:10FCB0000068009002980021C4F20101884225D01A
:10FCC000FFE70298B0F1804F20D0FFE7029840F2A2
:10FCD0000041C4F20001884218D0FFE7029840F6C4
:10FCE0000001C4F20001884210D0FFE7029840F6FC
:10FCF0000041C4F20001884208D0FFE7029840F2B8
:10FD00000041C4F2010188420AD1FFE7009820F0C7
:10FD10007000009001984168009808430090FFE748
:10FD200002980021C4F2010188424DD0FFE70298F9
:10FD3000B0F1804F48D0FFE7029840F20041C4F292
:10FD40000001884240D0FFE7029840F60001C4F26B
:10FD50000001884238D0FFE7029840F60041C4F223
:10FD60000001884230D0FFE7029840F20041C4F21F
:10FD70000101884228D0FFE7029844F20001C4F252
:10FD80000101884220D0FFE7029844F20041C4F20A
:10FD90000101884218D0FFE7029844F60001C4F23E
:10FDA0000101884210D0FFE702984EF20001C4F230
:10FDB0000001884208D0FFE702984EF20041C4F2E9
:10FDC000000188420AD1FFE7009820F440700090BB
:10FDD0000198C168009808430090FFE7009820F060
:10FDE00080000199496908430090009802990860D1
:10FDF000019880680299C862019800680299886237
:10FE000002980021C4F20101884220D0FFE7029845
:10FE100040F20041C4F20101884218D0FFE7029885
:10FE200044F20001C4F20101884210D0FFE70298B9
:10FE300044F20041C4F20101884208D0FFE7029871
:10FE400044F60001C4F20101884205D1FFE70198A0
:10FE5000006902990863FFE702990120486103B035
:10FE6000704700000000000085B0049003910499E1
:10FE7000086A20F0010008620498006A0190049862
:10FE80004068009004988069029002984FF68F7144
:10FE9000CFF6FE7108400290029820F00300029015
:10FEA00003980168029808430290019820F002002C
:10FEB00001900398816801980843019004980021FB
:10FEC000C4F20101884220D0FFE7049840F20041CB
:10FED000C4F20101884218D0FFE7049844F20001FF
:10FEE000C4F20101884210D0FFE7049844F20041B7
:10FEF000C4F20101884208D0FFE7049844F60001EB
:10FF0000C4F2010188420ED1FFE7019820F00800F9
:10FF100001900398C168019808430190019820F06E
:10FF200004000190FFE704980021C4F20101884217
:10FF300020D0FFE7049840F20041C4F2010188425A
:10FF400018D0FFE7049844F20001C4F2010188428E
:10FF500010D0FFE7049844F20041C4F20101884246
:10FF600008D0FFE7049844F60001C4F2010188427A
:10FF700013D1FFE7009820F480700090009820F4DF
:10FF8000007000900398416900980843009003981E
:10FF90008169009808430090FFE700980499486041
:10FFA000029804998861039840680499486301980D
:10FFB0000499086205B0704785B0049003910499D4
:10FFC000086A20F0100008620498006A0190049802
:10FFD00040680090049880690290029848F6FF718A
:10FFE000CFF6FF6108400290029820F44070029022
:10FFF00003980168029840EA01200290019820F0DD
:020000040801F1
:100000002000019003988168019840EA0110019056
:1000100004980021C4F20101884229D0FFE7049826
:1000200040F20041C4F20101884221D0FFE7049868
:1000300044F20001C4F20101884203D1FFE700202D
:10004000B0B9FFE7049844F20041C4F201018842CC
:1000500003D1FFE7002058B9FFE7049844F60001F8
:10006000C4F20101884212D1FFE7012078B9FFE70D
:10007000019820F0800001900398C168019840EA3F
:1000800001100190019820F040000190FFE70498D2
:100090000021C4F20101884220D0FFE7049840F219
:1000A0000041C4F20101884218D0FFE7049844F2ED
:1000B0000001C4F20101884210D0FFE7049844F225
:1000C0000041C4F20101884208D0FFE7049844F6D9
:1000D0000001C4F20101884215D1FFE7009820F425
:1000E00080600090009820F40060009003984169BF
:1000F000009840EA8100009003988169009840EAE6
:1001000081000090FFE700980499486002980499E4
:10011000886103984068049988630198049908628B
:1001200005B070470000000085B004900391049969
:10013000086A20F4807008620498006A01900498AC
:10014000406800900498C069029002984FF68F7141
:10015000CFF6FE7108400290029820F00300029052
:1001600003980168029808430290019820F40070F7
:10017000019003988168019840EA01200190049859
:100180000021C4F20101884229D0FFE7049840F21F
:100190000041C4F20101884221D0FFE7049844F2F3
:1001A0000001C4F20101884203D1FFE70020B0B989
:1001B000FFE7049844F20041C4F20101884203D1F0
:1001C000FFE7002058B9FFE7049844F60001C4F2A5
:1001D0000101884212D1FFE7012078B9FFE70198B9
:1001E00020F4006001900398C168019840EA012062
:1001F0000190019820F480600190FFE704980021AD
:10020000C4F20101884220D0FFE7049840F2004187
:10021000C4F20101884218D0FFE7049844F20001BB
:10022000C4F20101884210D0FFE7049844F2004173
:10023000C4F20101884208D0FFE7049844F60001A7
:10024000C4F20101884215D1FFE7009820F48050E4
:100250000090009820F400500090039841690098A5
:1002600040EA0110009003988169009840EA01106B
:100270000090FFE700980499486002980499C861CB
:10028000039840680499C86301980499086205B00E
:10029000704700000000000085B0049003910499AD
:1002A000086A20F4805008620498006A019004985B
:1002B000406800900498C0690290029848F6FF7167
:1002C000CFF6FF6108400290029820F4407002903F
:1002D00003980168029840EA01200290019820F4F6
:1002E0000050019003988168019840EA0130019024
:1002F00004980021C4F20101884220D0FFE704984D
:1003000040F20041C4F20101884218D0FFE704988E
:1003100044F20001C4F20101884210D0FFE70498C2
:1003200044F20041C4F20101884208D0FFE704987A
:1003300044F60001C4F2010188420BD1FFE70098A6
:1003400020F48040009003984169009840EA8110B1
:100350000090FFE700980499486002980499C861EA
:10036000039840680499086401980499086205B0EC
:10037000704700000000000085B0049003910499CC
:10038000086A20F4803008620498006A019004989A
:10039000406800900498406D029002984FF68F716B
:1003A000CFF6FE7108400290039801680298084356
:1003B0000290019820F40030019003988168019820
:1003C00040EA0140019004980021C4F201018842F2
:1003D00020D0FFE7049840F20041C4F201018842B6
:1003E00018D0FFE7049844F20001C4F201018842EA
:1003F00010D0FFE7049844F20041C4F201018842A2
:1004000008D0FFE7049844F60001C4F201018842D5
:100410000BD1FFE7009820F48030009003984169E9
:10042000009840EA01200090FFE700980499486096
:100430000298049948650398406804998865019872
:100440000499086205B0704785B00490039104993F
:10045000086A20F4801008620498006A01900498E9
:10046000406800900498406D0290029848F6FF7131
:10047000CFF6FF610840029003980168029840EAB5
:1004800001200290019820F40010019003988168E7
:10049000019840EA0150019004980021C4F2010142
:1004A000884220D0FFE7049840F20041C4F20101E5
:1004B000884218D0FFE7049844F20001C4F2010119
:1004C000884210D0FFE7049844F20041C4F20101D1
:1004D000884208D0FFE7049844F60001C4F2010105
:1004E00088420BD1FFE7009820F480200090039809
:1004F0004169009840EA81200090FFE70098049944
:100500004860029804994865039840680499C86552
:1005100001980499086205B07047000000000000CF
:1005200080B543F6D400C2F20040FCF799FB80BDD1
:1005300082B001900198406E40B9FFE70199012017
:10054000A1F86A000199A1F8680032E010208DF846
:1005500003008DF80200019800688068C0F34260D3
:100560008DF80100019800688068400F8DF8000048
:100570009DF802009DF8002049F6F043C0F6010303
:10058000995C484349F6E841C0F601018A5CB0FB3A
:10059000F2F0019AA2F86A009DF803009DF801208C
:1005A0009B5C5843895CB0FBF1F00199A1F86800AD
:1005B000FFE702B07047000081B00090009890F80B
:1005C0002800C00758B1FFE700980068406820F491
:1005D0000030009A1168D26A10434860FFE7009823
:1005E00090F82800800700280BD5FFE700980068E6
:1005F000406820F48030009A1168126B1043486004
:10060000FFE7009890F82800400700280BD5FFE787
:1006100000980068406820F48020009A1168526BAE
:1006200010434860FFE7009890F828000007002872
:100630000BD5FFE700980068406820F40040009A5E
:100640001168926B10434860FFE7009890F828000B
:10065000C00600280BD5FFE700980068806820F4EA
:100660008050009A1168D26B10438860FFE70098B1
:1006700090F82800800600280BD5FFE70098006856
:10068000806820F40050009A1168126C1043886052
:10069000FFE7009890F82800400600281CD5FFE7E7
:1006A00000980068406820F48010009A1168526C2D
:1006B000104348600098406CB0F5801F0BD1FFE7F5
:1006C00000980068406820F4C000009A1168926C9D
:1006D00010434860FFE7FFE7009890F82800000605
:1006E00000280BD5FFE700980068406820F4002040
:1006F000009A1168D26C10434860FFE701B0704760
:1007000080B588B0069006990020C1F89000F6F7F1
:1007100073FE0590069800680068000700282FD532
:10072000FFE70698059B6A466FF07E4111604FF423
:100730000011002200F038FE08B3FFE7FFE7FFE7F3
:100740000698006850E8000F20F080000490FFE752
:1007500004990698026842E800100028F0D1FFE7EB
:10076000FFE706992020C1F88800FFE706990020DE
:1007700081F88400FFE703208DF81F005FE0FFE7AA
:100780000698006800684007002842D5FFE70698F1
:10079000059B6A466FF07E4111604FF48001002294
:1007A00000F002FEA0B3FFE7FFE7FFE7069800684E
:1007B00050E8000F20F490700390FFE7039906982B
:1007C000026842E800100028F0D1FFE7FFE7FFE7EA
:1007D000FFE70698006850E8020F20F00100029041
:1007E000FFE702990698026842E802100028F0D15B
:1007F000FFE7FFE706992020C1F88C00FFE7069984
:10080000002081F88400FFE703208DF81F0016E028
:10081000FFE706992020C1F888000699C1F88C00EE
:1008200006990020C86606990867FFE70699002028
:1008300081F88400FFE700208DF81F00FFE79DF896
:100840001F0008B080BD000080B582B00190019803
:10085000806B009000990020A1F85E000099A1F83B
:1008600056000098FCF7F8F902B080BD00000000C7
:1008700084B00390FFE7FFE70398006850E8000F9B
:1008800020F490700290FFE702990398026842E812
:1008900000100028F0D1FFE7FFE7FFE7FFE703982C
:1008A000006850E8020F4FF6FE71CEF6FF71084067
:1008B0000190FFE701990398026842E802100028BE
:1008C000EDD1FFE7FFE70398C06E012814D1FFE7E1
:1008D000FFE7FFE70398006850E8000F20F01000E2
:1008E0000090FFE700990398026842E80010002892
:1008F000F0D1FFE7FFE7FFE703992020C1F88C0064
:1009000003990020C8660399486704B07047000047
:1009100080B582B00190FFE7FFE70198006850E8DA
:10092000000F20F040000090FFE700990198026856
:1009300042E800100028F0D1FFE7FFE701992020EE
:10094000C1F888000199002088670198FCF754FFDE
:1009500002B080BD0000000080B59EB01D90002058
:100960008DF867001D98006840F60041C5F600014B
:10097000884201D1FFE700E0FFE71D9988680B6915
:100980004A69C9691843104308431C901D980068C0
:10099000006846F6F311CCF6FF7108401C99084335
:1009A0001D99096808601D980068406820F440504F
:1009B0001D9A1168D268104348601D9880691C9088
:1009C0001D98006840F60041C5F60001884206D037
:1009D000FFE71D98016A1C9808431C90FFE71D98CB
:1009E000006880684FF2FF41C1F2FF1108401C9976
:1009F00008431D99096888601D980068C06A20F046
:100A00000F001D9A1168526A1043C862FFE71D98D3
:100A1000006841F20001C4F20101884240F04180C7
:100A2000FFE744F25440C5F60200006800F03800C9
:100A30000146109128282FD81099DFE801F0152DD4
:100A40002D2D2D2D2D2D192D2D2D2D2D2D2D1D2DFA
:100A50002D2D2D2D2D2D212D2D2D2D2D2D2D252DDA
:100A60002D2D2D2D2D2D290001208DF86D0017E045
:100A700004208DF86D0013E008208DF86D000FE064
:100A800010208DF86D000BE020208DF86D0007E040
:100A900040208DF86D0003E080208DF86D00FFE7A9
:100AA0006CE21D98006844F20041C4F200018842E3
:100AB0002ED1FFE744F25440C5F60200006800F072
:100AC000070001460F9105281DD80F99DFE801F0B6
:100AD00003070B0F131700208DF86D0017E004209B
:100AE0008DF86D0013E008208DF86D000FE01020E8
:100AF0008DF86D000BE020208DF86D0007E04020A0
:100B00008DF86D0003E080208DF86D00FFE734E282
:100B10001D98006844F60001C4F2000188422ED1FD
:100B2000FFE744F25440C5F60200006800F00700F9
:100B300001460E9105281DD80E99DFE801F0030744
:100B40000B0F131700208DF86D0017E004208DF8AF
:100B50006D0013E008208DF86D000FE010208DF877
:100B60006D000BE020208DF86D0007E040208DF82F
:100B70006D0003E080208DF86D00FFE7FCE11D981B
:100B8000006844F60041C4F2000188422ED1FFE71C
:100B900044F25440C5F60200006800F00700014628
:100BA0000D9105281DD80D99DFE801F003070B0F03
:100BB000131700208DF86D0017E004208DF86D00EC
:100BC00013E008208DF86D000FE010208DF86D0007
:100BD0000BE020208DF86D0007E040208DF86D00BF
:100BE00003E080208DF86D00FFE7C4E11D980068E8
:100BF00045F20001C4F2000188422ED1FFE744F221
:100C00005440C5F60200006800F0070001460C9150
:100C100005281DD80C99DFE801F003070B0F131707
:100C200000208DF86D0017E004208DF86D0013E0B2
:100C300008208DF86D000FE010208DF86D000BE09E
:100C400020208DF86D0007E040208DF86D0003E056
:100C500080208DF86D00FFE78CE11D98006841F25F
:100C60000041C4F20101884240F04180FFE744F2B4
:100C70005440C5F60200006800F0380001460B91B0
:100C800028282FD80B99DFE801F0152D2D2D2D2DBB
:100C90002D2D192D2D2D2D2D2D2D1D2D2D2D2D2DA8
:100CA0002D2D212D2D2D2D2D2D2D252D2D2D2D2D88
:100CB0002D2D290001208DF86D0017E004208DF8FE
:100CC0006D0013E008208DF86D000FE010208DF806
:100CD0006D000BE020208DF86D0007E040208DF8BE
:100CE0006D0003E080208DF86D00FFE741E11D9865
:100CF000006847F60001C4F2000188422ED1FFE7E8
:100D000044F25440C5F60200006800F007000146B6
:100D10000A9105281DD80A99DFE801F003070B0F97
:100D2000131700208DF86D0017E004208DF86D007A
:100D300013E008208DF86D000FE010208DF86D0095
:100D40000BE020208DF86D0007E040208DF86D004D
:100D500003E080208DF86D00FFE709E11D98006831
:100D600047F60041C4F2000188422ED1FFE744F269
:100D70005440C5F60200006800F0070001460991E2
:100D800005281DD80999DFE801F003070B0F131799
:100D900000208DF86D0017E004208DF86D0013E041
:100DA00008208DF86D000FE010208DF86D000BE02D
:100DB00020208DF86D0007E040208DF86D0003E0E5
:100DC00080208DF86D00FFE7D1E01D98006841F6A6
:100DD0000001C4F20101884240F04180FFE744F283
:100DE0005440C5F60200006800F038000146089142
:100DF00028282FD80899DFE801F0152D2D2D2D2D4D
:100E00002D2D192D2D2D2D2D2D2D1D2D2D2D2D2D36
:100E10002D2D212D2D2D2D2D2D2D252D2D2D2D2D16
:100E20002D2D290001208DF86D0017E004208DF88C
:100E30006D0013E008208DF86D000FE010208DF894
:100E40006D000BE020208DF86D0007E040208DF84C
:100E50006D0003E080208DF86D00FFE786E01D98AF
:100E6000006841F60041C4F20101884240F041802F
:100E7000FFE744F25440C5F60200006800F0380075
:100E80000146079128282FD80799DFE801F0152D92
:100E90002D2D2D2D2D2D192D2D2D2D2D2D2D1D2DA6
:100EA0002D2D2D2D2D2D212D2D2D2D2D2D2D252D86
:100EB0002D2D2D2D2D2D290001208DF86D0017E0F1
:100EC00004208DF86D0013E008208DF86D000FE010
:100ED00010208DF86D000BE020208DF86D0007E0EC
:100EE00040208DF86D0003E080208DF86D00FFE755
:100EF0003BE01D98006840F60041C5F600018842BD
:100F00002ED1FFE744F25840C5F60200006800F019
:100F100007000146069105281DD80699DFE801F073
:100F200003070B0F131702208DF86D0017E0042044
:100F30008DF86D0013E008208DF86D000FE0102093
:100F40008DF86D000BE020208DF86D0007E040204B
:100F50008DF86D0003E080208DF86D00FFE703E061
:100F600080208DF86D00FFE7FFE7FFE7FFE7FFE771
:100F7000FFE7FFE7FFE7FFE7FFE7FFE7FFE71D9872
:100F8000006840F60041C5F60001884240F0B48098
:100F9000FFE79DF86D0001460591022814D0FFE798
:100FA0000598042814D0FFE70598082816D0FFE715
:100FB0000598102818D0FFE70598202835D0FFE7BE
:100FC0000598402837D03AE0F7F77EFD11903CE0D5
:100FD00015A8F7F78DFD1698119036E012A8F7F7CF
:100FE000DFFE1398119030E044F20040C5F6020095
:100FF000006800F020010020B0EB511F0ED0FFE789
:1010000044F20040C5F602000068C0F3C10149F295
:101010000000C0F2D030C840119005E049F2000055
:10102000C0F2D0301190FFE70FE040F60010C0F2A0
:101030003D00119009E04FF40040119005E00020C0
:10104000119001208DF86700FFE71198002852D019
:10105000FFE711981D994A6A49F6F841C0F6010167
:1010600031F81210B0FBF1F0189018981D994968EA
:1010700001EB4101884207D3FFE718981D994968A1
:10108000B0EB013F04D9FFE701208DF8670031E0A4
:1010900011981D994A6803924A6A49F6F841C0F6C8
:1010A000010131F81220002304931946EFF72AF9C1
:1010B000039A049B090241EA1061000210EB5200FE
:1010C00041F10001EFF71EF91A901A98B0F5407F30
:1010D0000BD3FFE71A990020B0EB115F05D1FFE7B2
:1010E0001A981D990968C86003E001208DF867000F
:1010F000FFE7FFE7FFE746E11D98C069B0F5004F45
:1011000040F0A880FFE79DF86D000146029140285D
:1011100000F263800299DFE801F021256060296018
:1011200060602F606060606060603560606060601B
:1011300060606060606060606060566060606060B9
:10114000606060606060606060606060606060609F
:10115000606060606060606060605C00F9F72CFA5D
:10116000119040E0F9F73CFA11903CE015A8F7F730
:10117000BFFC1698119036E012A8F7F711FE1398ED
:10118000119030E044F20040C5F60200006800F023
:1011900020010020B0EB511F0ED0FFE744F20040C9
:1011A000C5F602000068C0F3C10149F20000C0F2B8
:1011B000D030C840119005E049F20000C0F2D030B4
:1011C0001190FFE70FE040F60010C0F23D001190D3
:1011D00009E04FF40040119005E00020119001203B
:1011E0008DF86700FFE7119898B3FFE711981D9AF3
:1011F0005168536A49F6F842C0F6010232F81320EA
:10120000B0FBF2F0400000EB5100B0FBF1F01A909F
:101210001A98102818D3FFE7BDF86A00A0B9FFE7B5
:101220001A9820F00F00ADF86E001A9800F00E0129
:10123000BDF86E0040EA5100ADF86E00BDF86E00DA
:101240001D990968C86003E001208DF86700FFE779
:10125000FFE797E09DF86D0001460191402800F2FC
:1012600063800199DFE801F02125606029606060FA
:101270002F606060606060603560606060606060CA
:101280006060606060606060566060606060606068
:10129000606060606060606060606060606060604E
:1012A00060606060606060605C00F9F785F91190D3
:1012B00040E0F9F795F911903CE015A8F7F718FC14
:1012C0001698119036E012A8F7F76AFD139811905E
:1012D00030E044F20040C5F60200006800F0200152
:1012E0000020B0EB511F0ED0FFE744F20040C5F6DE
:1012F00002000068C0F3C10149F20000C0F2D03022
:10130000C840119005E049F20000C0F2D0301190C1
:10131000FFE70FE040F60010C0F23D00119009E039
:101320004FF40040119005E00020119001208DF84D
:101330006700FFE7119820B3FFE711981D9A5168E5
:10134000536A49F6F842C0F6010232F81320B0FBA6
:10135000F2F000EB5100B0FBF1F01A901A9810284F
:101360000AD3FFE7BDF86A0030B9FFE7BDF86800AF
:101370001D990968C86003E001208DF86700FFE748
:10138000FFE7FFE7FFE71D990120A1F86A001D991B
:10139000A1F868001D99002048671D9988679DF88D
:1013A00067001EB080BD000080B586B0DDF820C0AB
:1013B000049003918DF80B200193FFE704980068D7
:1013C000C06903990840401AB0FA80F040099DF8BE
:1013D0000B1088425ED1FFE708980130002858D0F2
:1013E000FFE7F6F709F80199401A0899884203D8EF
:1013F000FFE7089820B9FFE703208DF817004DE0BC
:101400000498006800684007002841D5FFE7049869
:101410000068C06900F008010120B0EBD10F16D1BF
:10142000FFE7049801680820009008620498FFF71D
:101430001FFA00980499C1F89000FFE70499002072
:1014400081F88400FFE701208DF8170026E004985A
:101450000068C06900F400610120B0EBD12F16D103
:10146000FFE7049801684FF4006008620498FFF7F2
:10147000FFF904992020C1F89000FFE704990020AB
:1014800081F88400FFE703208DF8170006E0FFE7EE
:10149000FFE793E700208DF81700FFE79DF817009E
:1014A00006B080BD0000000080B543F2AC70C2F20F
:1014B0000040FBF7D5FB80BD80B543F64000C2F28B
:1014C0000040FBF7CDFB80BD84B0039002910192F8
:1014D000009303990120C866009840000399A1F881
:1014E0005C0003980168886840F0400088600398B9
:1014F0000168086840F010000860FFE70398D0F822
:10150000800000681021C4F20201884200F0A2802D
:10151000FFE70398D0F8800000682821C4F2020198
:10152000884200F09780FFE70398D0F880000068B9
:101530004021C4F20201884200F08C80FFE703984A
:10154000D0F8800000685821C4F20201884200F0FF
:101550008180FFE70398D0F8800000687021C4F212
:101560000201884276D0FFE70398D0F88000006837
:101570008821C4F2020188426CD0FFE70398D0F8BA
:1015800080000068A021C4F20201884262D0FFE717
:101590000398D0F880000068B821C4F202018842A4
:1015A00058D0FFE70398D0F88000006840F210415F
:1015B000C4F2020188424DD0FFE70398D0F88000C2
:1015C000006840F22841C4F20201884242D0FFE79D
:1015D0000398D0F88000006840F24041C4F2020154
:1015E000884237D0FFE70398D0F88000006840F2C7
:1015F0005841C4F2020188422CD0FFE70398D0F88A
:101600008000006840F27041C4F20201884221D09B
:10161000FFE70398D0F88000006840F28841C4F2E8
:101620000201884216D0FFE70398D0F880000068D6
:1016300040F2A041C4F2020188420BD0FFE70398B8
:10164000D0F88000006840F2B841C4F2020188423C
:1016500009D1FFE70398D0F880000168086820F0FE
:101660000100086008E00398D0F88000016808686D
:1016700020F001000860FFE7FFE70398D0F8800042
:1016800000680068C00700287FF438AFFFE70399BF
:101690000868D1F88010243009688860029803999E
:1016A000D1F880100968C86001980399D1F88010BA
:1016B0000968086100980399D1F8801009684860AA
:1016C0000398D0F880000168086840F48020086022
:1016D0000398D0F8800000681021C4F2020188420B
:1016E00000F0A280FFE70398D0F88000006828216E
:1016F000C4F20201884200F09780FFE70398D0F817
:10170000800000684021C4F20201884200F08C8011
:10171000FFE70398D0F8800000685821C4F2020166
:10172000884200F08180FFE70398D0F880000068CD
:101730007021C4F20201884276D0FFE70398D0F806
:10174000800000688821C4F2020188426CD0FFE763
:101750000398D0F880000068A021C4F202018842FA
:1017600062D0FFE70398D0F880000068B821C4F287
:101770000201884258D0FFE70398D0F88000006843
:1017800040F21041C4F2020188424DD0FFE70398B5
:10179000D0F88000006840F22841C4F2020188427B
:1017A00042D0FFE70398D0F88000006840F2404143
:1017B000C4F20201884237D0FFE70398D0F88000D6
:1017C000006840F25841C4F2020188422CD0FFE781
:1017D0000398D0F88000006840F27041C4F2020122
:1017E000884221D0FFE70398D0F88000006840F2DB
:1017F0008841C4F20201884216D0FFE70398D0F86E
:101800008000006840F2A041C4F2020188420BD07F
:10181000FFE70398D0F88000006840F2B841C4F2B6
:101820000201884209D1FFE70398D0F880000168DF
:10183000086840F00100086008E00398D0F88000D4
:101840000168086840F001000860FFE704B07047D5
:1018500080B586B004908DF80F100498D0F8C802B7
:1018600001900498D0F8D41200EB8100D0F8C002A7
:1018700020B9FFE703208DF817005FE00498D0F847
:10188000D41200EB8100D0F8C002029004989DF8B9
:101890000F1001F00F0101EB810100EB8100806965
:1018A00040B3FFE704989DF80F1001F00F0101EB22
:1018B000810200EB82008269019801EBC10100EB1B
:1018C0008100416CB2FBF1F000FB112090B9FFE701
:1018D00004989DF80F1001F00F0101EB810100EB5E
:1018E00081000023836104989DF80F101A4601F0CF
:1018F000ABFD1FE002990020C1F814020498D0F853
:10190000D41200EB8100D0F8C402006988B1FFE76F
:101910000498D0F8D41200EB8100D0F8C402036917
:101920000299D1F8080201F504719DF80F2098473B
:10193000FFE7FFE700208DF81700FFE79DF817008D
:1019400006B080BD0000000080B584B002908DF824
:1019500007100298D0F8D41200EB8100D0F8C00232
:1019600000900298D0F8D41200EB8100D0F8C002A9
:1019700020B9FFE703208DF80F0019E002989DF8C9
:10198000071001F0D1FA0099C1F80C020298D0F8C2
:10199000D41200EB8100D0F8C402C2680099D1F8DB
:1019A000040201F50371904700208DF80F00FFE756
:1019B0009DF80F0004B080BD80B586B005908DF80D
:1019C0001310059840F69101C2F200410091097888
:1019D00001F0BEF800990598097801F00F0101EBBC
:1019E000810100EB8101002003908884059840F676
:1019F0009201C2F200410191097801F0A9F8019A1F
:101A000003980599127802F00F0202EB820201EBB3
:101A10008201A1F86401059840F69001C2F20041EC
:101A20000291097801F094F8029A039805991378C5
:101A300003F00F0303EB830301EB83018884059913
:101A4000127802F00F0202EB820201EB8201C884DD
:101A50000598D0F8D41200EB8100D0F8C002F0B1A4
:101A6000FFE70598D0F8D41200EB8100D0F8C4024B
:101A7000406880470598D0F8D41200EB8100D0F878
:101A8000C00202F08DF90598D0F8D41200EB810164
:101A90000020C1F8C0020599C1F8BC02FFE7002090
:101AA00006B080BD0000000080B584B002900298AE
:101AB000D0F8D41200EB8100D0F8C0020190019858
:101AC00020B9FFE703208DF80F0025E00298D0F839
:101AD000D41200EB8100D0F8C402C8B1FFE701982E
:101AE00090F80002FF2813D0FFE70298D0F8D41234
:101AF00000EB8100D0F8C4028368019991F80002DC
:101B000091F8012298470199FF2081F80002FFE730
:101B100000208DF80F00FFE79DF80F0004B080BD96
:101B200081B0009000990A20088041F26400C2F25E
:101B3000004001B07047000080B586B0059041F2CA
:101B40002000C2F200400190822100F0D5FD014644
:101B500001980491012100F0CFFD01460198039105
:101B6000812100F0C9FD0290049820B1FFE704999B
:101B700010208871FFE7039820B1FFE70399402008
:101B80008880FFE7029820B1FFE702994020888013
:101B9000FFE705994320088041F22000C2F200408F
:101BA00006B080BD0000000080B586B0059041F20F
:101BB0002000C2F200400190822100F09DFD01460C
:101BC00001980491012100F097FD014601980391CD
:101BD000812100F091FD0290049820B1FFE7049963
:101BE00010208871FFE7039828B1FFE703994FF4AD
:101BF00000708880FFE7029828B1FFE702994FF450
:101C000000708880FFE705994320088041F220009A
:101C1000C2F2004006B080BD80B586B0059041F2AA
:101C20002000C2F200400190822100F065FD0146D3
:101C300001980491012100F05FFD01460198039194
:101C4000812100F059FD0290049820B1FFE704992A
:101C500010208871FFE7039820B1FFE70399402027
:101C60008880FFE7029820B1FFE702994020888032
:101C7000FFE705994320088041F22000C2F20040AE
:101C800006B080BD0000000080B590B00E908DF8C9
:101C900037104FF4077002F087F80C900C9860B979
:101CA000FFE70E98D0F8D41200EB81010020C1F8B4
:101CB000C00202208DF83F00F0E00C984FF407714D
:101CC000EEF76AFB0C980E99D1F8D42201EB820151
:101CD000C1F8C0020E99D1F8D40201EB8000D0F80F
:101CE000C002C1F8BC020E98007C002840D1FFE77A
:101CF0000E9840F69101C2F2004107910978022244
:101D000008924FF40073099301F002FA0799089AB8
:101D1000099B0E98097801F00F0101EB810100EB9E
:101D2000810101200B9088840E9840F69201C2F246
:101D300000410A91097801F0EBF90A9A0B980E9983
:101D4000127802F00F0202EB820201EB8201A1F88D
:101D500064010E9840F69001C2F20041097801F04A
:101D60000F0101EB810100EB81011020C8843EE0EE
:101D70000E9840F69101C2F20041029109780222C8
:101D800003924023049301F0C3F90299039A049B40
:101D90000E98097801F00F0101EB810100EB810140
:101DA0000120069088840E9840F69201C2F200410C
:101DB0000591097801F0ACF9059A06980E99127808
:101DC00002F00F0202EB820201EB8201A1F8640132
:101DD0000E9840F69001C2F20041097801F00F011F
:101DE00001EB810100EB81011020C884FFE70E9810
:101DF00040F69001C2F200410091097803220823C5
:101E000001F086F900990E98097801F00F0101EBB5
:101E1000810100EB8101012088840C990020019050
:101E2000C1F804020E98D0F8D41200EB8100D0F86B
:101E3000C4020068804701980C99C1F814020C99FB
:101E4000C1F818020C98D0F8040220B9FFE702206C
:101E50008DF83F0022E00E98007C70B9FFE70E98E5
:101E600040F69201C2F2004109780C9AD2F804229D
:101E70004FF4007301F074F90CE00E9840F69201F3
:101E8000C2F2004109780C9AD2F80422402301F0F2
:101E900067F9FFE700208DF83F00FFE79DF83F005E
:101EA00010B080BD0000000080B584B002900298A0
:101EB000D0F8D41200EB8100D0F8C0020190029853
:101EC000D0F8D41200EB8100D0F8C00220B9FFE7AF
:101ED00003208DF80F0022E00298007C70B9FFE724
:101EE000029840F69201C2F200410978019AD2F8B4
:101EF00004224FF4007301F033F90CE0029840F62D
:101F00009201C2F200410978019AD2F804224023DA
:101F100001F026F9FFE700208DF80F00FFE79DF89C
:101F20000F0004B080BD000083B0019000910098C4
:101F300020B9FFE703208DF80B000BE00098019912
:101F4000D1F8D42201EB8201C1F8C40200208DF83F
:101F50000B00FFE79DF80B0003B070470000000086
:101F600084B0029001910298D0F8D41200EB810065
:101F7000D0F8C0020090009820B9FFE703208DF848
:101F80000F0007E001980099C1F8040200208DF8C5
:101F90000F00FFE79DF80F0004B07047000000003D
:101FA00085B00390029101920398D0F8D41200EB0F
:101FB0008100D0F8C0020090009820B9FFE703200C
:101FC0008DF813000BE002980099C1F808020198FF
:101FD0000099C1F8100200208DF81300FFE79DF86A
:101FE000130005B07047000080B58AB008900791D3
:101FF0000898D0F8D41200EB8100D0F8C002069007
:1020000000208DF81500ADF812008DF8110006982B
:1020100020B9FFE703208DF82700C7E00798007874
:1020200000F060000146039100285ED0FFE70398AE
:10203000202840F0AE80FFE70798C088002846D0EF
:10204000FFE7079800780006002823D5FFE70898E7
:10205000D0F8D41200EB8100D0F8C4028368079A4C
:1020600050780699D28898470798C088082803D3E3
:10207000FFE70720029003E00798C0880290FFE77F
:102080000298ADF8160008980699BDF8162000F0E1
:102090003FF91BE007984078069981F800020798FD
:1020A000C0883F2804D8FFE70798C088019002E065
:1020B00040200190FFE70198069981F801020898F5
:1020C000069991F8012200F0F3F8FFE70CE0089878
:1020D000D0F8D41200EB8100D0F8C40283680799CD
:1020E000487800229847FFE75BE007984078014670
:1020F00000910B2844D80099DFE801F006414242E4
:102100004242424242421C32089890F89C02032804
:1021100007D1FFE708980DF11201022200F0F8F84C
:1021200007E00898079900F0B3F803208DF8110034
:10213000FFE72DE0089890F89C02032807D1FFE7FD
:1021400008980DF11501012200F0E2F807E0089867
:10215000079900F09DF803208DF81100FFE717E0C4
:10216000089890F89C02032808D0FFE70898079980
:1021700000F08EF803208DF81100FFE708E007E07B
:102180000898079900F084F803208DF81100FFE704
:1021900007E00898079900F07BF803208DF81100FC
:1021A000FFE79DF811008DF82700FFE79DF8270055
:1021B0000AB080BD0000000080B582B001908DF8AB
:1021C000031000208DF802000198D0F8B8124A6878
:1021D0009DF80310904720B1FFE703208DF802001F
:1021E000FFE79DF8020002B080BD00000000000083
:1021F00080B582B001900091019890F89C0201385E
:1022000002280ED8FFE700984088012808D1FFE790
:1022100001990020C1F8A402019800F095F8FFE7A9
:1022200004E00198009900F033F8FFE702B080BDA8
:1022300082B001908DF80310002002B070470000BA
:1022400082B001908DF80310002002B070470000AA
:1022500080B584B00390029101920398029A019B89
:102260000021009100F07CFF009804B080BD0000C8
:1022700080B584B00390029101920398029A019B69
:102280000021009101F0E0F8009804B080BD00004A
:1022900080B582B0019000910198802101F080F812
:1022A0000198002101F07CF802B080BD0000000020
:1022B00080B584B003900291019203990320C1F884
:1022C000940201980399C1F8580101980399C1F843
:1022D0005C010398029A019B0021009100F040FFED
:1022E000009804B080BD000080B582B001900199D3
:1022F0000520C1F8940201980023009319461A465C
:1023000000F02EFF009802B080BD00000000000029
:1023100080B584B003900291019203990220C1F824
:10232000940201980399886101980399C861039800
:10233000029A019B0021009101F086F8009804B0F8
:1023400080BD00000000000080B582B001900199BE
:102350000420C1F8940201980023009319461A46FC
:1023600001F072F8009802B080BD0000000000008B
:1023700080B584B0039002910298C088012805D0EE
:10238000FFE703980299FFF783FF21E0039890F895
:102390009C12481E0191022804D3FFE701980328EC
:1023A0000AD00FE0039900208860039800F108012B
:1023B0000122FFF7ADFF0AE00398011D0122FFF79C
:1023C000A7FF04E003980299FFF762FFFFE7FFE72A
:1023D00004B080BD0000000080B588B00790069171
:1023E0000020ADF8160004908DF80F000698C07814
:1023F0000138014602910E2800F241810299DFE87E
:1024000011F02A00340051003E013E010B0123016E
:102410003E013E013E013E013E013E013E010F00F4
:102420000798D0F8B402C06950B1FFE70798D0F818
:10243000B412CA69007C0DF116019047049009E0BE
:1024400007980699FFF724FF9DF80F0001308DF8DB
:102450000F00FFE71DE10798D0F8B4120A68007C6E
:102460000DF116019047049013E10798007C60B9C4
:10247000FFE70798D0F8B802816A0DF11600884787
:1024800004900499022048700BE00798D0F8B80235
:10249000C16A0DF116008847049004990220487023
:1024A000FFE7F6E00698807801460191052800F2E2
:1024B000A8800199DFE801F0031E39546F8A07985C
:1024C000D0F8B402406850B1FFE70798D0F8B412D2
:1024D0004A68007C0DF116019047049009E00798C6
:1024E0000699FFF7D5FE9DF80F0001308DF80F001B
:1024F000FFE790E00798D0F8B402806850B1FFE79A
:102500000798D0F8B4128A68007C0DF11601904744
:10251000049009E007980699FFF7BAFE9DF80F00AE
:1025200001308DF80F00FFE775E00798D0F8B4028E
:10253000C06850B1FFE70798D0F8B412CA68007CB1
:102540000DF116019047049009E007980699FFF7EE
:102550009FFE9DF80F0001308DF80F00FFE75AE055
:102560000798D0F8B402006950B1FFE70798D0F897
:10257000B4120A69007C0DF116019047049009E03D
:1025800007980699FFF784FE9DF80F0001308DF83B
:102590000F00FFE73FE00798D0F8B402406950B160
:1025A000FFE70798D0F8B4124A69007C0DF11601D4
:1025B0009047049009E007980699FFF769FE9DF897
:1025C0000F0001308DF80F00FFE724E00798D0F8E6
:1025D000B402806950B1FFE70798D0F8B4128A6955
:1025E000007C0DF116019047049009E007980699C8
:1025F000FFF74EFE9DF80F0001308DF80F00FFE74A
:1026000009E007980699FFF743FE9DF80F00013097
:102610008DF80F00FFE73CE00798007C48B9FFE722
:102620000798D0F8B802416B0DF116008847049066
:1026300009E007980699FFF72BFE9DF80F0001307F
:102640008DF80F00FFE724E00798007C60B9FFE7F2
:102650000798D0F8B802016B0DF116008847049076
:1026600004990720487009E007980699FFF710FEC3
:102670009DF80F0001308DF80F00FFE709E0079883
:102680000699FFF705FE9DF80F0001308DF80F0049
:10269000FFE79DF80F0008B1FFE72AE00698C08821
:1026A00018B3FFE7BDF81600C8B1FFE7BDF8160084
:1026B0000699C988884204DAFFE7BDF81600009041
:1026C00003E00698C0880090FFE70098ADF8160078
:1026D00007980499BDF81620FFF71AFE04E0079842
:1026E0000699FFF7D5FDFFE703E00798FFF72CFEFB
:1026F000FFE708B080BD000080B586B005908DF87A
:1027000013100598039005980290002001900299FB
:1027100048880978884227DDFFE702980078ADF8FD
:102720000200FFE7BDF802000299498888421ADAE0
:10273000FFE703980DF1020100F036F803900398CB
:10274000407805280ED1FFE7039801900198807822
:102750009DF81310884201D1FFE704E000200190AA
:10276000FFE7FFE7DEE7FFE7019806B080BD000066
:1027700083B0029000208DF8070002980090FFE7D8
:102780000098007848B1FFE79DF8070001308DF808
:102790000700009801300090F2E79DF8070003B0B1
:1027A000704700000000000083B002900191029881
:1027B00000900098027801990888104408800298D7
:1027C0000099097808440090009803B07047000011
:1027D00080B582B001900091019890F89C02013878
:1027E00002281FD8FFE70098C088022805D0FFE71D
:1027F00001980099FFF74CFD19E001990120C8608C
:102800000198D0F8A40230B1FFE70199C86840F000
:102810000200C860FFE7019800F10C010222FFF7F7
:1028200077FD04E001980099FFF732FDFFE702B061
:1028300080BD00000000000080B586B005900491C6
:10284000039200208DF80B00059808B9FFE73DE0E2
:10285000059801900198FFF78BFF0146022000EBDD
:102860004100039908800398007804999DF80B2093
:1028700088549DF80B0001308DF80B0004999DF8E9
:102880000B20032088549DF80B0001308DF80B00BD
:10289000FFE701980078C8B1FFE701980078049934
:1028A0009DF80B2088540198013001909DF80B0091
:1028B00001308DF80B0004999DF80B2000208854FE
:1028C0009DF80B0001308DF80B00E2E706B080BDEB
:1028D00082B08DF8070000208DF806009DF80700F3
:1028E00001460091032814D80099DFE801F00206A0
:1028F0000A0E00208DF806000FE003208DF8060078
:102900000BE001208DF8060007E003208DF806009B
:1029100003E003208DF80600FFE79DF8060002B0F3
:10292000704700000000000080B582B08DF80700FD
:1029300000919DF8070060B9FFE7009A4AF25E50E7
:10294000C0F6010041F26041C2F20041FFF774FF9E
:102950000BE0009A4AF25E50C0F6010041F260417D
:10296000C2F20041FFF768FFFFE741F26040C2F2A8
:10297000004002B080BD000082B08DF807000091D9
:1029800000991220088041F27000C2F2004002B0AB
:10299000704700000000000080B582B08DF807008D
:1029A00000919DF8070060B9FFE7009A4AF2505085
:1029B000C0F6010041F26041C2F20041FFF73CFF66
:1029C0000BE0009A4AF25050C0F6010041F260411B
:1029D000C2F20041FFF730FFFFE741F26040C2F270
:1029E000004002B080BD000082B08DF80700009169
:1029F00000990420088041F29800C2F2004002B021
:102A0000704700000000000080B584B08DF80F0012
:102A10000291029A4AF26950C0F6010041F2604107
:102A2000C2F200410191FFF707FF019804B080BD99
:102A300080B582B08DF8070000919DF8070060B95D
:102A4000FFE7009A4AF27C50C0F6010041F2604173
:102A5000C2F20041FFF7F0FE0BE0009A4AF27C5010
:102A6000C0F6010041F26041C2F20041FFF7E4FE0E
:102A7000FFE741F26040C2F2004002B080BD0000BA
:102A800080B582B08DF80700009100991A20088067
:102A9000F0F70AFA41F29C00C2F2004002B080BD99
:102AA00080B584B0029001918DF80320029820B97E
:102AB000FFE703208DF80F0023E002990020C1F802
:102AC000B8020299C1F8C4020299C1F8D002019873
:102AD00028B1FFE701980299C1F8B402FFE7029913
:102AE000012081F89C029DF8030002990870029869
:102AF00000F02AFA8DF802009DF802008DF80F0010
:102B0000FFE79DF80F0004B080BD0000000000004A
:102B100080B582B001908DF8031000208DF802007E
:102B20008DF801000198D0F8C8029DF80310F4F761
:102B3000B3FE8DF802009DF80200FFF7C9FE8DF884
:102B400001009DF8010002B080BD000000000000FF
:102B500080B582B001908DF8031000208DF802003E
:102B60008DF801000198D0F8C8029DF80310F4F721
:102B70003FFE8DF802009DF80200FFF7A9FE8DF8D8
:102B800001009DF8010002B080BD000000000000BF
:102B900080B588B006908DF8171004929DF8170044
:102BA000002874D1FFE70698143003900698D0F8F7
:102BB000940202285DD1FFE703998868C9688842BA
:102BC00012D9FFE703998868CA68801A8860069856
:102BD0000499039A9268FFF74BFB06980023194665
:102BE0001A4600F0BDFA43E003988168C068884245
:102BF0001ED1FFE703994868C968884218D3FFE7E8
:102C0000039840680699D1F89812884210D2FFE7DD
:102C10000698002201921146FFF72AFB019B0698B5
:102C2000C0F89832069819461A4600F099FA1EE044
:102C3000069890F89C02032811D1FFE70698D0F877
:102C4000B802C06850B1FFE706990020C1F8D4026D
:102C50000698D0F8B812C9688847FFE7FFE70698DA
:102C6000802100F09DFB0698FFF73EFBFFE7FFE7A2
:102C7000FFE7069890F8A00240B1FFE7069800F041
:102C800077FC0699002081F8A002FFE740E0069853
:102C90009DF8171041F08001FFF7CAFA8DF80A007D
:102CA0009DF80A00FF2832D0FFE79DF80A0070BBAC
:102CB000FFE7069890F89C02032827D1FFE70698C3
:102CC0009DF80A1000EB8100D0F8B8024069E0B12D
:102CD000FFE79DF80A000699C1F8D40206989DF80E
:102CE0000A1000EB8101D1F8B8124A699DF817105B
:102CF00090478DF80B009DF80B0028B1FFE79DF879
:102D00000B008DF81F0007E0FFE7FFE7FFE7FFE795
:102D100000208DF81F00FFE79DF81F0008B080BD60
:102D200080B58AB008908DF81F10069200208DF8AB
:102D300013009DF81F00002840F08280FFE70898EC
:102D400000F5AA7005900898D0F89402032876D16F
:102D5000FFE705998868C96888421DD9FFE705998A
:102D60008868CA68801A886008980290069803905C
:102D700005998868C968884204D2FFE70598806889
:102D8000019003E00598C0680190FFE7039902985D
:102D9000019AFFF75DFA51E0089890F8AA0200F056
:102DA0001F000146009140B1FFE70098012808D0BC
:102DB000FFE7009802280CD013E000208DF81200E5
:102DC00013E0089890F8AE12FFF73AFA8DF8120067
:102DD0000BE0089890F8AE12FFF72AFA8DF812006F
:102DE00003E000208DF81200FFE79DF8120008BBF9
:102DF000FFE7089890F89C0203281AD1FFE708988B
:102E00009DF8121000EB8100D0F8B802006978B18B
:102E1000FFE79DF812000899C1F8D40208989DF8C0
:102E2000121000EB8101D1F8B81209698847FFE759
:102E3000FFE7FFE70898FFF787FAFFE7FFE740E0C3
:102E400008989DF81F1001F07F01FFF7F1F98DF848
:102E500012009DF81200FF2832D0FFE79DF8120003
:102E600070BBFFE7089890F89C0203281ED1FFE78B
:102E700008989DF8121000EB8100D0F8B802806924
:102E800098B1FFE79DF812000899C1F8D40208989C
:102E90009DF8121000EB8101D1F8B8128A699DF8F3
:102EA0001F1090478DF81300FFE7FFE79DF8130010
:102EB00028B1FFE79DF813008DF8270005E0FFE734
:102EC000FFE700208DF82700FFE79DF827000AB0F4
:102ED00080BD00000000000081B00090002001B023
:102EE000704700000000000080B582B00190002013
:102EF0008DF803000199012081F89C020198D0F817
:102F0000B80268B1FFE70198D0F8B8124A680179B1
:102F1000904720B1FFE703208DF80300FFE7FFE7AC
:102F20009DF8030002B080BD80B582B001908DF89D
:102F300003100198D0F8C8029DF80310F4F710FDB3
:102F400002B080BD0000000080B584B003900398FB
:102F50000078012838D1FFE7039943F28010C2F2CC
:102F600000400290C0F808150399C1F8C80200217A
:102F7000C4F20401016009214160022202610021C2
:102F8000C1608261C16101624162C16201634163EA
:102F9000F5F7BAFA18B1FFE7EFF76AFBFFE743F27C
:102FA0008010C2F2004001904FF40071F4F754FB1E
:102FB000019800218022F4F75BFB019801214FF476
:102FC000BA72F4F755FBFFE7002004B080BD0000A3
:102FD00084B002908DF807100298D0F8C8020090D3
:102FE0009DF80700000600280ED5FFE700989DF821
:102FF000071001F07F0101EBC10100EB810090F8A7
:103000003E008DF80F000DE000989DF8071001F0CC
:103010007F0101EBC10100EB810090F87E028DF889
:103020000F00FFE79DF80F0004B07047000000009C
:1030300080B584B002908DF807100298D0F8D412B1
:1030400000EB8100D0F8B80220B9FFE703208DF82B
:103050000F0020E0029890F89C02032817D1FFE7A8
:103060000298D0F8D41200EB8100D0F8B802006AC0
:1030700060B1FFE70298D0F8D41200EB8101D1F8DB
:10308000B8120A6A9DF807109047FFE7FFE7002093
:103090008DF80F00FFE79DF80F0004B080BD000021
:1030A00080B584B002908DF807100298D0F8D41241
:1030B00000EB8100D0F8B80220B9FFE703208DF8BB
:1030C0000F0020E0029890F89C02032817D1FFE738
:1030D0000298D0F8D41200EB8100D0F8B802406A10
:1030E00060B1FFE70298D0F8D41200EB8101D1F86B
:1030F000B8124A6A9DF807109047FFE7FFE70020E3
:103100008DF80F00FFE79DF80F0004B080BD0000B0
:1031100080B584B003908DF80B108DF80A20ADF8BF
:10312000083000208DF807008DF806000398D0F8CD
:10313000C8029DF80B10BDF808209DF80A30F4F77E
:1031400023FC8DF807009DF80700FFF7C1FB8DF801
:1031500006009DF8060004B080BD000000000000DD
:1031600080B586B005908DF813100392029300206D
:103170008DF807008DF806000598D0F8C8029DF874
:103180001310039A029BF4F777FC8DF807009DF863
:103190000700FFF79DFB8DF806009DF8060006B0BE
:1031A00080BD00000000000080B586B005900020C2
:1031B0008DF81300059A012182F89C120599C1F837
:1031C0009402059948600599C1F8A402059981F80F
:1031D000A0020598D0F8B802A0B1FFE70598D0F892
:1031E000B802406868B1FFE70598D0F8B8124A689D
:1031F0000179904720B1FFE703208DF81300FFE726
:10320000FFE7FFE705980022019240230393114650
:10321000FFF77EFF019A039B059901200290A1F818
:1032200064010598C0F8603105988021FFF770FFB0
:1032300002990398059A9184059908629DF81300F4
:1032400006B080BD0000000081B00090009890F8AA
:103250009C02042807D1FFE7009890F89D0200998E
:1032600081F89C02FFE7002001B0704700000000D9
:1032700080B582B00190019890F89C02032813D188
:10328000FFE70198D0F8B80268B1FFE70198D0F8DD
:10329000B802C06930B1FFE70198D0F8B812C96927
:1032A0008847FFE7FFE7FFE7002002B080BD00008E
:1032B00082B001908DF803109DF803000199087405
:1032C000002002B07047000080B582B001908DF8F8
:1032D000031000208DF802008DF801000198D0F84D
:1032E000C8029DF80310F5F7F3FA8DF802009DF877
:1032F0000200FFF7EDFA8DF801009DF8010002B021
:1033000080BD00000000000080B584B003900291F1
:10331000039800F2AA20029900F0BAF8039901205C
:10332000C1F894020399B1F8B002C1F89802039869
:1033300090F8AA0200F01F000146009140B1FFE79B
:10334000009801280CD0FFE70098022810D017E061
:10335000039800F2AA2100F067FA8DF8070019E03F
:10336000039800F2AA2100F09FFC8DF8070011E0FD
:10337000039800F2AA2100F0BFFA8DF8070009E0D7
:10338000039890F8AA1201F0800100F009F88DF876
:103390000700FFE79DF8070004B080BD00000000B3
:1033A00080B582B001908DF8031000208DF80200E6
:1033B0008DF801000198D0F8C8029DF80310F4F7C9
:1033C00093FB8DF802009DF80200FFF781FA8DF85B
:1033D00001009DF8010002B080BD00000000000067
:1033E00080B582B0019000208DF803008DF80200B6
:1033F0000198D0F8C802F5F7A7FA8DF803009DF8F8
:103400000300FFF765FA8DF802009DF8020002B094
:1034100080BD00000000000081B00090009890F88E
:103420009C02042807D0FFE7009890F89C020099BE
:1034300081F89D02FFE70099042081F89C0200209A
:1034400001B070470000000080B586B005908DF88F
:1034500013100392029300208DF807008DF80600E8
:103460000598D0F8C8029DF81310039A029BF4F750
:10347000ABFB8DF807009DF80700FFF729FA8DF8E0
:1034800006009DF8060006B080BD000000000000A8
:1034900080B584B003900291029801900198007861
:1034A0000399087001980130019001980078039900
:1034B00048700198013001900198FCF75DF903997B
:1034C00048800198013001900198013001900198E5
:1034D000FCF752F903998880019801300190019816
:1034E000013001900198FCF747F90399C88004B0B6
:1034F00080BD00000000000080B584B00290019102
:103500000020ADF80200019820B9FFE703208DF8F4
:103510000F0026E001980299C1F8B8020298D0F88D
:10352000D41200EB8100D0F8B802C06A78B1FFE78E
:103530000298D0F8D41200EB8100D0F8B802C16A2A
:103540000DF1020088470299C1F8D002FFE7029905
:10355000D1F8D8020130C1F8D80200208DF80F0050
:10356000FFE79DF80F0004B080BD000000000000E0
:1035700081B00090002001B0704700000000000002
:1035800080B584B00390029102988088B8BBFFE7B1
:103590000298C08898BBFFE7029840887F282ED801
:1035A000FFE70298807800F07F008DF8070003980D
:1035B00090F89C02032805D1FFE703980299FEF7D3
:1035C00067FE1BE09DF80700039981F89E020398AF
:1035D0009DF80710FFF778FE0398FEF7B5FE9DF8FB
:1035E000070028B1FFE70399022081F89C0204E05C
:1035F0000399012081F89C02FFE7FFE704E00398AC
:103600000299FEF745FEFFE704B080BD0000000010
:1036100080B582B001908DF8031000208DF8020073
:103620000198D0F8B80250B1FFE70198D0F8B8126D
:103630000A689DF8031090478DF80200FFE79DF897
:10364000020002B080BD000080B586B004900391F6
:1036500000208DF80B000398817841F25C40C2F2A3
:10366000004001700078022808D3FFE7049803990E
:10367000FEF70EFE03208DF81700A0E0049890F8E6
:103680009C0201460191022804D0FFE7019803281B
:103690002FD07FE041F25C40C2F20040007818B3C6
:1036A000FFE741F25C41C2F200410878049A5060A1
:1036B00004980978FFF7ACFF8DF80B009DF80B001C
:1036C00048B1FFE704980399FEF7E2FD0499022050
:1036D00081F89C0207E00498FEF736FE0499032067
:1036E00081F89C02FFE703E00498FEF72DFEFFE758
:1036F00060E041F25C40C2F20040007898B9FFE718
:103700000499022081F89C0241F25C41C2F200411E
:103710000878049A506004980978FEF74DFD0498E3
:10372000FEF712FE35E041F25C40C2F20040007844
:1037300004994968884227D0FFE704980179FEF789
:103740003BFD41F25C41C2F200410878049A5060AE
:1037500004980978FFF75CFF8DF80B009DF80B00CB
:1037600068B1FFE704980399FEF792FD0498017988
:10377000FEF722FD0499022081F89C0203E00498E0
:10378000FEF7E2FDFFE703E00498FEF7DDFDFFE74B
:10379000FFE70FE004980399FEF77AFD049841F2E1
:1037A0005C41C2F200410978FEF706FD03208DF866
:1037B0000B00FFE79DF80B008DF81700FFE79DF861
:1037C000170006B080BD000080B582B00190009166
:1037D00000984088012808D1FFE701990120C1F82D
:1037E000A4020198FEF7B0FD13E00098408802287B
:1037F00009D1FFE700984079019981F8A00201986A
:10380000FEF7A2FD04E001980099FEF741FDFFE7F5
:10381000FFE702B080BD000080B582B00190019842
:10382000FFF7DEFD02B080BD80B586B00590049143
:1038300000208DF80F000498007800F06000014629
:103840000291A8B1FFE70298202804D0FFE7029870
:10385000402846D1FFE70598D0F8D41200EB81014B
:10386000D1F8B8128A68049990478DF80F003DE0AE
:10387000049840780146019109282CD80199DFE885
:1038800001F01B252A202A0A052A160F05980499FB
:10389000FEF7A2FD24E005980499FFF771FE1FE0F2
:1038A00005980499FFF7D0FE8DF80F0018E00598F1
:1038B0000499FEF75DFD13E005980499FEF788FF73
:1038C0000EE005980499FFF77FFF09E00598049939
:1038D000FEF78EFC04E005980499FEF7D9FCFFE79B
:1038E00004E005980499FEF7D3FCFFE79DF80F006C
:1038F00006B080BD0000000080B58CB00B900A912E
:1039000000208DF821000A9880888DF823000A98FD
:10391000007800F0600001460791B8B3FFE7079810
:10392000202805D0FFE70798402840F0B281FFE744
:103930000B989DF82310FEF77BFC8DF822009DF874
:103940002200FF2821D0FFE79DF82200E8B9FFE719
:103950009DF822000B99C1F8D4020B989DF8221013
:1039600000EB8100D0F8B802806868B1FFE70B98DF
:103970009DF8221000EB8101D1F8B8128A680A99EB
:1039800090478DF82100FFE7FFE787E10A9840782C
:1039900001460691002800F0BD80FFE70698012847
:1039A0004CD0FFE70698032840F06D81FFE70B98A5
:1039B00090F89C0201460591022804D0FFE7059883
:1039C000032819D034E09DF8230078B1FFE79DF873
:1039D000230080280AD0FFE70B989DF82310FFF7FB
:1039E000DFFC0B988021FFF7DBFC04E00B980A99C1
:1039F000FEF74EFCFFE720E00A984088A0B9FFE7F9
:103A00009DF8230078B1FFE79DF8230080280AD0B5
:103A1000FFE70A98C08830B9FFE70B989DF823109C
:103A2000FFF7BEFCFFE7FFE70B98FEF78DFC04E015
:103A30000B980A99FEF72CFCFFE729E10B9890F808
:103A40009C0201460491022804D0FFE70498032851
:103A500019D059E09DF8230078B1FFE79DF82300C5
:103A600080280AD0FFE70B989DF82310FFF798FCF9
:103A70000B988021FFF794FC04E00B980A99FEF75D
:103A800007FCFFE745E00A984088E0BBFFE79DF8A8
:103A90002300400630B1FFE70B989DF82310FFF795
:103AA00037F8FFE70B98FEF74FFC0B989DF82310B3
:103AB000FEF7BEFB8DF822009DF82200FF2821D0E2
:103AC000FFE79DF82200E8B9FFE79DF822000B9977
:103AD000C1F8D4020B989DF8221000EB8100D0F8B9
:103AE000B802806868B1FFE70B989DF8221000EBE0
:103AF0008101D1F8B8128A680A9990478DF821009F
:103B0000FFE7FFE7FFE704E00B980A99FEF7C0FB29
:103B1000FFE7BDE00B9890F89C0201460391022854
:103B200004D0FFE70398032838D0A6E09DF82300CF
:103B300050B1FFE79DF82300802805D0FFE70B98E0
:103B40000A99FEF7A5FB9DE09DF8230000060028DA
:103B50000CD5FFE70B989DF8231001F07F0101EBD6
:103B6000810100EB8100143002900CE00B989DF86D
:103B7000231001F07F0101EB810100EB810000F5D2
:103B8000AA700290FFE70298099009990020086046
:103B90000B9809990222FEF7BBFB73E09DF8230006
:103BA0000006002812D5FFE70B989DF8231001F0BE
:103BB0000F0101EB810100EB8100808C28B9FFE748
:103BC0000B980A99FEF764FB5CE012E00B989DF8F5
:103BD000231001F00F0101EB810100EB8100B0F82F
:103BE000640128B9FFE70B980A99FEF751FB49E0F9
:103BF000FFE79DF82300000600280CD5FFE70B988F
:103C00009DF8231001F07F0101EB810100EB8100A1
:103C1000143001900CE00B989DF8231001F07F0107
:103C200001EB810100EB810000F5AA700190FFE734
:103C3000019809909DF8230028B1FFE79DF8230023
:103C4000802804D1FFE70999002008600FE00B9855
:103C50009DF82310FFF7BCF920B1FFE70999012077
:103C6000086003E0099900200860FFE7FFE70B9870
:103C700009990222FEF74CFB04E00B980A99FEF723
:103C800007FBFFE704E00B980A99FEF701FBFFE74B
:103C900004E00B980A99FEF7FBFAFFE79DF8210074
:103CA0000CB080BD0000000080B584B0039002918C
:103CB00000208DF807000298007800F060000146AF
:103CC000009140B1FFE70098202804D0FFE700985A
:103CD00040285AD1FFE7039890F89C020138022847
:103CE0004DD8FFE702980079012842D8FFE70398F2
:103CF00002990979FEF7A4FA8DF806009DF80600EE
:103D0000FF2825D0FFE79DF8060008BBFFE70398D2
:103D10009DF8061000EB8100D0F8B802806890B1E1
:103D2000FFE79DF806000399C1F8D40203989DF8B7
:103D3000061000EB8101D1F8B8128A680299904709
:103D40008DF8070003E003208DF80700FFE703E08C
:103D500003208DF80700FFE70298C08840B9FFE70D
:103D60009DF8070020B9FFE70398FEF7EDFAFFE79B
:103D700004E003980299FEF78BFAFFE704E003984A
:103D80000299FEF785FAFFE704E003980299FEF72F
:103D90007FFAFFE79DF8070004B080BD0000000037
:103DA00081B0009001B0704781B0009041F2606036
:103DB000C2F2004001B0704784B0039002910398B2
:103DC000019002980078009002984078012830D144
:103DD000FFE70298007800F00F010120884082B2CE
:103DE0000199D1F81C081043C1F81C0801980099EA
:103DF00000EB4110D0F800090004002818D4FFE7B8
:103E0000029988686FF3DF20097940EA8140009ABF
:103E100040EA8250019901EB4211D1F80029104388
:103E200048F20002C1F200021043C1F80009FFE7A6
:103E30002EE00298007800F00F01012000FA01F254
:103E40000199D1F81C0840EA0240C1F81C08019809
:103E5000009900EB4110D0F8000B0004002816D4A4
:103E6000FFE7029988686FF3DF20097940EA814013
:103E70000199009A01EB4211D1F8002B104348F24E
:103E80000002C1F200021043C1F8000BFFE7FFE798
:103E9000002004B07047000082B0019001980090AB
:103EA0000099D1F8000940F2FF729043C1F800096F
:103EB0000099D1F8040840F48070C1F8040800208B
:103EC00002B07047000000002DE9F04F91B0019161
:103ED000DDF88CB0DDF888A0DDF88490DDF8808016
:103EE0001F9F1E9E1D9D1C9CDDF86CE0DDF868C0C8
:103EF00001990199CDF840B0CDF83CA0CDF83890AB
:103F0000CDF834800C970B960A950994CDF820E0F3
:103F1000CDF81CC0069305920491039009980128DE
:103F200022D1FFE70399886B20F4803088630399DE
:103F3000C8684FF6BF72CFF6BD721040C8600399D3
:103F4000C86820F44010C8601098012806D1FFE727
:103F50000399C86840F48010C860FFE7039800F038
:103F60003FF88DF80B0019E00399C86840F0400055
:103F7000C860039800F034F88DF80B000D9830B944
:103F8000FFE70399886B40F48030886305E003996C
:103F9000886B20F480308863FFE7FFE706980128EC
:103FA00016D1FFE70399C86D80B2C8650399C86D43
:103FB0000022C0F2EE321043C8650399886840F0D1
:103FC000060088600399886840F020008860FFE759
:103FD0009DF80B0011B0BDE8F08F0000000000005C
:103FE00083B0019000200090FFE70098013000901E
:103FF000009840F64151C0F20301884204D3FFE724
:1040000003208DF80B0028E0FFE701980069C00F3E
:104010000028EAD0FFE7002000900199086940F0ED
:1040200001000861FFE7009801300090009840F619
:104030004151C0F20301884204D3FFE703208DF809
:104040000B000AE0FFE701980069C0070028EAD1E9
:10405000FFE700208DF80B00FFE79DF80B0003B091
:10406000704700000000000084B0039002910398A4
:1040700001900298007800900298407801284CD175
:10408000FFE70198009900EB4110D0F80009C00F3C
:10409000A8B1FFE70198009900EB4111D1F80009A0
:1040A00040F00060C1F800090198009900EB41114F
:1040B000D1F8000940F08040C1F80009FFE70298FC
:1040C000007800F00F00012101FA00F20020CFF685
:1040D000FF7060EA020C019BD3F83C2802EA0C0254
:1040E000C3F83C28029A127802F00F02914060EA6D
:1040F00001020199D1F81C081040C1F81C08019870
:10410000009900EB4111D1F8000947F60002CEF604
:1041100033421040C1F8000946E00198009900EBD5
:104120004110D0F8000BC00FA8B1FFE7019800992B
:1041300000EB4111D1F8000B40F00060C1F8000B1A
:104140000198009900EB4111D1F8000B40F080403C
:10415000C1F8000BFFE70298007800F00F01012082
:1041600000FA01F3019AD2F83C1821EA0341C2F89F
:104170003C180299097801F00F0100FA01F2019947
:10418000D1F81C0820EA0240C1F81C0801980099E7
:1041900000EB4111D1F8000B47F60002CEF6F372A6
:1041A0001040C1F8000BFFE7002004B0704700008A
:1041B00082B00190019800900099D1F8000E20F093
:1041C0000300C1F8000E0099D1F8040820F00200A5
:1041D000C1F80408002002B0704700000000000091
:1041E00082B00190019800900099D1F8000E20F063
:1041F0000300C1F8000E0099D1F8040840F0020055
:10420000C1F80408002002B0704700000000000060
:104210002DE9F04F93B00191DDF894B0DDF890A056
:10422000DDF88C90DDF88880219F209E1F9D1E9CCC
:10423000DDF874E0DDF870C001990199CDF848B05F
:10424000CDF844A0CDF84090CDF83C800E970D9667
:104250000C950B94CDF828E0CDF824C00893079274
:104260000691059000208DF81300059903910290A6
:10427000FFE702980E280CD8FFE70598029900EB9B
:1042800081010020C1F80401FFE70298013002908B
:10429000EFE71098B8B9FFE70399D1F8040840F0A8
:1042A0000200C1F804080599886B20F400108863A7
:1042B0000599086840F0400008600599086840F0DA
:1042C0008000086005E00599886B40F40010886361
:1042D000FFE703990020C1F8000E0399D1F8000808
:1042E000C1F800080B9801280ED1FFE7099828B9FA
:1042F000FFE70598002100F0CFFE04E005980121BA
:1043000000F0CAFEFFE704E00598032100F0C4FEB8
:10431000FFE70598102100F0A7FC20B1FFE701207E
:104320008DF81300FFE7059800F05EFC20B1FFE771
:1043300001208DF81300FFE703990020C1F8100851
:104340000399C1F814080399C1F81C080290FFE70B
:104350000298069988423BD2FFE70398029900EB46
:104360004110D0F80009C00FB0B1FFE7029848B97A
:10437000FFE70398029900EB41114FF00060C1F88C
:10438000000908E00398029900EB41114FF09040BA
:10439000C1F80009FFE707E00398029900EB41111B
:1043A0000020C1F80009FFE70398029900EB4111D2
:1043B0000020C1F810090398029900EB41114FF653
:1043C0007F30C1F80809FFE7029801300290BFE78B
:1043D00000200290FFE70298069988423BD2FFE74F
:1043E0000398029900EB4110D0F8000BC00FB0B158
:1043F000FFE7029848B9FFE70398029900EB4111E3
:104400004FF00060C1F8000B08E00398029900EB40
:1044100041114FF09040C1F8000BFFE707E003980F
:10442000029900EB41110020C1F8000BFFE703984F
:10443000029900EB41110020C1F8100B039802997A
:1044400000EB41114FF67F30C1F8080BFFE70298EF
:1044500001300290BFE70399D1F8100820F4807072
:10446000C1F8100805990020886105996FF0804017
:104470004861089830B9FFE70599886940F0100055
:104480008861FFE70599886943F60002C8F23C029B
:10449000104388610C9830B1FFE70599886940F0B6
:1044A00008008861FFE71098012808D1FFE7059907
:1044B00088690422C4F2000210438861FFE79DF876
:1044C000130013B0BDE8F08F81B0009000998868A8
:1044D00020F001008860002001B07047000000005B
:1044E00086B004908DF80F10029204980190049801
:1044F000006C0090009843F20B01C4F6547188429E
:104500000BD3FFE70198D0F8000BC00F20B1FFE7F5
:1045100000208DF817002EE0FFE701990020C1F878
:10452000100B0199D1F8100B40F40020C1F8100BCA
:104530000199D1F8100B40F01800C1F8100B019947
:10454000D1F8100B40F0C040C1F8100B9DF80F00DF
:1045500001280CD1FFE702980199C1F8140B0199C9
:10456000D1F8000B40F08020C1F8000BFFE70020DD
:104570008DF81700FFE79DF8170006B070470000A0
:1045800084B0039002910398019002980078009003
:1045900002984078012820D1FFE70198009900EBAC
:1045A0004111D1F8000920F40010C1F80009029867
:1045B0000079032805D0FFE70298007902280BD183
:1045C000FFE70198009900EB4111D1F8000940F094
:1045D0008050C1F80009FFE71FE00198009900EB47
:1045E0004111D1F8000B20F40010C1F8000B029823
:1045F0000079032805D0FFE70298007902280BD143
:10460000FFE70198009900EB4111D1F8000B40F051
:104610008050C1F8000BFFE7FFE7002004B07047AF
:1046200084B0039002910398019002980078009062
:1046300002984078012822D1FFE70198009900EB09
:104640004110D0F80009C00F70B9FFE7009858B1C9
:10465000FFE70198009900EB4111D1F8000920F023
:104660008040C1F80009FFE70198009900EB411173
:10467000D1F8000940F40010C1F8000921E00198C8
:10468000009900EB4110D0F8000BC00F70B9FFE7A4
:10469000009858B1FFE70198009900EB4111D1F85B
:1046A000000B20F08040C1F8000BFFE70198009953
:1046B00000EB4111D1F8000B40F40010C1F8000BE1
:1046C000FFE7002004B0704780B588B007900691DE
:1046D0008DF81720079804900698007803900698A4
:1046E0004078012840F01C81FFE706980069F8B97E
:1046F000FFE70498039900EB4111D1F810096FF31B
:10470000DC40C1F810090498039900EB4111D1F87D
:10471000100940F40020C1F810090498039900EB37
:104720004111D1F810096FF31200C1F8100969E0C6
:104730000498039900EB4111D1F810096FF31200AE
:10474000C1F810090498039900EB4111D1F8100940
:104750006FF3DC40C1F810090398A8B9FFE7069889
:1047600081680069884204D9FFE706998868086172
:10477000FFE70498039900EB4111D1F8100940F4C8
:104780000020C1F8100915E0069881680069084406
:104790000138B0FBF1F10020C1F6F87000EAC14227
:1047A0000498039900EB4111D1F810091043C1F8A6
:1047B0001009FFE7069802696FF3DF420498039936
:1047C00000EB4111D1F810091043C1F81009069807
:1047D0000079012815D1FFE70498039900EB4111F6
:1047E000D1F8100920F0C040C1F8100904980399CD
:1047F00000EB4111D1F8100940F00050C1F8100948
:10480000FFE7FFE79DF8170001283BD1FFE7069877
:10481000C06948B1FFE70698C0690499039A01EBA3
:104820004211C1F81409FFE70698007901281ED14A
:10483000FFE70498D0F80808C00500280BD4FFE76C
:104840000498039900EB4111D1F8000940F00050A1
:10485000C1F800090AE00498039900EB4111D1F86E
:10486000000940F08050C1F80009FFE7FFE7049815
:10487000039900EB4111D1F8000940F00440C1F860
:1048800000094CE00498039900EB4111D1F80009AC
:1048900040F00440C1F8000906980079012813D0BF
:1048A000FFE70698006970B1FFE70698007800F00E
:1048B0000F01012000FA01F20499D1F834081043E5
:1048C000C1F83408FFE729E00498D0F80808C005CB
:1048D00000280BD4FFE70498039900EB4111D1F8AD
:1048E000000940F00050C1F800090AE0049803995B
:1048F00000EB4111D1F8000940F08050C1F80009E7
:10490000FFE70798069BD9681A781B8A9DF817C09D
:10491000EE46CEF800C000F0B3FCFFE7FFE7C4E0CE
:104920000498039900EB4111D1F8100B6FF31200BA
:10493000C1F8100B0498039900EB4111D1F8100B4A
:104940006FF3DC40C1F8100B039818BBFFE7069823
:10495000006920B1FFE7069988680861FFE70699BA
:10496000886808620698026A6FF3DF420498039928
:1049700000EB4111D1F8100B1043C1F8100B049853
:10498000039900EB4111D1F8100B40F40020C1F85D
:10499000100B49E006980069C0B9FFE706988268E5
:1049A0006FF3DF420498039900EB4111D1F8100B2B
:1049B0001043C1F8100B0498039900EB4111D1F892
:1049C000100B40F40020C1F8100B2CE00698816811
:1049D000006908440138B0FBF1F0ADF80A0006990F
:1049E0008868BDF80A2050430862BDF80A1000200C
:1049F000C1F6F87000EAC1420498039900EB411136
:104A0000D1F8100B1043C1F8100B0698026A6FF32F
:104A1000DF420498039900EB4111D1F8100B1043C9
:104A2000C1F8100BFFE7FFE79DF8170001280ED132
:104A3000FFE70698C06848B1FFE70698C068049988
:104A4000039A01EB4211C1F8140BFFE7FFE7069848
:104A5000007901281ED1FFE70498D0F80808C005A6
:104A600000280BD4FFE70498039900EB4111D1F81B
:104A7000000B40F00050C1F8000B0AE004980399C5
:104A800000EB4111D1F8000B40F08050C1F8000B51
:104A9000FFE7FFE70498039900EB4111D1F8000B01
:104AA00040F00440C1F8000BFFE7002008B080BDD3
:104AB00085B004900391002002908DF807000498BF
:104AC00000900398407801283ED1FFE700980399B1
:104AD000097800EB4110D0F80009C00F98B3FFE748
:104AE00000980399097800EB4111D1F8000940F0D2
:104AF0000060C1F8000900980399097800EB4111A2
:104B0000D1F8000940F08040C1F80009FFE70298A1
:104B100001300290029842F21171884204D3FFE7FB
:104B200001208DF807000DE0FFE700980399097850
:104B300000EB4110D0F8000900F00040B0F1004F48
:104B4000E5D0FFE7FFE73DE000980399097800EB27
:104B50004110D0F8000BC00F98B3FFE700980399FD
:104B6000097800EB4111D1F8000B40F00060C1F86A
:104B7000000B00980399097800EB4111D1F8000B64
:104B800040F08040C1F8000BFFE70298013002902E
:104B9000029842F21171884204D3FFE701208DF898
:104BA00007000DE0FFE700980399097800EB41103A
:104BB000D0F8000B00F00040B0F1004FE5D0FFE767
:104BC000FFE7FFE79DF8070005B070470000000011
:104BD00081B000900099886840F001008860002052
:104BE00001B070470000000083B0019000200090E9
:104BF000FFE7009801300090009840F64151C0F264
:104C00000301884204D3FFE703208DF80B0027E05F
:104C1000FFE701980069C00F0028EAD0FFE70020F5
:104C20000090019910200861FFE700980130009082
:104C3000009840F64151C0F20301884204D3FFE7D7
:104C400003208DF80B000BE0FFE70198006900F0EE
:104C500010001028E9D0FFE700208DF80B00FFE7D7
:104C60009DF80B0003B0704784B0029001910020C2
:104C70000090FFE7009801300090009840F6415105
:104C8000C0F20301884204D3FFE703208DF80F0030
:104C900029E0FFE702980069C00F0028EAD0FFE78B
:104CA0000020009001988001203002990861FFE700
:104CB000009801300090009840F64151C0F2030185
:104CC000884204D3FFE703208DF80F000BE0FFE7D5
:104CD0000298006900F020002028E9D0FFE70020BA
:104CE0008DF80F00FFE79DF80F0004B0704700003B
:104CF00084B00390039802900298D0F8080800F05E
:104D000006000090009820B9FFE700208DF807000A
:104D100010E00098022804D0FFE70098062804D18C
:104D2000FFE702208DF8070003E00F208DF8070051
:104D3000FFE7FFE79DF8070004B0704700000000A0
:104D400081B000900098406900F0010001B0704708
:104D500083B00290029801900198D0F81808009052
:104D60000198D0F81C18009808400090BDF8000089
:104D700003B070470000000083B0029002980190D9
:104D80000198D0F8180800900198D0F81C180098E5
:104D900008400090BDF8020003B07047000000001A
:104DA00086B005908DF81310059803900398D0F8FD
:104DB000100801900398D0F83408009000989DF8EE
:104DC000131001F00F01C84000F00101019840EA02
:104DD000C110019003989DF8131000EB4110D0F81A
:104DE0000809019908400290029806B07047000037
:104DF00084B003908DF80B100398019001989DF8F2
:104E00000B1000EB4110D0F8080B00900198D0F87F
:104E10001418009808400090009804B070470000F3
:104E200082B00190019840690090019881690098D2
:104E300008400090009802B0704700000000000099
:104E400089B008900791ADF81A2008980590079846
:104E50000490BDF81A0080080190BDF81A0000F017
:104E60000300ADF8020000200290FFE702980199CC
:104E7000884217D2FFE705984FF4805140580499B3
:104E8000086004980130049004980130049004985C
:104E900001300490049801300490FFE7029801303B
:104EA0000290E3E7BDF8020008B3FFE7002002909C
:104EB00005984FF4805140580390FFE703989DF800
:104EC0000810C900C8400499087002980130029087
:104ED000049801300490BDF802000138ADF80200DA
:104EE000FFE7BDF802000028E8D1FFE7FFE70498DC
:104EF00009B070470000000080B584B0ADF80E0026
:104F000041F68000C2F2004001680291006840F260
:104F10008201C2F2004188420CD1FFE740F28200D8
:104F2000C2F2004000F5806041F68001C2F200410B
:104F3000086009E041F68001C2F2004140F28200BF
:104F4000C2F200400860FFE741F68000C2F2004074
:104F5000016842F67C10C2F200400190FDF700F8B3
:104F60000198FCF7A1FF029840B1FFE7029840F6D4
:104F70008871C2F20041F9F7DBFDFFE704B080BDA4
:104F800080B586B004908DF80F100020029004992F
:104F9000C86820F0C040C8609DF80F00012823D1E8
:104FA000FFE70499C86840F00050C860FFE701209F
:104FB000F0F752FD029801300290FFE70498FFF7E6
:104FC000BFFE014600200129019007D0FFE70299AA
:104FD0000020322938BF01200190FFE70198C00767
:104FE0000028E4D1FFE72AE09DF80F0010BBFFE79F
:104FF0000499C86840F08040C860FFE70120F0F7DE
:105000002BFD029801300290FFE70498FFF798FE0D
:1050100001460020009039B1FFE7029900203229B3
:1050200038BF01200090FFE70098C0070028E5D1B5
:10503000FFE703E001208DF817000CE0FFE702987E
:10504000322804D1FFE701208DF8170003E000208B
:105050008DF81700FFE79DF8170006B080BD00002F
:1050600083B002908DF80710029800900099D1F853
:10507000000820F4FE60C1F800089DF8070000F069
:105080007F020099D1F8000840EA0210C1F8000838
:10509000002003B07047000083B002908DF8071025
:1050A000029800909DF807200099D1F8000810435D
:1050B000C1F80008002003B07047000000000000A5
:1050C00084B0039002918DF807209DF80700022814
:1050D00040F0B880FFE702984AF6C041C0F2D8011C
:1050E00088420BD3FFE702984EF2BF11C0F2E401F1
:1050F000884203D8FFE70F200090A2E002984EF20A
:10510000C011C0F2E40188420BD3FFE7029842F2DB
:10511000FF31C0F2F401884203D8FFE70E2000906F
:105120008EE0029842F20041C0F2F40188420BD3B3
:10513000FFE7029847F27F31C0F20611884203D898
:10514000FFE70D2000907AE0029847F28031C0F22C
:10515000061188420BD3FFE7029844F69F11C0F274
:105160001A11884203D8FFE70C20009066E00298ED
:1051700044F6A011C0F21A1188420BD3FFE702983F
:1051800042F6FF41C0F23111884203D8FFE70B20FD
:10519000009052E0029842F60051C0F2311188426C
:1051A0000BD3FFE702984AF23F41C0F24C1188420C
:1051B00003D8FFE70A2000903EE002984AF24041FF
:1051C000C0F24C1188420BD3FFE7029843F2FF5123
:1051D000C0F26E11884203D8FFE7092000902AE050
:1051E000029843F20061C0F26E1188420BD3FFE7D0
:1051F00002984AF61F31C0F2A611884203D8FFE791
:105200000820009016E002984AF62031C0F2A6115C
:1052100088420BD3FFE7029844F2FF71C0F2E81115
:10522000884203D8FFE70720009002E006200090A4
:10523000FFE7FFE7FFE7FFE7FFE7FFE7FFE7FFE73E
:10524000FFE70AE09DF8070018B9FFE70920009082
:1052500002E009200090FFE7FFE70399C86820F407
:105260007050C860009800F00F020399C86840EAC7
:105270008220C860002004B07047000000000000D9
:1052800080B588B084460A98CDF81CC006918DF888
:105290001720ADF814308DF8130007980390069886
:1052A00002909DF8130048BBFFE7BDF814000330DF
:1052B0008008019000200090FFE700980199884243
:1052C0001BD2FFE70298006803999DF8172001EBB5
:1052D00002314FF4805288500298013002900298B7
:1052E0000130029002980130029002980130029041
:1052F000FFE7009801300090DFE7FFE7002008B0EB
:1053000080BD00000000000080B582B00190ADF8C3
:1053100002100198D0F8800000680068000300289F
:1053200000F18C81FFE70198D0F88000006810211F
:10533000C4F20201884200F0A280FFE70198D0F891
:10534000800000682821C4F20201884200F09780A2
:10535000FFE70198D0F8800000684021C4F2020104
:10536000884200F08C80FFE70198D0F88000006848
:105370005821C4F20201884200F08180FFE70198C1
:10538000D0F8800000687021C4F20201884276D013
:10539000FFE70198D0F8800000688821C4F202017C
:1053A00088426CD0FFE70198D0F880000068A02107
:1053B000C4F20201884262D0FFE70198D0F8800071
:1053C0000068B821C4F20201884258D0FFE7019872
:1053D000D0F88000006840F21041C4F20201884217
:1053E0004DD0FFE70198D0F88000006840F22841D6
:1053F000C4F20201884242D0FFE70198D0F8800051
:10540000006840F24041C4F20201884237D0FFE711
:105410000198D0F88000006840F25841C4F20201BF
:1054200088422CD0FFE70198D0F88000006840F255
:105430007041C4F20201884221D0FFE70198D0F800
:105440008000006840F28841C4F20201884216D010
:10545000FFE70198D0F88000006840F2A041C4F254
:10546000020188420BD0FFE70198D0F88000006865
:1054700040F2B841C4F20201884209D1FFE7019825
:10548000D0F880000168086820F00100086008E09A
:105490000198D0F880000168086820F001000860D9
:1054A000FFE70198D0F880000168086840F4002008
:1054B00008600198D0F8800000681021C4F2020151
:1054C000884200F0A280FFE70198D0F880000068D1
:1054D0002821C4F20201884200F09780FFE701987A
:1054E000D0F8800000684021C4F20201884200F038
:1054F0008C80FFE70198D0F8800000685821C4F242
:105500000201884200F08180FFE70198D0F8800016
:1055100000687021C4F20201884276D0FFE701984A
:10552000D0F8800000688821C4F2020188426CD063
:10553000FFE70198D0F880000068A021C4F20201C2
:10554000884262D0FFE70198D0F880000068B82157
:10555000C4F20201884258D0FFE70198D0F88000D9
:10556000006840F21041C4F2020188424DD0FFE7CA
:105570000198D0F88000006840F22841C4F202018E
:10558000884242D0FFE70198D0F88000006840F2DE
:105590004041C4F20201884237D0FFE70198D0F8B9
:1055A0008000006840F25841C4F2020188422CD0C9
:1055B000FFE70198D0F88000006840F27041C4F223
:1055C0000201884221D0FFE70198D0F880000068EE
:1055D00040F28841C4F20201884216D0FFE70198E8
:1055E000D0F88000006840F2A041C4F20201884275
:1055F0000BD0FFE70198D0F88000006840F2B84176
:10560000C4F20201884207D1FFE70198D0F8800078
:1056100001683E20486006E00198D0F880000168EB
:105620003E204860FFE740F24400C2F2004041F2F1
:105630001441C2F20041FAF7CFF88BE10198D0F89B
:10564000800000681021C4F20201884200F0A280AC
:10565000FFE70198D0F8800000682821C4F2020119
:10566000884200F09780FFE70198D0F8800000683A
:105670004021C4F20201884200F08C80FFE70198CB
:10568000D0F8800000685821C4F20201884200F07E
:105690008180FFE70198D0F8800000687021C4F293
:1056A0000201884276D0FFE70198D0F880000068B8
:1056B0008821C4F2020188426CD0FFE70198D0F83B
:1056C00080000068A021C4F20201884262D0FFE796
:1056D0000198D0F880000068B821C4F20201884225
:1056E00058D0FFE70198D0F88000006840F21041E0
:1056F000C4F2020188424DD0FFE70198D0F8800043
:10570000006840F22841C4F20201884242D0FFE71B
:105710000198D0F88000006840F24041C4F20201D4
:10572000884237D0FFE70198D0F88000006840F247
:105730005841C4F2020188422CD0FFE70198D0F80A
:105740008000006840F27041C4F20201884221D01A
:10575000FFE70198D0F88000006840F28841C4F269
:105760000201884216D0FFE70198D0F88000006857
:1057700040F2A041C4F2020188420BD0FFE7019839
:10578000D0F88000006840F2B841C4F202018842BB
:1057900009D1FFE70198D0F880000168086820F07F
:1057A0000100086008E00198D0F8800001680868EE
:1057B00020F001000860FFE70198D0F88000016840
:1057C000086820F4002008600198D0F88000006884
:1057D0001021C4F20201884200F0A280FFE7019884
:1057E000D0F8800000682821C4F20201884200F04D
:1057F0009780FFE70198D0F8800000684021C4F24C
:105800000201884200F08C80FFE70198D0F8800008
:1058100000685821C4F20201884200F08180FFE74D
:105820000198D0F8800000687021C4F2020188421B
:1058300076D0FFE70198D0F8800000688821C4F294
:10584000020188426CD0FFE70198D0F88000006820
:10585000A021C4F20201884262D0FFE70198D0F88B
:1058600080000068B821C4F20201884258D0FFE7E6
:105870000198D0F88000006840F21041C4F20201A3
:1058800088424DD0FFE70198D0F88000006840F2D0
:105890002841C4F20201884242D0FFE70198D0F8C3
:1058A0008000006840F24041C4F20201884237D0D3
:1058B000FFE70198D0F88000006840F25841C4F238
:1058C000020188422CD0FFE70198D0F880000068E0
:1058D00040F27041C4F20201884221D0FFE70198F2
:1058E000D0F88000006840F28841C4F2020188428A
:1058F00016D0FFE70198D0F88000006840F2A04180
:10590000C4F2020188420BD0FFE70198D0F8800072
:10591000006840F2B841C4F20201884207D1FFE7B3
:105920000198D0F8800001683E20486006E00198A8
:10593000D0F8800001683E204860FFE740F2440054
:10594000C2F200401F3041F21441C2F20041F9F7A7
:1059500043FFFFE70198D0F8800000681021C4F2EF
:105960000201884200F0A280FFE70198D0F8800091
:1059700000682821C4F20201884200F09780FFE706
:105980000198D0F8800000684021C4F202018842EA
:1059900000F08C80FFE70198D0F880000068582163
:1059A000C4F20201884200F08180FFE70198D0F83C
:1059B000800000687021C4F20201884276D0FFE7BF
:1059C0000198D0F8800000688821C4F20201884262
:1059D0006CD0FFE70198D0F880000068A021C4F2E5
:1059E0000201884262D0FFE70198D0F88000006889
:1059F000B821C4F20201884258D0FFE70198D0F8DC
:105A00008000006840F21041C4F2020188424DD08B
:105A1000FFE70198D0F88000006840F22841C4F206
:105A20000201884242D0FFE70198D0F88000006868
:105A300040F24041C4F20201884237D0FFE70198AA
:105A4000D0F88000006840F25841C4F20201884258
:105A50002CD0FFE70198D0F88000006840F2704138
:105A6000C4F20201884221D0FFE70198D0F88000FB
:105A7000006840F28841C4F20201884216D0FFE774
:105A80000198D0F88000006840F2A041C4F2020101
:105A900088420BD0FFE70198D0F88000006840F200
:105AA000B841C4F20201884209D1FFE70198D0F859
:105AB00080000168086840F00100086008E0019873
:105AC000D0F880000168086840F001000860FFE736
:105AD00002B080BD0000000080B582B00190ADF83A
:105AE00002100198D0F880000068006800030028C8
:105AF00000F19281FFE70198D0F880000068102142
:105B0000C4F20201884200F0A280FFE70198D0F8B9
:105B1000800000682821C4F20201884200F09780CA
:105B2000FFE70198D0F8800000684021C4F202012C
:105B3000884200F08C80FFE70198D0F88000006870
:105B40005821C4F20201884200F08180FFE70198E9
:105B5000D0F8800000687021C4F20201884276D03B
:105B6000FFE70198D0F8800000688821C4F20201A4
:105B700088426CD0FFE70198D0F880000068A0212F
:105B8000C4F20201884262D0FFE70198D0F8800099
:105B90000068B821C4F20201884258D0FFE701989A
:105BA000D0F88000006840F21041C4F2020188423F
:105BB0004DD0FFE70198D0F88000006840F22841FE
:105BC000C4F20201884242D0FFE70198D0F8800079
:105BD000006840F24041C4F20201884237D0FFE73A
:105BE0000198D0F88000006840F25841C4F20201E8
:105BF00088422CD0FFE70198D0F88000006840F27E
:105C00007041C4F20201884221D0FFE70198D0F828
:105C10008000006840F28841C4F20201884216D038
:105C2000FFE70198D0F88000006840F2A041C4F27C
:105C3000020188420BD0FFE70198D0F8800000688D
:105C400040F2B841C4F20201884209D1FFE701984D
:105C5000D0F880000168086820F00100086008E0C2
:105C60000198D0F880000168086820F00100086001
:105C7000FFE70198D0F880000168086840F4002030
:105C800008600198D0F8800000681021C4F2020179
:105C9000884200F0A280FFE70198D0F880000068F9
:105CA0002821C4F20201884200F09780FFE70198A2
:105CB000D0F8800000684021C4F20201884200F060
:105CC0008C80FFE70198D0F8800000685821C4F26A
:105CD0000201884200F08180FFE70198D0F880003F
:105CE00000687021C4F20201884276D0FFE7019873
:105CF000D0F8800000688821C4F2020188426CD08C
:105D0000FFE70198D0F880000068A021C4F20201EA
:105D1000884262D0FFE70198D0F880000068B8217F
:105D2000C4F20201884258D0FFE70198D0F8800001
:105D3000006840F21041C4F2020188424DD0FFE7F2
:105D40000198D0F88000006840F22841C4F20201B6
:105D5000884242D0FFE70198D0F88000006840F206
:105D60004041C4F20201884237D0FFE70198D0F8E1
:105D70008000006840F25841C4F2020188422CD0F1
:105D8000FFE70198D0F88000006840F27041C4F24B
:105D90000201884221D0FFE70198D0F88000006816
:105DA00040F28841C4F20201884216D0FFE7019810
:105DB000D0F88000006840F2A041C4F2020188429D
:105DC0000BD0FFE70198D0F88000006840F2B8419E
:105DD000C4F20201884207D1FFE70198D0F88000A1
:105DE00001682020486006E00198D0F88000016832
:105DF00020204860FFE7BDF8020010280BD1FFE724
:105E000040F22400C2F2004041F68401C2F2004197
:105E100000F04AFEFFE791E10198D0F880000068A9
:105E20001021C4F20201884200F0A280FFE701982D
:105E3000D0F8800000682821C4F20201884200F0F6
:105E40009780FFE70198D0F8800000684021C4F2F5
:105E50000201884200F08C80FFE70198D0F88000B2
:105E600000685821C4F20201884200F08180FFE7F7
:105E70000198D0F8800000687021C4F202018842C5
:105E800076D0FFE70198D0F8800000688821C4F23E
:105E9000020188426CD0FFE70198D0F880000068CA
:105EA000A021C4F20201884262D0FFE70198D0F835
:105EB00080000068B821C4F20201884258D0FFE790
:105EC0000198D0F88000006840F21041C4F202014D
:105ED00088424DD0FFE70198D0F88000006840F27A
:105EE0002841C4F20201884242D0FFE70198D0F86D
:105EF0008000006840F24041C4F20201884237D07D
:105F0000FFE70198D0F88000006840F25841C4F2E1
:105F1000020188422CD0FFE70198D0F88000006889
:105F200040F27041C4F20201884221D0FFE701989B
:105F3000D0F88000006840F28841C4F20201884233
:105F400016D0FFE70198D0F88000006840F2A04129
:105F5000C4F2020188420BD0FFE70198D0F880001C
:105F6000006840F2B841C4F20201884209D1FFE75B
:105F70000198D0F880000168086820F001000860EE
:105F800008E00198D0F880000168086820F001005E
:105F90000860FFE70198D0F880000168086820F4E5
:105FA000002008600198D0F8800000681021C4F239
:105FB0000201884200F0A280FFE70198D0F880003B
:105FC00000682821C4F20201884200F09780FFE7B0
:105FD0000198D0F8800000684021C4F20201884294
:105FE00000F08C80FFE70198D0F88000006858210D
:105FF000C4F20201884200F08180FFE70198D0F8E6
:10600000800000687021C4F20201884276D0FFE768
:106010000198D0F8800000688821C4F2020188420B
:106020006CD0FFE70198D0F880000068A021C4F28E
:106030000201884262D0FFE70198D0F88000006832
:10604000B821C4F20201884258D0FFE70198D0F885
:106050008000006840F21041C4F2020188424DD035
:10606000FFE70198D0F88000006840F22841C4F2B0
:106070000201884242D0FFE70198D0F88000006812
:1060800040F24041C4F20201884237D0FFE7019854
:10609000D0F88000006840F25841C4F20201884202
:1060A0002CD0FFE70198D0F88000006840F27041E2
:1060B000C4F20201884221D0FFE70198D0F88000A5
:1060C000006840F28841C4F20201884216D0FFE71E
:1060D0000198D0F88000006840F2A041C4F20201AB
:1060E00088420BD0FFE70198D0F88000006840F2AA
:1060F000B841C4F20201884207D1FFE70198D0F805
:10610000800001682020486006E00198D0F88000F7
:10611000016820204860FFE7BDF8020010280CD17C
:10612000FFE740F22400C2F20040103041F6840143
:10613000C2F2004100F0B8FCFFE7FFE70198D0F899
:10614000800000681021C4F20201884200F0A280A1
:10615000FFE70198D0F8800000682821C4F202010E
:10616000884200F09780FFE70198D0F8800000682F
:106170004021C4F20201884200F08C80FFE70198C0
:10618000D0F8800000685821C4F20201884200F073
:106190008180FFE70198D0F8800000687021C4F288
:1061A0000201884276D0FFE70198D0F880000068AD
:1061B0008821C4F2020188426CD0FFE70198D0F830
:1061C00080000068A021C4F20201884262D0FFE78B
:1061D0000198D0F880000068B821C4F2020188421A
:1061E00058D0FFE70198D0F88000006840F21041D5
:1061F000C4F2020188424DD0FFE70198D0F8800038
:10620000006840F22841C4F20201884242D0FFE710
:106210000198D0F88000006840F24041C4F20201C9
:10622000884237D0FFE70198D0F88000006840F23C
:106230005841C4F2020188422CD0FFE70198D0F8FF
:106240008000006840F27041C4F20201884221D00F
:10625000FFE70198D0F88000006840F28841C4F25E
:106260000201884216D0FFE70198D0F8800000684C
:1062700040F2A041C4F2020188420BD0FFE701982E
:10628000D0F88000006840F2B841C4F202018842B0
:1062900009D1FFE70198D0F880000168086840F054
:1062A0000100086008E00198D0F8800001680868E3
:1062B00040F001000860FFE702B080BD0000000070
:1062C00080B582B00190ADF802100198D0F880003E
:1062D000006800680003002800F19281FFE7019840
:1062E000D0F8800000681021C4F20201884200F05A
:1062F000A280FFE70198D0F8800000682821C4F24E
:106300000201884200F09780FFE70198D0F88000F2
:1063100000684021C4F20201884200F08C80FFE74F
:106320000198D0F8800000685821C4F20201884228
:1063300000F08180FFE70198D0F8800000687021AC
:10634000C4F20201884276D0FFE70198D0F88000BD
:1063500000688821C4F2020188426CD0FFE70198EE
:10636000D0F880000068A021C4F20201884262D007
:10637000FFE70198D0F880000068B821C4F202015C
:10638000884258D0FFE70198D0F88000006840F2BA
:106390001041C4F2020188424DD0FFE70198D0F8C5
:1063A0008000006840F22841C4F20201884242D0D5
:1063B000FFE70198D0F88000006840F24041C4F245
:1063C0000201884237D0FFE70198D0F880000068CA
:1063D00040F25841C4F2020188422CD0FFE70198F4
:1063E000D0F88000006840F27041C4F20201884297
:1063F00021D0FFE70198D0F88000006840F2884182
:10640000C4F20201884216D0FFE70198D0F880005C
:10641000006840F2A041C4F2020188420BD0FFE7BD
:106420000198D0F88000006840F2B841C4F202013F
:10643000884209D1FFE70198D0F880000168086818
:1064400020F00100086008E00198D0F880000168A1
:10645000086820F001000860FFE70198D0F880008C
:106460000168086840F4002008600198D0F88000B6
:1064700000681021C4F20201884200F0A280FFE708
:106480000198D0F8800000682821C4F202018842F7
:1064900000F09780FFE70198D0F880000068402165
:1064A000C4F20201884200F08C80FFE70198D0F826
:1064B000800000685821C4F20201884200F0818007
:1064C000FFE70198D0F8800000687021C4F2020153
:1064D000884276D0FFE70198D0F8800000688821D4
:1064E000C4F2020188426CD0FFE70198D0F8800026
:1064F0000068A021C4F20201884262D0FFE701983F
:10650000D0F880000068B821C4F20201884258D057
:10651000FFE70198D0F88000006840F21041C4F213
:10652000020188424DD0FFE70198D0F88000006852
:1065300040F22841C4F20201884242D0FFE70198AC
:10654000D0F88000006840F24041C4F20201884265
:1065500037D0FFE70198D0F88000006840F258413A
:10656000C4F2020188422CD0FFE70198D0F88000E5
:10657000006840F27041C4F20201884221D0FFE776
:106580000198D0F88000006840F28841C4F202010E
:10659000884216D0FFE70198D0F88000006840F2EA
:1065A000A041C4F2020188420BD0FFE70198D0F865
:1065B0008000006840F2B841C4F20201884207D16D
:1065C000FFE70198D0F8800001682420486006E0C9
:1065D0000198D0F88000016824204860FFE7BDF8EA
:1065E000020012280BD1FFE740F20000C2F2004087
:1065F00043F69021C2F20041F8F726FFFFE791E150
:106600000198D0F8800000681021C4F2020188428D
:1066100000F0A280FFE70198D0F8800000682821F0
:10662000C4F20201884200F09780FFE70198D0F899
:10663000800000684021C4F20201884200F08C8092
:10664000FFE70198D0F8800000685821C4F20201E9
:10665000884200F08180FFE70198D0F88000006850
:106660007021C4F20201884276D0FFE70198D0F889
:10667000800000688821C4F2020188426CD0FFE7E4
:106680000198D0F880000068A021C4F2020188427D
:1066900062D0FFE70198D0F880000068B821C4F20A
:1066A0000201884258D0FFE70198D0F880000068C6
:1066B00040F21041C4F2020188424DD0FFE7019838
:1066C000D0F88000006840F22841C4F202018842FC
:1066D00042D0FFE70198D0F88000006840F24041C6
:1066E000C4F20201884237D0FFE70198D0F8800059
:1066F000006840F25841C4F2020188422CD0FFE702
:106700000198D0F88000006840F27041C4F20201A4
:10671000884221D0FFE70198D0F88000006840F25D
:106720008841C4F20201884216D0FFE70198D0F8F0
:106730008000006840F2A041C4F2020188420BD000
:10674000FFE70198D0F88000006840F2B841C4F239
:106750000201884209D1FFE70198D0F88000016862
:10676000086820F00100086008E00198D0F8800077
:106770000168086820F001000860FFE70198D0F880
:1067800080000168086820F4002008600198D0F8B3
:10679000800000681021C4F20201884200F0A2804B
:1067A000FFE70198D0F8800000682821C4F20201B8
:1067B000884200F09780FFE70198D0F880000068D9
:1067C0004021C4F20201884200F08C80FFE701986A
:1067D000D0F8800000685821C4F20201884200F01D
:1067E0008180FFE70198D0F8800000687021C4F232
:1067F0000201884276D0FFE70198D0F88000006857
:106800008821C4F2020188426CD0FFE70198D0F8D9
:1068100080000068A021C4F20201884262D0FFE734
:106820000198D0F880000068B821C4F202018842C3
:1068300058D0FFE70198D0F88000006840F210417E
:10684000C4F2020188424DD0FFE70198D0F88000E1
:10685000006840F22841C4F20201884242D0FFE7BA
:106860000198D0F88000006840F24041C4F2020173
:10687000884237D0FFE70198D0F88000006840F2E6
:106880005841C4F2020188422CD0FFE70198D0F8A9
:106890008000006840F27041C4F20201884221D0B9
:1068A000FFE70198D0F88000006840F28841C4F208
:1068B0000201884216D0FFE70198D0F880000068F6
:1068C00040F2A041C4F2020188420BD0FFE70198D8
:1068D000D0F88000006840F2B841C4F2020188425A
:1068E00007D1FFE70198D0F88000016824204860B4
:1068F00006E00198D0F88000016824204860FFE796
:10690000BDF8020012280CD1FFE740F20000C2F2ED
:106910000040123043F69021C2F20041F8F794FD96
:10692000FFE7FFE70198D0F8800000681021C4F26B
:106930000201884200F0A280FFE70198D0F88000B1
:1069400000682821C4F20201884200F09780FFE726
:106950000198D0F8800000684021C4F2020188420A
:1069600000F08C80FFE70198D0F880000068582183
:10697000C4F20201884200F08180FFE70198D0F85C
:10698000800000687021C4F20201884276D0FFE7DF
:106990000198D0F8800000688821C4F20201884282
:1069A0006CD0FFE70198D0F880000068A021C4F205
:1069B0000201884262D0FFE70198D0F880000068A9
:1069C000B821C4F20201884258D0FFE70198D0F8FC
:1069D0008000006840F21041C4F2020188424DD0AC
:1069E000FFE70198D0F88000006840F22841C4F227
:1069F0000201884242D0FFE70198D0F88000006889
:106A000040F24041C4F20201884237D0FFE70198CA
:106A1000D0F88000006840F25841C4F20201884278
:106A20002CD0FFE70198D0F88000006840F2704158
:106A3000C4F20201884221D0FFE70198D0F880001B
:106A4000006840F28841C4F20201884216D0FFE794
:106A50000198D0F88000006840F2A041C4F2020121
:106A600088420BD0FFE70198D0F88000006840F220
:106A7000B841C4F20201884209D1FFE70198D0F879
:106A800080000168086840F00100086008E0019893
:106A9000D0F880000168086840F001000860FFE756
:106AA00002B080BD0000000080B582B0019000916E
:106AB000019801780198407840EA01200099088007
:106AC000009800884FF6EE5188424AD1FFE70198BE
:106AD0008078009988700198C0780199097940EA16
:106AE00001200099A1F80300019840790199897962
:106AF00040EA01200099A1F805000198C0790199A8
:106B0000097A40EA01200199497A40EA0140019955
:106B1000897A40EA01600099C1F807000198C07ABB
:106B20000099C8720198007B0199497B40EA0120D5
:106B3000009988810198807B0199C97B40EA0120F6
:106B40000099C8810198102100F066FB38B1FFE779
:106B50000099887800F00F0000F006F800E001E0EE
:106B600000E0FFE702B080BD82B08DF80700009121
:106B700002B0704700000000FFE7FEE700000000E1
:106B800080B598B0179016918DED150A1698406F44
:106B900042F69401C2F2004108601698406942F63C
:106BA0009801C2F200410860179890ED040A8DED3B
:106BB000010A90ED180A00F019FCB0EE401A9DEDA4
:106BC000010A20EE010A179880ED080A179890ED47
:106BD000010A8DED020A90ED170A00F007FCB0EEF5
:106BE000401A9DED020A20EE010A179880ED060A70
:106BF000179890ED000A8DED040A90ED040A8DEDD2
:106C0000030A90ED180A00F0A9FB9DED031AB0EEFF
:106C1000402A9DED040A01EE020A179880ED070A4A
:106C2000179890ED010A8DED050A90ED170A00F016
:106C300095FBB0EE401A9DED050A20EE010A17986B
:106C400080ED050A179890ED053A90ED062A90ED33
:106C5000071A90ED080A31EE431A30EE420A20EE90
:106C6000000A01EE010AB7EEC00A02F029FFB7EEF2
:106C7000C00B179880ED0F0A179890ED020A90ED5F
:106C8000052A90ED071A30EE000A31EE421A20EE86
:106C9000010A80ED120A179890ED020A90ED062A7B
:106CA00090ED081A30EE000A31EE421A20EE010A89
:106CB00080ED130A179890ED022A90ED031A90EDDB
:106CC0000F0A20EE000A02EE020A01EE410A80EDF0
:106CD000140A179890ED122A90ED130A90ED141AE9
:106CE000B7EEC03A8DED063B20EE000A02EE020A36
:106CF00001EE410AB7EEC00A02F0E2FEB0EE401B20
:106D00009DED060B30EE010BB7EEC00B179890ED22
:106D1000121A90ED142A71EE020A02F07BFD30EE99
:106D2000000A179880ED150A179890ED020A8DED6C
:106D3000090A90ED061A90ED082A90ED150A31EE39
:106D4000421A8DED0A1A00F051FB9DED091AB0EEC2
:106D5000402A9DED0A0A01EE020A8DED0D0A1798F0
:106D600090ED020A8DED0C0A90ED051A90ED072AC0
:106D700090ED150A31EE421A8DED0B1A00F0EEFA85
:106D8000DDED0B0A9DED0C1AB0EE402A9DED0D0ACB
:106D900041EE020A02F03EFD179880ED160A1798A0
:106DA00090ED010A8DED0F0A90ED170A00F0D6FA6A
:106DB0008DED0E0A179890ED020A8DED100A90EDF8
:106DC000150A00F0CBFA9DED0E2A9DED0F1AB0EEDC
:106DD000403A9DED100A20EE030A01EE020A1798D0
:106DE00080ED090A179890ED010A8DED120A90EDD9
:106DF000170A00F0FBFA8DED110A179890ED020AC0
:106E00008DED130A90ED150A00F0F0FA9DED112AB0
:106E10009DED121AB0EE403A9DED130A20EE030AE2
:106E200001EE020A179880ED0A0A179890ED002AE1
:106E300090ED091A90ED0A0AB0EE003A8DED143A81
:106E400082EE032A31EE421A20EE000A01EE010A18
:106E5000B7EEC00A02F034FE9DED143AB7EEC00B57
:106E6000179880ED0B0A179890ED002A90ED091AFB
:106E700090ED0A0A82EE032A71EE420A02F0CAFC81
:106E8000179880ED0C0A179890ED0C1A9FED400AA8
:106E900030EE410A80ED0D0A179890F8AC0040B929
:106EA000FFE71799086B48641799012081F8AC0037
:106EB000FFE7179890ED0C0A90ED111A30EE410A99
:106EC0009DED151A80EE010A80ED100A179890EDDD
:106ED000100AB1EE400A80ED0E0A42F69400C2F2AA
:106EE000004090ED000A9FED2B1A30EE011A179822
:106EF00090ED0C0A30EE010A80ED220A42F698006D
:106F0000C2F2004090ED000AB1EE400A179890EDF1
:106F1000101A30EE410A80ED230A1799086B486475
:106F2000179890ED0B0A90ED281A30EE410A9DED6E
:106F3000151A80EE010A80ED260A179890ED260AB0
:106F400090ED291A30EE410A9DED151A80EE010AE6
:106F500080ED270A1799D1F89800C1F8A400179975
:106F6000C86AC1F8A000179890ED230A90ED241A82
:106F700030EE410A9DED151A80EE010A80ED250ADA
:106F80001799D1F88C00C1F8900018B080BD00BFEF
:106F9000DA0FC93FDA0FC9BF80B590B00F900F98D4
:106FA00090ED010A8DED010A90ED0C0A90ED161A94
:106FB00030EE410A00F01AFAB0EE401A9DED010AD7
:106FC00020EE010A8DED020A0F9890ED151A90ED52
:106FD000170A30EE410A00F009FAB0EE401A9DEDB2
:106FE000020A20EE010A8DED030A0F9890ED151AA2
:106FF00090ED160A30EE410A00F0F8F9B0EE401AB2
:107000009DED030A80EE010A0F9880ED190A0F9892
:1070100090ED010A8DED040A90ED0C0A90ED161A20
:1070200030EE410A00F09AF9B0EE401A9DED040AE4
:1070300020EE010A8DED050A0F9890ED151A90EDDE
:10704000170A30EE410A00F0D1F9B0EE401A9DED7A
:10705000050A20EE010A8DED070A0F9890ED0B0A44
:107060008DED060A90ED151A90ED160A30EE410AE4
:1070700000F0BCF99DED061AB0EE402A9DED070A1E
:1070800021EE021A80EE010A0F9880ED1A0A0F987D
:1070900090ED040A8DED080A90ED0C0A90ED151A9A
:1070A00030EE410A00F0A2F9B0EE401A9DED080A58
:1070B00020EE010A8DED090A0F9890ED160A90ED69
:1070C000181A30EE410A00F091F9B0EE401A9DED29
:1070D000090A20EE010A8DED0A0A0F9890ED151AA3
:1070E00090ED160A30EE410A00F080F9B0EE401A39
:1070F0009DED0A0A80EE010A0F9880ED1B0A0F9899
:1071000090ED040A8DED0B0A90ED0C0A90ED151A26
:1071100030EE410A00F022F9B0EE401A9DED0B0A64
:1071200020EE010A8DED0C0A0F9890ED160A90EDF5
:10713000181A30EE410A00F059F9B0EE401A9DEDF0
:107140000C0A20EE010A8DED0E0A0F9890ED0B0A45
:107150008DED0D0A90ED151A90ED160A30EE410AEC
:1071600000F044F99DED0D1AB0EE402A9DED0E0A97
:1071700021EE021A80EE010A0F9880ED1C0A0F988A
:1071800090ED191A90ED1A0A90ED1F2A90ED203A11
:1071900020EE030A01EE020A80ED1D0A0F9890ED21
:1071A0001B1A90ED1C0A90ED1F2A90ED203A20EE5C
:1071B000030A01EE020A80ED1E0A10B080BD000035
:1071C00081B00090009900200860009942F6F60016
:1071D000C3F65C604860009A40F64A41C3F682619B
:1071E0009160009AD1600099086101B07047000079
:1071F00080B582B040F69800C2F20040019000F5E0
:10720000B070FFF7C9FE019800F50870FFF7C4FEE3
:1072100002B080BD0000000080B586B004900391EC
:107220000020ADF80A00049820B1FFE70398022877
:1072300004D8FFE700208DF8170028E00498039990
:10724000023900220092EBF7FBFD01460098ADF8F1
:107250000A109DF80A10049B039A1A4412F8022C93
:10726000914201900DD1FFE79DF80B00049A03991C
:10727000114411F8011C401AB0FA80F04009019045
:10728000FFE7019800F001008DF81700FFE79DF877
:10729000170006B080BD000081B0ADF80200BDF956
:1072A000020000280ED4FFE7BDF9021001F01F0212
:1072B000012090404A094EF20011CEF2000141F83F
:1072C0002200FFE701B070474EF60C50CEF20000EE
:1072D0000068C0F30220704782B0ADF8060000914C
:1072E000BDF9060000280AD4FFE700980001BDF9A7
:1072F00006104EF20042CEF2000288540BE00098D5
:107300000001BDF8061001F00F014EF61452CEF246
:1073100000028854FFE702B0704700000000000040
:1073200083B00290029800F0070000904EF60C51D6
:10733000CEF200010868019001984FF6FF0210405C
:1073400001900198009A40EA02200022C0F2FA520D
:10735000104301900198086003B070479FED201A18
:10736000B5EE002A00EE012A9FED1E1ABDEEC20AFC
:10737000B5EEC02AF1EE10FA10EE100AB8BF0138CF
:1073800000EE100A0020B8EEC00A32EE400A9FED6F
:10739000162A20EE010ABCEEC01A11EE101A30EEC9
:1073A000021AB0EB512F18BF002102EE101A49F655
:1073B000105000FE010AC0F60100B8EE422A00EBB0
:1073C000810090ED011A30EE420AB7EE002A32EE4B
:1073D000402A20EE010A90ED001A02EE010A7047E1
:1073E00083F9223E00000044000000C49FED1F1AF4
:1073F00020EE010A9FED1F2ABDEEC01AB5EEC00AAD
:10740000F1EE10FA11EE100AB8BF013801EE100AC1
:107410000020B8EEC11A30EE410A9FED151A20EE99
:10742000010ABCEEC01A11EE101A30EE021AB0EBCF
:10743000512F18BF002102EE101A49F6105000FE1D
:10744000010AC0F60100B8EE422A00EB810090ED7F
:10745000011A30EE420AB7EE002A32EE402A20EE40
:10746000010A90ED001A02EE010A704783F9223EEC
:1074700000000044000000C480B58AB0E9F700F8BD
:1074800080200590E9F768FA55200690E9F764FA3C
:107490000698E9F761FA43F6AC21C2F2004108917F
:1074A0000870E8F7E1FF01200790EEF7D5FAE8F75A
:1074B000E7FF0598E9F750FA0698E9F74DFA0698BC
:1074C000E9F74AFA08990870E8F7CEFF0798EEF74F
:1074D000C3FAE8F7D5FF7E20B621E9F755FAE8F7B9
:1074E000C3FF5020EEF7B8FAE8F7CAFF0598E9F7AE
:1074F00033FA0698E9F730FA0698E9F72DFA089971
:107500000870E8F7B1FF0798EEF7A6FAE8F7B8FFBA
:107510000598E9F721FA0698E9F71EFA0698E9F7BF
:107520001BFA08990870E8F79FFF0798EEF794FA9E
:10753000089800781E2804D0FFE7FF208DF8270068
:1075400074E04BF20C31C2F2004100200870FFE7FA
:107550004BF20C30C2F200400078052862DCFFE7F5
:10756000E8F78EFF4BF20C30C2F200400390007837
:1075700000EB400241F2D000C2F2004004908118BA
:10758000805C4978E9F700FAE8F76EFF0120019086
:10759000EEF762FAE8F774FF03990498097801EBB3
:1075A0004101405C40F08000E9F7D6F95520009099
:1075B000E9F7D2F90098E9F7CFF943F6AC21C2F226
:1075C000004102910870E8F74FFF0198EEF744FA86
:1075D0000298039A04990078127802EB420211444F
:1075E0004978884215D0FFE74BF20C30C2F20040D8
:1075F000007800EB400141F2D000C2F200400844A4
:10760000827842F6A801C2F200410878104308705F
:10761000FFE7FFE74BF20C31C2F20041087801307E
:10762000087095E700208DF82700FFE79DF82700F8
:107630000AB080BD0000000080B588B0E8F738FFD0
:1076400043F6AC21C2F20041069100200490E9F714
:107650006FF9E8F721FF01200590EEF7FDF9E8F753
:1076600027FF04980699E9F763F9E8F715FF0598ED
:10767000EEF7F2F9E8F71CFF1420B621E9F784F9D8
:10768000E8F70AFF5020EEF7E7F9E8F711FF049852
:107690000699E9F74DF9E8F7FFFE0598EEF7DCF9F2
:1076A000E8F706FF04980699E9F742F9E8F7F4FECF
:1076B0000598EEF7D1F9069800780F2804D0FFE777
:1076C000FF208DF81F006DE04BF20C31C2F200413B
:1076D00000200870FFE74BF20C30C2F20040007847
:1076E00005285BDCFFE7E8F7E3FE4BF20C30C2F263
:1076F00000400290007800EB400241F2E200C2F24A
:10770000004003908118805C4978E9F73DF9E8F77B
:10771000C3FE01200090EEF79FF9E8F7C9FE029939
:107720000398097801EB4101405C43F6AC21C2F2B9
:1077300000410191E9F7FCF8E8F7AEFE0098EEF79A
:107740008BF90198029A03990078127802EB4202B1
:1077500011444978884218D0FFE74BF20C30C2F24E
:107760000040017801390170007800EB400141F2DE
:10777000D000C2F200400844827842F6A801C2F26A
:107780000041087810430870FFE7FFE74BF20C3127
:10779000C2F200410878013008709CE700208DF8A3
:1077A0001F00FFE79DF81F0008B080BD000000002B
:1077B00080B58EB00D90ADF832100B920A93BDF8E3
:1077C000320001900020029003900A98082804D803
:1077D000FFE70A980004049035E00A980C2804D1C9
:1077E000FFE74FF4102004902CE00A98102804D1F1
:1077F000FFE74FF42020049023E00A98142804D1D6
:10780000FFE74FF4302004901AE00A98182804D1BA
:10781000FFE74FF44020049011E00A98302804D18B
:10782000FFE74FF46020049008E00A98402804D154
:10783000FFE74FF470200490FFE7FFE7FFE7FFE763
:10784000FFE7FFE7FFE70020009005900690079014
:10785000089009900D980B9A01A9EEF7A1F90098EC
:107860000EB080BD0000000080B58AB040F69802DE
:10787000C2F20042089202F5B070D2F81012C2F8BB
:107880001412B2F9121100EE101AB8EEC00A9FEDF0
:10789000B45A80EE050AB3EE014A80EE040A9FED69
:1078A000B13A80EE031AB1EE410A30EE410A9FED83
:1078B000AE2A20EE020A9FEDAD1A20EE010A82EDFB
:1078C000840A02F508710091D2F8D012C2F8D412DD
:1078D000B2F9361100EE101AB8EEC00A80EE050AB1
:1078E00080EE040A80EE033AB1EE430A30EE430A1A
:1078F00020EE020A20EE010A82EDB40A41F258217C
:10790000C2F2004101918B6FC2F8FC3291ED060A80
:107910009FED971A20EE010A82EDC00A91ED1D0A33
:10792000B1EE400A82EDC10A0023C2F8043391EDA2
:10793000050AB1EE400A82EDC20A92ED391A9FEDB6
:107940008D0A31EE001A82ED701A92ED291A31EE8D
:10795000001A82ED6F1A92ED091A30EE411A82ED8B
:10796000A01A92ED191A30EE410A82ED9F0AB0EE8C
:10797000080A8DED020AFFF703F9009801999DEDC1
:10798000020AFFF7FDF8089890ED7B1A90ED840A43
:1079900030EE010A80ED870A90EDAB1A90EDB40A43
:1079A00030EE010A80EDB70A90ED7A0A90ED7E1A6A
:1079B0008DED041AFFF71AFD08988DED030A90ED7E
:1079C000631A90ED7A0A90ED7B2A21EE021A8DED72
:1079D000051AFFF7C3FC9DED032A9DED041A0898D4
:1079E000B0EE403A9DED050A20EE030A01EE020AD0
:1079F00080ED860A90EDAA0A90EDAE1A8DED071A79
:107A0000FFF7F4FC08988DED060A90ED931A90EDBF
:107A1000AA0A90EDAB2A21EE021A8DED091AFFF7A2
:107A20009DFC9DED062A9DED071A0898B0EE403AA0
:107A30009DED090A20EE030A01EE020A80EDB60A66
:107A400090ED863A90ED870A90EDB61A90EDB72A40
:107A500030EE030A30EE020A30EE010AB0EE001AF0
:107A600080EE010A80EDBA0A90ED841A90EDB40A16
:107A700030EE410A9FED401A80EE010A80EDC00A07
:107A800090ED630A90ED931A30EE010AB6EE001AFB
:107A900020EE010A80EDBB0A90ED520AB7EEC00A53
:107AA000B0EEC00B9FED2A1BB4EE410BF1EE10FAC5
:107AB0000ADBFFE740F69801C2F20041002081F89E
:107AC0000C03C1F8E4023EE040F69800C2F2004028
:107AD00090ED520AB7EEC00AB0EEC00B9FED1C1B32
:107AE000B4EE410BF1EE10FA12DCFFE740F698001D
:107AF000C2F2004090EDBA0AB7EEC00AB0EEC00B79
:107B00009FED151BB4EE410BF1EE10FA08DDFFE717
:107B100040F69800C2F2004090F80C0340B1FFE735
:107B200040F69801C2F20041012081F80C0309E0FF
:107B300040F69801C2F20041002081F80C03C1F820
:107B4000E402FFE7FFE70AB080BD00BF00BF00BF4F
:107B5000000000A09999A93F000000A09999C93F91
:107B60000000864300007042DB0F4940F4FD543DA5
:107B700034FA8E3CDA0FC93F23DBF93E00000000E7
:107B800080B58CB0FFE741F25820C2F2004090F877
:107B9000900020B9FFE7012000F076FBF3E7E9F75A
:107BA0005FFCFFE7FFF760FE40F69800C2F200407E
:107BB0000790B0F91211494200EE101AB8EEC00A4F
:107BC00041F25821C2F20041039191ED051A30EEC5
:107BD000410A90ED961A30EE010A4BF20831C2F2DA
:107BE000004181ED000A91ED000A8DED000A90ED53
:107BF000931A90EDAA0A90EDAB2A21EE021A8DEDB0
:107C0000011AFFF7ABFB9DED001A0798B0EE402A72
:107C10009DED010A20EE020A9FED422A8DED052A14
:107C200001EE020A8DED040A90EDAA0A90EDAE1A5B
:107C30008DED021AFFF7DAFB9DED021A0399079802
:107C4000B0EE402A9DED040A01EE020A4BF200322A
:107C5000C2F200420A9282ED000AB0F93621524285
:107C600000EE102AB8EEC00A91ED051A30EE010AB6
:107C700090ED661A30EE010A4BF20431C2F2004177
:107C800081ED000A91ED000A8DED060A90ED631A70
:107C900090ED7A0A90ED7B2A21EE021A8DED081AFA
:107CA000FFF75CFB9DED052A9DED061A0798B0EEE7
:107CB000403A9DED080A20EE030A01EE020A8DED1E
:107CC0000B0A90ED7A0A90ED7E1A8DED091AFFF7F6
:107CD0008DFB9DED091A0A99B0EE402A9DED0B0A25
:107CE00001EE020A4BF2FC20C2F2004080ED000AD5
:107CF00091ED000A90ED001A30EE410AB0EE001A44
:107D000080EE010A42F69C00C2F2004080ED000ABB
:107D1000F5F7A6FFFFF76CFAF5F77AFFE9F748FBEE
:107D200040E700BF22FD763D86B08DED050ACDED22
:107D3000040A8DED031A02909DED030A9DED041ACD
:107D400030EE410A8DED010A049800909DED050A80
:107D50009DED001A30EE410A029901208840013859
:107D600001EE100AB8EEC11A20EE010A9DED011ACB
:107D700080EE010ABDEEC00A10EE100A06B0704790
:107D800084B003908DED020ACDED010A8DED001A4D
:107D90000298039908600198039948600098039934
:107DA000886003994FF07E500863039947F6E150CD
:107DB000C0F601004867039947F66960C0F6010004
:107DC0008867039947F62160C0F60100C8670399E8
:107DD0004FF2C920C0F60000C1F8800004B070471F
:107DE00087B08DED061ACDED050A8DED040ACDEDB7
:107DF000032A8DED022ACDED011A00900099049816
:107E0000059A069B4B610A61C86000990198029A25
:107E1000039B0B62CA61886107B0704700000000D5
:107E200080B582B00190019890ED160A01F05CFCDB
:107E3000B1EE400A019880ED190A019890ED170AF9
:107E4000D0ED180A01F0E6FC019880ED1A0A0198BD
:107E5000D0ED100A90ED130A01F0DCFC019880EDE2
:107E60001B0A02B080BD000080B58AB00990099855
:107E700090ED062A90ED070A90ED081A20EE000A10
:107E800002EE020A01EE010AB7EEC00A01F018FE86
:107E9000B7EEC00B8DED080A099890ED060A9DED2E
:107EA000081A80EE010A80ED060A099890ED070A8B
:107EB0009DED081A80EE010A80ED070A099890ED01
:107EC000080A9DED081A80EE010A80ED080A09985B
:107ED00090ED070A90ED081A90ED172A90ED183AE8
:107EE00020EE030A01EE420A8DED070A099890ED93
:107EF000061A90ED080A90ED163A90ED182A20EE39
:107F0000030A01EE420A8DED060A099890ED060A71
:107F100090ED071A90ED162A90ED173A20EE030A1D
:107F200001EE420A8DED050A09989DED073A90EDA4
:107F3000011A90ED022A90ED090A21EE031A01EED2
:107F4000020A80ED090A09989DED063A90ED011AA2
:107F500090ED022A90ED0A0A21EE031A01EE020AC0
:107F600080ED0A0A09989DED053A90ED011A90ED11
:107F7000022A90ED0B0A21EE031A01EE020A80EDAF
:107F80000B0A09989DED073A90ED002A90ED030A3F
:107F900090ED091A02EE031A30EE010A80ED030A91
:107FA00009989DED063A90ED002A90ED040A90EDB7
:107FB0000A1A02EE031A30EE010A80ED040A09984B
:107FC0009DED053A90ED002A90ED050A90ED0B1A13
:107FD00002EE031A30EE010A80ED050A0998006BE3
:107FE00004900998406B03900998806B029009985F
:107FF000C06B0190099890ED020AB6EE001A20EECF
:10800000010A8DED000A9DED031A099890ED032AEF
:1080100090ED044A90ED053A90ED0C0A21EE421ADB
:108020009DED022A02EE441A9DED012A02EE431A4A
:108030009DED002A01EE020A80ED0C0A9DED042A56
:1080400009989DED021A90ED034A90ED043A90EDE7
:10805000055A90ED0D0A21EE051A02EE041A9DED67
:10806000012A02EE431A9DED002A01EE020A80ED7C
:108070000D0A9DED041A099890ED033A90ED042A3B
:1080800090ED054A90ED0E0A21EE021A9DED032AAD
:1080900002EE441A9DED012A02EE031A9DED002A1C
:1080A00001EE020A80ED0E0A9DED042A09989DED6D
:1080B000031A90ED033A90ED045A90ED054A90EDC5
:1080C0000F0A21EE051A02EE041A9DED022A02EEB5
:1080D000431A9DED002A01EE020A80ED0F0A09986D
:1080E00090ED0C3A90ED0D0A90ED0E2A90ED0F1ADE
:1080F00020EE000A03EE030A02EE020A01EE010A74
:10810000B7EEC00A01F0DCFCB7EEC00B8DED080A3B
:10811000099890ED0C0A9DED081A80EE010A80ED99
:108120000C0A099890ED0D0A9DED081A80EE010ADF
:1081300080ED0D0A099890ED0E0A9DED081A80EE6B
:10814000010A80ED0E0A099890ED0F0A9DED081ABC
:1081500080EE010A80ED0F0A0998D0F88010884758
:108160000AB080BD0000000080B584B000200390FC
:10817000EFF75AF9F7F788FCF6F73EF8F5F78CFEBB
:10818000F6F716F9F5F7E0FEF5F71AFFF6F748F9F6
:10819000F5F756FFF6F798F9F6F72EFAF6F7E4F941
:1081A000F6F776FA4FF4F070EAF716F9E8F7FCFB09
:1081B000F6F756FE41F28830EDF74EFCFFE743F24A
:1081C0008C60C2F200400021E8F726FB08B1FFE70F
:1081D000F5E740F60000C5F6020001904FF40051AB
:1081E00001220292EFF7F0F80198029A4FF48041D1
:1081F000EFF7EAF8EAF744FAEAF78EFAEAF7D8FA7C
:10820000F5F75EFF00F054F8FFE7FEE7000000001E
:1082100082B0ADF8060000200090BDF90600842869
:1082200007D0FFE7BDF9060000990844033000902D
:10823000FFE7009802B0704783B08DED020ACDEDE4
:10824000010A8DED001A9DED020A9DED011AB4EEB2
:10825000410AF1EE10FA03DAFFE7019802900DE00F
:108260009DED020A9DED001AB4EE410AF1EE10FAFE
:1082700003DDFFE700980290FFE7FFE79DED020AAC
:1082800003B070470000000080B584B003900398ED
:108290000290029818B1FFE70298019002E00120D5
:1082A0000190FFE7019800F08BFE002004B080BD34
:1082B00080B500F0BDFE002080BD00000000000081
:1082C00010B58AB00890079108980168029141683A
:1082D0000591018A039107990491B0F90800FFF70D
:1082E00097FF0299039A049B84460598EE4606ACD4
:1082F000CEF80440CEF800C000F0FEFF012803D005
:10830000FFE70020099002E006980990FFE709982E
:108310000AB010BD0000000080B584B00390029147
:108320004BF2A430C2F200400068009043F6F41013
:10833000C2F200400068043000F0BAFC88B9FFE7E0
:1083400043F6F410C2F200400068C16A012000FA4E
:1083500001F24BF2F821C2F2004108689043086034
:1083600000E0FFE70398013080B9FFE7029868B1A9
:10837000FFE743F6F410C2F200400068011D4BF223
:108380007C30C2F2004000F00FFD3DE00098039900
:1083900008440190019843F6F411C2F200410968C3
:1083A00048600198009988420ED2FFE743F600200A
:1083B000C2F20040006843F6F411C2F200410968BD
:1083C000043100F0B9FC1EE043F6F810C2F20040A0
:1083D000006843F6F411C2F200410968043100F06C
:1083E000ABFC01984BF24831C2F200410968884267
:1083F00007D2FFE701984BF24831C2F20041086012
:1084000000E0FFE7FFE7FFE704B080BD00000000E9
:1084100080B582B0019000F0F3FC4BF2E821C2F28B
:10842000004108680130086043F6F410C2F20040D1
:10843000006898B9FFE7019843F6F411C2F20041D1
:1084400008604BF2E820C2F200400068012803D126
:10845000FFE700F0A9F900E0FFE71CE04BF2703005
:10846000C2F200400068A0B9FFE743F6F410C2F280
:1084700000400068C06A0199C96A884207D8FFE7CE
:10848000019843F6F411C2F20041086000E0FFE7F2
:1084900000E0FFE7FFE74BF2F421C2F20041086879
:1084A000013008600198C16A012000FA01F24BF224
:1084B000F821C2F200410868104308600199C86AB7
:1084C00000EB800243F60420C2F2004000EB820081
:1084D000043100F069FC00F0BFFC4BF27030C2F2D6
:1084E00000400068C8B1FFE743F6F410C2F2004054
:1084F0000068C06A0199C96A88420CD2FFE74EF64B
:108500000451CEF200014FF080500860BFF34F8F4E
:10851000BFF36F8F00E0FFE700E0FFE702B080BD30
:1085200080B582B0FFE74BF2EC20C2F20040006859
:1085300008B3FFE700F064FC4BF29030C2F2004059
:10854000C068C06801900198043000F0B1FB4BF2A4
:10855000E821C2F200410868013808604BF2EC21C2
:10856000C2F2004108680138086000F075FC01980B
:1085700000F006F8D7E702B080BD00000000000060
:1085800080B582B001900198006B00F08DFC0198DD
:1085900000F08AFC02B080BD84B04FF4F04000903F
:1085A00043F6DC20C2F2004001909DF80400400731
:1085B00088B1FFE7019807300190019820F007008B
:1085C0000190019A43F6DC21C2F200410098891A19
:1085D00008440090FFE70198029002994BF2743032
:1085E000C2F200400160002141600298009A1044EC
:1085F0000190019808380190019820F0070001903F
:10860000019A43F6FC10C2F2004002600268516019
:1086100002681160029903910199039A891A5160C5
:10862000006803990860039840684BF24431C2F235
:1086300000410860039840684BF23C31C2F20041AF
:1086400008604BF21031C2F200414FF00040086068
:1086500004B070470000000080B582B00190FFE7D1
:10866000FFF75EFF43F60420C2F2004000680228D4
:108670000CD3FFE74EF60451CEF200014FF08050CC
:108680000860BFF34F8FBFF36F8F00E0FFE7E7E7AE
:1086900080B588B0DDF834C0DDF830C0DDF82CC01E
:1086A000DDF828C006900591049203930C98006BA6
:1086B000049900EB810004380290029820F0070032
:1086C00002909DF80800400758B1FFE74FF05000B6
:1086D00080F31188BFF36F8FBFF34F8F0790FFE7D1
:1086E000FEE70598F8B1FFE700200190FFE7019849
:1086F0000F2813D8FFE70598019A805C0C99114464
:1087000081F8340005980199405C08B9FFE705E05D
:10871000FFE7FFE7019801300190E8E70C9900209E
:1087200081F8430004E00C99002081F83400FFE751
:108730000A98072803D3FFE706200A9000E0FFE726
:108740000A980C99C8620A980C9948640C99002000
:10875000009088640C98043000F0E6FA0C98183009
:1087600000F0E2FA00980C9909610A99C1F1070139
:108770000C9A91610C9949620C99C8640C9981F822
:10878000500002980699039A00F012FA0C990860BA
:108790000B9820B1FFE70C980B99086000E0FFE709
:1087A00008B080BD0000000080B584B000200390B8
:1087B000FFE70398062810D8FFE7039800EB800135
:1087C00043F60420C2F2004000EB810000F094FA6E
:1087D000FFE7039801300390EBE74BF21430C2F24D
:1087E0000040019000F088FA4BF22830C2F20040BD
:1087F000029000F081FA4BF25C30C2F2004000F0CF
:108800007BFA4BF29030C2F2004000F075FA4BF266
:108810007C30C2F2004000F06FFA0199029843F6F2
:10882000F812C2F20042116043F60021C2F2004188
:10883000086004B080BD000083B002904BF2743039
:10884000C2F200400190FFE7019800680299884257
:1088500005D2FFE7FFE7019800680190F4E701986F
:10886000009000980199496808440299884209D10A
:10887000FFE70298426801994868104448600198EF
:10888000029000E0FFE70298009000980299496882
:10889000084401990968884220D1FFE701980068DF
:1088A00043F6FC11C2F20041096888420DD0FFE78F
:1088B000019800684268029948681044486001982D
:1088C000006800680299086007E043F6FC10C2F2F5
:1088D0000040006802990860FFE704E00198006822
:1088E00002990860FFE701980299884204D0FFE7E7
:1088F00002980199086000E0FFE703B070470000AC
:1089000008480068006880F308884FF0000080F392
:10891000148862B661B6BFF34F8FBFF36F8F00DF6D
:1089200000BF00BF08ED00E081B043F6F810C2F2CE
:1089300000400068006840B9FFE74BF24831C2F2DE
:1089400000414FF0FF3008600FE043F6F810C2F22C
:1089500000400068C068C0680090009840684BF212
:108960004831C2F200410860FFE701B070470000E3
:1089700083B00020009041F2CC00C2F200400068B9
:10898000013058B1FFE74FF0500080F31188BFF37A
:108990006F8FBFF34F8F0190FFE7FEE74FF050005E
:1089A00080F31188BFF36F8FBFF34F8F0290FFE703
:1089B000009808B9FFE7FBE703B07047000000002C
:1089C00080B58AB006900020029000F081FB43F64B
:1089D000FC10C2F20040006818B9FFE7FFF7DCFDA9
:1089E00000E0FFE706984BF21031C2F2004109683F
:1089F000084240F0C580FFE7069800B3FFE70698FD
:108A0000083006909DF818004007B0B1FFE70698BF
:108A100020F00700083006909DF81800400758B174
:108A2000FFE74FF0500080F31188BFF36F8FBFF363
:108A30004F8F0790FFE7FEE700E0FFE700E0FFE76A
:108A40000698002800F09A80FFE706984BF23C3128
:108A5000C2F200410968884200F29080FFE74BF2C1
:108A60007430C2F20040049000680590FFE705985A
:108A70004168069A00209142019007D2FFE70598CD
:108A80000068002818BF01200190FFE70198C00787
:108A900030B1FFE705980490059800680590E6E777
:108AA000059843F6FC11C2F200410968884263D080
:108AB000FFE7049800680830029005980068049960
:108AC0000860059840680699401A112821D3FFE7ED
:108AD00005980699084403909DF80C00400758B18A
:108AE000FFE74FF0500080F31188BFF36F8FBFF3A3
:108AF0004F8F0890FFE7FEE7059840680699401AF7
:108B0000039948600698059948600398FFF794FE1A
:108B100000E0FFE7059842684BF23C30C2F20040AB
:108B20000168891A016000684BF24431C2F20041C9
:108B3000096888420BD2FFE74BF23C30C2F200409A
:108B400000684BF24431C2F20041086000E0FFE7E8
:108B50004BF21030C2F20040026805994868104399
:108B600048600599002008604BF25031C2F2004184
:108B700008680130086000E0FFE700E0FFE700E080
:108B8000FFE700F0E1FC9DF80800400758B1FFE75F
:108B90004FF0500080F31188BFF36F8FBFF34F8FFA
:108BA0000990FFE7FEE702980AB080BD00000000D0
:108BB00083B00290019100920298043802900299C9
:108BC0004FF080700860029804380290019820F0FD
:108BD000010002990860029804380290029948F650
:108BE0007110C0F6010008600298143802900098D5
:108BF0000299086002980438029002996FF002000E
:108C00000860029820380290029803B07047000074
:108C1000FFE743F69020C2F20040407A022808D1D4
:108C2000FFE740F69801C2F20041002081F80D03F1
:108C300010E043F69020C2F20040407A032808D1A9
:108C4000FFE740F69801C2F20041012081F80D03D0
:108C5000FFE7FFE7DDE7000086B005908DED040A31
:108C6000CDED030A02919DED030A9DED041A30EE4D
:108C7000410A8DED010A049800909DED050AB8EEB9
:108C8000C00A9DED011A20EE010A029901208840D8
:108C9000013801EE100AB8EEC11A80EE010A9DED0E
:108CA000001A30EE010A06B0704700000000000014
:108CB00082B0019001980069009001984168806835
:108CC00088600199486889684860009840680199FF
:108CD000884205D1FFE7019880680099486000E06C
:108CE000FFE70199002008610099086801380860D1
:108CF0000098006802B0704781B00090009901F1BF
:108D00000800486000994FF0FF308860009901F139
:108D10000800C860009901F108000861009900206E
:108D2000086001B07047000081B0009000990020F9
:108D3000086101B07047000084B00390029102986E
:108D4000006800900098013020B9FFE7039800699F
:108D5000019010E0039808300190FFE70198406807
:108D600000680099884205D8FFE7FFE7019840684E
:108D70000190F3E7FFE70198406802994860029884
:108D8000416888600198029988600298019948605A
:108D9000039802990861039908680130086004B0DB
:108DA000704700000000000083B00290019102981B
:108DB0004068009000980199486000988068019987
:108DC00088600198009989684860019800998860D6
:108DD000029801990861029908680130086003B09F
:108DE0007047000000000000DFF80C00016841F44B
:108DF00070010160704700BF88ED00E000000000D6
:108E000082B04FF0500080F31188BFF36F8FBFF333
:108E10004F8F009041F2CC00C2F200400168013156
:108E200001600068012814D1FFE74EF60450CEF22D
:108E300000000068000658B1FFE74FF0500080F3D3
:108E40001188BFF36F8FBFF34F8F0190FFE7FEE7ED
:108E5000FFE702B07047000082B041F2CC00C2F2DE
:108E60000040006858B9FFE74FF0500080F31188C8
:108E7000BFF36F8FBFF34F8F0090FFE7FEE741F224
:108E8000CC00C2F20040016801390160006830B9CD
:108E9000FFE700200190019880F31188FFE702B0FE
:108EA000704700000000000080B586B00390039872
:108EB0000290039800285CD0FFE7029808380290DF
:108EC00002980190019840684BF21031C2F20041C3
:108ED000096808420BD1FFE74FF0500080F311887A
:108EE000BFF36F8FBFF34F8F0490FFE7FEE701984A
:108EF000006858B1FFE74FF0500080F31188BFF3CE
:108F00006F8FBFF34F8F0590FFE7FEE70198406832
:108F10004BF21031C2F200410968084227D0FFE746
:108F20000198006808BBFFE74BF21030C2F2004026
:108F30000268019948689043486000F0C9F80198B8
:108F400042684BF23C31C2F20041086810440860AC
:108F50000198FFF771FC4BF25431C2F200410868EE
:108F60000130086000F0F0FA00E0FFE700E0FFE702
:108F7000FFE706B080BD00004EF21001CEF2000106
:108F8000002008604EF21802CEF20002106040F697
:108F9000E070C2F20040006844F6D352C1F26202AF
:108FA000A0FB02024FF0FF3000EB92104EF21402D1
:108FB000CEF2000210600720086070470000000039
:108FC00080B584B00290002001900298E0B1FFE7E4
:108FD0004BF2F020C2F20040006858B1FFE74FF0BA
:108FE000500080F31188BFF36F8FBFF34F8F039052
:108FF000FFE7FEE700F06CF802980021FFF78CF91C
:1090000000F0A2FA019000E0FFE7019860B9FFE7E5
:109010004EF60451CEF200014FF080500860BFF3CD
:109020004F8FBFF36F8F00E0FFE704B080BD0000FB
:1090300080B586B04BF24031C2F2004168464160D3
:109040000023036048F25960C0F601004AF24B5118
:10905000C0F60101802200F04FF903900398012827
:1090600023D1FFE74FF0500080F31188BFF36F8FDB
:10907000BFF34F8F04904BF24831C2F200414FF0E2
:10908000FF3008604BF27031C2F2004101200860ED
:109090004BF2A431C2F200410020086000F080F8D9
:1090A00008B1FFE700E0FFE70FE00398013058B98F
:1090B000FFE74FF0500080F31188BFF36F8FBFF3CD
:1090C0004F8F0590FFE7FEE7FFE706B080BD000089
:1090D0004BF2F021C2F2004108680130086070478D
:1090E00085B04BF2F020C2F20040006838B1FFE7D3
:1090F0004BF2A831C2F20041012008604DE04BF272
:10910000A831C2F20041002008604BF2F820C2F200
:109110000040006803900398B0FA80F08DF80B00CF
:109120009DF80B00C0F11F000190019800EB800139
:1091300043F60420C2F2004050F8210058B9FFE77E
:109140004FF0500080F31188BFF36F8FBFF34F8F44
:109150000490FFE7FEE7019800EB800143F604204E
:10916000C2F2004000EB810000900099486840681E
:109170004860009948680831884205D1FFE70099A6
:10918000486840684860FFE700984068C06843F658
:10919000F411C2F200410860FFE705B0704700001B
:1091A00080B588B04EF60050CEF2000000684CF258
:1091B0007121C4F20F1188420BD1FFE74FF050002C
:1091C00080F31188BFF36F8FBFF34F8F0590FFE7D8
:1091D000FEE74EF60050CEF2000000684CF270211F
:1091E000C4F20F1188420BD1FFE74FF0500080F31B
:1091F0001188BFF36F8FBFF34F8F0690FFE7FEE735
:109200004EF20040CEF20000039001780491FF215D
:10921000017000788DF80B009DF80B0000F05000F5
:109220004BF2DC21C2F2004108704BF2E021C2F2A5
:10923000004107200860FFE79DF80B0000060028AA
:109240000DD5FFE74BF2E021C2F20041086801387A
:1092500008609DF80B0040008DF80B00ECE74BF226
:10926000E020C2F20040006803280BD0FFE74FF077
:10927000500080F31188BFF36F8FBFF34F8F0790BB
:10928000FFE7FEE74BF2E021C2F20041086800026E
:109290000860086800F4E060086004984EF200413D
:1092A000CEF2000108704EF62051CEF2000108689F
:1092B00040F470000860086840F070400860FFF7F4
:1092C0005BFE41F2CC01C2F2004100200190086037
:1092D000FFF78AFD4EF63471CEF20001086840F0C7
:1092E00040400860FFF70CFBFFF7FAFEFFF740FB7A
:1092F000019808B080BD000070B58CB0DDF844C0A6
:10930000DDF840C00B900A91ADF826200893BDF817
:1093100026008000FFF754FB0590059880B1FFE719
:109320005420FFF74DFB0790079820B1FFE7059801
:109330000799086303E00598FFF7B6FDFFE702E031
:1093400000200790FFE70798D8B1FFE70B980A992C
:10935000BDF82620089BDDF840C0119C079DEE4615
:109360000026CEF80C60CEF80850CEF80440CEF8B7
:1093700000C0FFF78DF90798FFF74AF80120069023
:1093800003E04FF0FF300690FFE706980CB070BD89
:1093900080B586B0002002904BF2F020C2F200406F
:1093A0000068002840F0C580FFE74BF2A431C2F20C
:1093B000004108680130019001980860019858BB8D
:1093C000FFE743F6F810C2F200400068006858B1A9
:1093D000FFE74FF0500080F31188BFF36F8FBFF3AA
:1093E0004F8F0590FFE7FEE743F6F812C2F2004206
:1093F0001068009043F60021C2F200410868106036
:10940000009808604BF24C31C2F20041086801300C
:109410000860FFF789FA00E0FFE701984BF2483156
:10942000C2F200410968884262D3FFE7FFE743F6D2
:10943000F810C2F200400068006840B9FFE74BF244
:109440004831C2F200414FF0FF3008604FE043F670
:10945000F810C2F200400068C068C0680490049828
:109460004068039001980399884207D2FFE7039868
:109470004BF24831C2F20041086038E0FFE704983F
:109480000430FFF715FC0498806A28B1FFE70498C0
:109490001830FFF70DFC00E0FFE70498C16A0120D7
:1094A00000FA01F24BF2F821C2F2004108681043C1
:1094B00008600499C86A00EB800243F60420C2F2F7
:1094C000004000EB82000431FFF76EFC0498C06A94
:1094D00043F6F411C2F200410968C96A884203D315
:1094E000FFE70120029000E0FFE7FFE79FE7FFE7CB
:1094F00043F6F410C2F200400068C06A00EB80013D
:1095000043F60420C2F2004050F82100022803D3A1
:10951000FFE70120029000E0FFE74BF2A830C2F223
:109520000040006818B1FFE70120029000E0FFE76B
:1095300007E04BF25831C2F2004108680130086080
:10954000FFE7029806B080BD80B584B0002002908D
:1095500001904BF2F020C2F20040006858B9FFE7DA
:109560004FF0500080F31188BFF36F8FBFF34F8F20
:109570000390FFE7FEE7FFF743FC4BF2F020C2F257
:1095800000400168013901600068002840F09280C5
:10959000FFE74BF2E820C2F200400068002800F02C
:1095A0008880FFE7FFE74BF25C30C2F200400068C2
:1095B000E0B3FFE74BF25C30C2F20040C068C06825
:1095C000029002981830FFF773FB02980430FFF7FF
:1095D0006FFB0298C16A012000FA01F24BF2F821F8
:1095E000C2F200410868104308600299C86A00EBA3
:1095F000800243F60420C2F2004000EB82000431F6
:10960000FFF7D2FB0298C06A43F6F411C2F20041A0
:109610000968C96A884207D3FFE74BF2A831C2F252
:1096200000410120086000E0FFE7BCE7029818B1A4
:10963000FFE7FFF779F9FFE74BF25830C2F200403D
:10964000006800900098E0B1FFE7FFE7FFF7A0FE99
:1096500038B1FFE74BF2A831C2F2004101200860A7
:1096600000E0FFE7009801380090FFE7009800282D
:10967000ECD1FFE74BF25831C2F200410020086004
:1096800000E0FFE74BF2A830C2F20040006870B182
:10969000FFE7012001904EF60451CEF200014FF099
:1096A00080500860BFF34F8FBFF36F8F00E0FFE77C
:1096B000FFE700E0FFE7FFF7CFFB019804B080BDB4
:1096C0004100080218BF04200A0E18BF40F0010034
:1096D0004FF07F4232EA010108BF40F0020001284A
:1096E00008BF05207047000010B54FF00E402DED6B
:1096F000028BB0EE408A18EE104A00EB4400B0F145
:10970000506F4AD84FF0FC40B0EB440F22D2B0EE7D
:10971000C80AF7EE000A30EEC00AF6EE000A60EE64
:10972000208A18EE900A00F047FA01EE100A14F0B1
:10973000004F1DBFDFED2D0A9FED2D0AB1EE411A3E
:10974000DFED2C0A08BF9FED2C0AF8EE001A21EE7F
:10975000218A05E0DFED290A68EE088AB0EE600A8A
:109760009FED271ADFED271A30EE080A48EE811A1E
:109770009FED251A08EEA11ADFED241A48EE811A92
:109780009FED231A08EEA11A68EE281ABDEC028B91
:1097900001EE810A30EE200A10BD4FF0E440B0EB3C
:1097A000440F0CD918EE100AFFF78AFF042808BFEF
:1097B00000F0E4F9B0EE480ABDEC028B10BD4FF0AA
:1097C0007F40B0EB440F07D2B0EE480ABDEC028BED
:1097D000BDE8104000F0C4B9012000F0E7F9BDEC8D
:1097E000028BBDE8104000F0C1B900000000C9BF05
:1097F00022AAFDB90000C93F22AAFD3900000000DD
:1098000024FE1C3DC78AD83C1E67383D1B93993DFA
:10981000AFAA2A3E70B54FF068422DED048BF0EEF2
:10982000408A18EE900AB0EE608A18EE101A02EB29
:109830004003B3F1654F3CBF02EB4102B2F1654F0B
:109840007DD200BFC0F3C753C1F3C7529A1A1B2A77
:1098500009DD10F0004F14BF9FED830A9FED830ACE
:10986000BDEC048B70BD12F11A0F36DA11F0004F07
:1098700009D010F0004F0CBF9FED7D0A9FED7D0ACF
:10988000BDEC048B70BD88EE889A19EE100AFFF7C4
:1098900017FF042808BF00F071F918EE900AFFF7CF
:1098A0000FFF054618EE100AFFF70AFF044619EEEF
:1098B000100AFFF705FF042D18BF052D08D1042C51
:1098C00018BF052C04D1002804BF022000F06EF957
:1098D000B0EE490ABDEC048B70BD4200B2EB410F03
:1098E0003AD910F0004F19BFDFED630A9FED630A0C
:1098F000DFED630A9FED630AB0EE481A0A46B1EE47
:10990000688A80F00041F0EE418A10460A1A52003F
:10991000B2F1807F34D2484010F0004FDFED5A1A88
:109920009FED5A2A1DBFBEEE001A70EEE10A30EE1E
:10993000420AB6EE001A08BF70EEA10A00E040E04D
:1099400008BF30EE020AB0EE682A01EE482A08EE9F
:10995000818AC2EE081A15E011F0004F04BF9FED96
:109960004C0AF0EE400AD1D010F0004F19BFDFEDE5
:10997000490A9FED490ADFED490A9FED490AC5E70B
:10998000C8EE881A21EEA11A9FED462ADFED462A7D
:1099900041EE022A9FED452A01EE222ADFED442AFC
:1099A00041EE022A9FED432ABDEC048B01EE222AF0
:1099B00021EE811A01EE020A30EE210A30EE200A71
:1099C00070BD4FF07F42B2EB400F28BFB2EB410FAA
:1099D00009D2F0EE480AB0EE680ABDEC048BBDE88F
:1099E000704000F0C0B840EA01035B0008BF41F0DE
:1099F000FF410BD0B2EB400F08BFB2EB410F08D1D3
:109A000020F0804008EE900A21F0804108EE101A04
:109A100018E7B2EB400F12BF5FEA410340F0FF408E
:109A200001F000413FF40EAFB2EB410F12BF5FEA0D
:109A3000400200F0004041F0FF413FF403AF4A0014
:109A400092EA40033FF5FEAE002AACBF9FED1A0A32
:109A50009FED1A0A68EE808A28EE008A18EE900AB6
:109A600018EE101AEEE60000DB0FC9BFDB0FC93F8E
:109A7000DB0F4940DB0F49C00000C9BF22AAFDB976
:109A80000000C93F22AAFD390060ED3EC30ACE376F
:109A900000000000000049C022AA7DBA0000494031
:109AA00022AA7D3A2DAD65BD8FB8D53D0FB511BE4B
:109AB00061C84C3EA8AAAABE0000804F0000802FBB
:109AC00000B52DED028B83B0B1EEC08B18EE100AFD
:109AD00018EE901A8DED008B002818BF0120084366
:109AE00020F00040C0F17F6000F1E040C00F14D0D2
:109AF00010EE101A10EE900A8DED000B002918BF21
:109B00000121084320F00040C0F17F6000F1E040F7
:109B1000C00F04BF012000F049F8B0EE480B03B0BD
:109B2000BDEC028B00BD10B52DED028BB1EEC08AED
:109B300018EE100A20F00040C0F1FF40C00F0AD01C
:109B400010EE100A20F00040C0F1FF40C00F04BF2B
:109B5000012000F02BF8B0EE480ABDEC028B10BDDE
:109B600030EE000A704730EE200A7047DFED020A3F
:109B700080EEA00A70470000000000009FED020A7E
:109B800020EE000A704700000000001002E008C844
:109B9000121F08C1002AFAD170477047002001E067
:109BA00001C1121F002AFBD1704700000149086063
:109BB000704700008408002410B500EE100A2DED57
:109BC000028BB1EEC08A18EE100A20F00040C0F1FE
:109BD000FF40C00F0AD010EE100A20F00040C0F184
:109BE000FF40C00F04BF0120FFF7E0FF18EE100A8E
:109BF000BDEC028B10BD0000000000000000000062
:109C00000000000000000000000000000100000053
:109C1000020000000300000004000000000000003B
:109C2000050000000000000000000000000000002F
:109C3000060000000000000000000000000000001E
:109C40000700000029A50108E10B00080100000041
:109C5000000000000002000036A5010841D80008FD
:109C600003000000000000000002000014A501082D
:109C700099EE0008FDFF0000000000000002000057
:109C80001DA50108B9F20008020000000000000054
:109C9000800000003FA50108B1F7000800000000A7
:109CA00000000000800000000000AF430000000042
:109CB00000803B450000AF430000000000803B45B2
:109CC0000000000001020304010203040607080962
:109CD0000001020304050607080C10141820304088
:109CE00000061016000610160804020408010101FF
:109CF0000101010307010000010002000400060049
:109D000008000A000C001000200040008000000144
:109D100000000000920E493CB10AC93C2BC3163D1D
:109D20002EFB483D752B7B3D04A9963D80B6AF3D8B
:109D300036BDC83D2FBCE13D73B2FA3D87CF093E29
:109D40008340163EB5AB223EA2102F3ECF6E3B3E67
:109D5000C2C5473E0115543E135C603E7F9A6C3E7F
:109D6000CCCF783EC07D823E938E883E229A8E3E36
:109D700032A0943E86A09A3EE59AA03E128FA63E5F
:109D8000D47CAC3EEF63B23E2A44B83E491DBE3E91
:109D900015EFC33E53B9C93ECA7BCF3E4136D53ECF
:109DA00080E8DA3E4F92E03E7533E63EBBCBEB3EB9
:109DB000EA5AF13ECBE0F63E275DFC3EE4E7003F89
:109DC0003D9C033F824B063F9BF5083F6B9A0B3F40
:109DD000DA390E3FCDD3103F2A68133FD9F6153F2D
:109DE000C07F183FC6021B3FD17F1D3FCBF61F3FF0
:109DF0009967223F25D2243F5636273F1594293FA5
:109E00004AEB2B3FDE3B2E3FBB85303FC9C8323F7C
:109E1000F304353F233A373F4268393F3B8F3B3F9E
:109E2000F9AE3D3F67C73F3F70D8413F01E2433F36
:109E300003E4453F65DE473F12D1493FF8BB4B3F46
:109E4000029F4D3F207A4F3F3D4D513F4918533FB0
:109E500031DB543FE595563F5348583F6AF2593F2E
:109E60001A945B3F532D5D3F05BE5E3F2146603F28
:109E700097C5613F5A3C633F59AA643F880F663FCC
:109E8000D86B673F3CBF683FA7096A3F0C4B6B3FED
:109E90005E836C3F93B26D3F9ED86E3F73F56F3F0C
:109EA0000809713F5213723F4714733FDD0B743F33
:109EB0000BFA743FC6DE753F07BA763FC58B773F16
:109EC000F853783F9812793F9DC7793F02737A3FE4
:109ED000BE147B3FCDAC7B3F283B7C3FC9BF7C3F62
:109EE000AC3A7D3FCCAB7D3F23137E3FB0707E3FCD
:109EF0006DC47E3F580E7F3F6D4E7F3FAB847F3FEA
:109F00000FB17F3F97D37F3F43EC7F3F11FB7F3FF4
:109F10000000803F11FB7F3F43EC7F3F97D37F3FA3
:109F20000FB17F3FAB847F3F6D4E7F3F580E7F3F29
:109F30006DC47E3FB0707E3F23137E3FCCAB7D3F30
:109F4000AC3A7D3FC9BF7C3F283B7C3FCDAC7B3FDB
:109F5000BE147B3F02737A3F9DC7793F9812793FC9
:109F6000F853783FC58B773F07BA763FC6DE753F1B
:109F70000BFA743FDD0B743F4714733F5213723F6B
:109F80000809713F73F56F3F9ED86E3F93B26D3FE6
:109F90005E836C3F0C4B6B3FA7096A3F3CBF683F39
:109FA000D86B673F880F663F59AA643F5A3C633FAE
:109FB00097C5613F2146603F05BE5E3F532D5D3F23
:109FC0001A945B3F6AF2593F5348583FE595563F14
:109FD00031DB543F4918533F3D4D513F207A4F3FAD
:109FE000029F4D3FF8BB4B3F12D1493F65DE473FD3
:109FF00003E4453F01E2433F70D8413F67C73F3F1D
:10A00000F9AE3D3F3B8F3B3F4268393F233A373FF4
:10A01000F304353FC9C8323FBB85303FDE3B2E3F9E
:10A020004AEB2B3F1594293F5636273F25D2243F34
:10A030009967223FCBF61F3FD17F1D3FC6021B3FD2
:10A04000C07F183FD9F6153F2A68133FCDD3103F84
:10A05000DA390E3F6B9A0B3F9BF5083F824B063F68
:10A060003D9C033FE4E7003F275DFC3ECBE0F63E2E
:10A07000EA5AF13EBBCBEB3E7533E63E4F92E03EF3
:10A0800080E8DA3E4136D53ECA7BCF3E53B9C93E61
:10A0900015EFC33E491DBE3E2A44B83EEF63B23EB3
:10A0A000D47CAC3E128FA63EE59AA03E86A09A3E96
:10A0B00032A0943E229A8E3E938E883EC07D823E90
:10A0C000CCCF783E7F9A6C3E135C603E0115543EC7
:10A0D000C2C5473ECF6E3B3EA2102F3EB5AB223EDF
:10A0E0008340163E87CF093E73B2FA3D2FBCE13D57
:10A0F00036BDC83D80B6AF3D04A9963D752B7B3D6E
:10A100002EFB483D2BC3163DB10AC93C920E493C7B
:10A1100000000000920E49BCB10AC9BC2BC316BD99
:10A120002EFB48BD752B7BBD04A996BD80B6AFBD87
:10A1300036BDC8BD2FBCE1BD73B2FABD87CF09BE25
:10A14000834016BEB5AB22BEA2102FBECF6E3BBE63
:10A15000C2C547BE011554BE135C60BE7F9A6CBE7B
:10A16000CCCF78BEC07D82BE938E88BE229A8EBE32
:10A1700032A094BE86A09ABEE59AA0BE128FA6BE5B
:10A18000D47CACBEEF63B2BE2A44B8BE491DBEBE8D
:10A1900015EFC3BE53B9C9BECA7BCFBE4136D5BECB
:10A1A00080E8DABE4F92E0BE7533E6BEBBCBEBBEB5
:10A1B000EA5AF1BECBE0F6BE275DFCBEE4E700BF85
:10A1C0003D9C03BF824B06BF9BF508BF6B9A0BBF3C
:10A1D000DA390EBFCDD310BF2A6813BFD9F615BF29
:10A1E000C07F18BFC6021BBFD17F1DBFCBF61FBFEC
:10A1F000996722BF25D224BF563627BF159429BFA1
:10A200004AEB2BBFDE3B2EBFBB8530BFC9C832BF78
:10A21000F30435BF233A37BF426839BF3B8F3BBF9A
:10A22000F9AE3DBF67C73FBF70D841BF01E243BF32
:10A2300003E445BF65DE47BF12D149BFF8BB4BBF42
:10A24000029F4DBF207A4FBF3D4D51BF491853BFAC
:10A2500031DB54BFE59556BF534858BF6AF259BF2A
:10A260001A945BBF532D5DBF05BE5EBF214660BF24
:10A2700097C561BF5A3C63BF59AA64BF880F66BFC8
:10A28000D86B67BF3CBF68BFA7096ABF0C4B6BBFE9
:10A290005E836CBF93B26DBF9ED86EBF73F56FBF08
:10A2A000080971BF521372BF471473BFDD0B74BF2F
:10A2B0000BFA74BFC6DE75BF07BA76BFC58B77BF12
:10A2C000F85378BF981279BF9DC779BF02737ABFE0
:10A2D000BE147BBFCDAC7BBF283B7CBFC9BF7CBF5E
:10A2E000AC3A7DBFCCAB7DBF23137EBFB0707EBFC9
:10A2F0006DC47EBF580E7FBF6D4E7FBFAB847FBFE6
:10A300000FB17FBF97D37FBF43EC7FBF11FB7FBFF0
:10A31000000080BF11FB7FBF43EC7FBF97D37FBF9F
:10A320000FB17FBFAB847FBF6D4E7FBF580E7FBF25
:10A330006DC47EBFB0707EBF23137EBFCCAB7DBF2C
:10A34000AC3A7DBFC9BF7CBF283B7CBFCDAC7BBFD7
:10A35000BE147BBF02737ABF9DC779BF981279BFC5
:10A36000F85378BFC58B77BF07BA76BFC6DE75BF17
:10A370000BFA74BFDD0B74BF471473BF521372BF67
:10A38000080971BF73F56FBF9ED86EBF93B26DBFE2
:10A390005E836CBF0C4B6BBFA7096ABF3CBF68BF35
:10A3A000D86B67BF880F66BF59AA64BF5A3C63BFAA
:10A3B00097C561BF214660BF05BE5EBF532D5DBF1F
:10A3C0001A945BBF6AF259BF534858BFE59556BF10
:10A3D00031DB54BF491853BF3D4D51BF207A4FBFA9
:10A3E000029F4DBFF8BB4BBF12D149BF65DE47BFCF
:10A3F00003E445BF01E243BF70D841BF67C73FBF19
:10A40000F9AE3DBF3B8F3BBF426839BF233A37BFF0
:10A41000F30435BFC9C832BFBB8530BFDE3B2EBF9A
:10A420004AEB2BBF159429BF563627BF25D224BF30
:10A43000996722BFCBF61FBFD17F1DBFC6021BBFCE
:10A44000C07F18BFD9F615BF2A6813BFCDD310BF80
:10A45000DA390EBF6B9A0BBF9BF508BF824B06BF64
:10A460003D9C03BFE4E700BF275DFCBECBE0F6BE2A
:10A47000EA5AF1BEBBCBEBBE7533E6BE4F92E0BEEF
:10A4800080E8DABE4136D5BECA7BCFBE53B9C9BE5D
:10A4900015EFC3BE491DBEBE2A44B8BEEF63B2BEAF
:10A4A000D47CACBE128FA6BEE59AA0BE86A09ABE92
:10A4B00032A094BE229A8EBE938E88BEC07D82BE8C
:10A4C000CCCF78BE7F9A6CBE135C60BE011554BEC3
:10A4D000C2C547BECF6E3BBEA2102FBEB5AB22BEDB
:10A4E000834016BE87CF09BE73B2FABD2FBCE1BD53
:10A4F00036BDC8BD80B6AFBD04A996BD752B7BBD6A
:10A500002EFB48BD2BC316BDB10AC9BC920E49BC77
:10A51000000000805053325F5441534B0052454D70
:10A520004F544F5F5441534B004348415353495399
:10A530005F5441534B00494E535F5441534B0064A9
:10A54000656661756C745461736B0049444C4500D9
:10A5500043444320496E74657266616365004344F9
:10A560004320436F6E6669670053544D6963726F91
:10A57000656C656374726F6E6963730053544D3319
:10A5800032205669727475616C20436F6D506F7222
:10A5900074000000891112239B322446AD573665A2
:10A5A000BF74488CC19D5AAFD3BE6CCAE5DB7EE94F
:10A5B000F7F88110080193331A22A5562C47B77576
:10A5C0003E64C99C408DDBBF52AEEDDA64CBFFF92F
:10A5D00076E802218B30100299132667AF76344457
:10A5E000BD554AADC3BC588ED19F6EEBE7FA7CC80F
:10A5F000F5D983310A2091121803A7772E66B55436
:10A600003C45CBBD42ACD99E508FEFFB66EAFDD8EE
:10A6100074C904428D5316619F702004A915322716
:10A62000BB364CCEC5DF5EEDD7FC6888E1997AABCE
:10A63000F3BA85520C4397711E60A1142805B337F5
:10A640003A26CDDE44CFDFFD56ECE9986089FBBBAE
:10A6500072AA06638F7214409D512225AB343006D6
:10A66000B9174EEFC7FE5CCCD5DD6AA9E3B8788A8E
:10A67000F19B87730E6295501C41A3352A24B116B5
:10A680003807CFFF46EEDDDC54CDEBB962A8F99A6E
:10A69000708B088481951AA793B62CC2A5D33EE18E
:10A6A000B7F04008C919522BDB3A644EED5F766D66
:10A6B000FF7C899400859BB712A6ADD224C3BFF15D
:10A6C00036E0C1184809D33B5A2AE55E6C4FF77D46
:10A6D0007E6C0AA583B4188691972EE3A7F23CC03E
:10A6E000B5D14229CB38500AD91B666FEF7E744C26
:10A6F000FD5D8BB502A499961087AFF326E2BDD01D
:10A7000034C1C3394A28D11A580BE77F6E6EF55C05
:10A710007C4D0CC685D71EE597F42880A1913AA3FD
:10A72000B3B2444ACD5B5669DF78600CE91D722FE5
:10A73000FB3E8DD604C79FF516E4A9902081BBB3DC
:10A7400032A2C55A4C4BD7795E68E11C680DF33FC5
:10A750007A2E0EE787F61CC495D52AA1A3B03882BD
:10A76000B193466BCF7A5448DD59622DEB3C700EA5
:10A77000F91F8FF706E69DD414C5ABB122A0B9929C
:10A780003083C77B4E6AD5585C49E33D6A2CF11E85
:10A79000780F0000B8A7010800000024F81000009E
:10A7A0001004000820AC0108F8100024B8AA00002A
:10A7B0009C9B01080000000001FF01FF01FF01FF59
:10A7C00001FF01FF01FF01FF0190100C3333EB3A51
:10A7D00058A08B3A82810135204E204E330201026F
:10A7E0003A113302020A39124032030A3913403255
:10A7F0000402371429FC1119C12A01C5091D243985
:10A80000E901FF01E01E79290108E9041E092A0176
:10A810000831041A81041A29101A99044128F1BC3C
:10A820009660BFC139D5C04E62B440E3A52B41F25A
:10A83000B09AC05DDCA2C0E3A52FC0E17A64C16A12
:10A84000BC8241448BD941426095C1A69B5EC11434
:10A85000AE2BC15EBA344208AC3CC139B466C20CFE
:10A8600002DB41068155412B18F5BF2A3A0A4167A0
:10A87000D55BC001DE1CC1986EC04066668C40226C
:10A880008EFDC07553B2C287A7154133B3DE427740
:10A89000BE23C1B6F333C1E7C6E4BE637F55C051E2
:10A8A0006BA23F12C04DBCA3753C3F0B24D0BF250B
:10A8B0000659C09318EC40029AC2C0A835E1C0986E
:10A8C0006E93414F1E5A40FFCA6ABE5C55B6BE77B2
:10A8D00048313DD0D5164017B799C01FF4843F2B9F
:10A8E00087BAC1C976B7418BEC1A428716E5415049
:10A8F0008D38C2606528C2DAAC56C00F9C3B40FE62
:10A9000043EA407F6A904003780BC10612FEC0F014
:10A9100029EC29F429E829F029F829F029EC29F46F
:10A9200029E829F029F819F01A41EC1A41F41AC261
:10A93000E81AC1F029F81A42F01A3FEC1A40F41A4A
:10A94000C1E819A82AC0F82A41C029BC29C429B8DD
:10A9500029C029C829C029BC29C429B829C029C8A7
:10A960002831228EFDC087A715417553B2C2B6F3B8
:10A9700033C177BE23C133B3DE42E7C6E4BE516BB9
:10A98000A23F637F55C00B24D0BFA3753C3F12C0CC
:10A990004DBCF029EC29F429E829F029F829F029FF
:10A9A000EC29F429E829F029F818208CDB0C40ABBD
:10A9B0003E9140A470E5C02FDDB8C189417C418C37
:10A9C000B9A9403411CA40B150D518280FACC1B252
:10A9D0009D56C27D3F4A421B2F6341281838351EC1
:10A9E000B6C25E3A1EC248A12F43A4700EC20C82AA
:10A9F0007F4205A382BF0AD7A9C155C107C1CF773E
:10AA00001B428D973CC19EEF5B41A01A5E4260E500
:10AA100069C2EFC91EE828838340773E284248E197
:10AA2000B1C14F400B406891EDBF9A7C4BBF603C79
:10AA3000E33EF7756C406A18FE3DB22EA6BF258630
:10AA400016C2448B70C1A4F06A42FCA9BFC1982F02
:10AA50003FBF05A372BEB6DBEEBE3A92174070CE82
:10AA600040C03255104087A799C05839F6C1F668E2
:10AA70006EC3DD648342A4908A432DB25C420A57C0
:10AA8000B4C2CF6641C08FC2EEC198DDFB405A64AC
:10AA9000F4417F6A3E410C0235C1F029C429F429F2
:10AAA000E829F029F829F029EC29F429E829F029E6
:10AAB000F8192C1A40EC1A42F41A42E819101B0E2D
:10AAC00042F81AC3F01A3FEC1A41F41A41E81AC1CD
:10AAD000F01A41F82AC2C029BC29C429B829C029C2
:10AAE000C829C029BC29C429B829C029C82831A02F
:10AAF0001A5E42EFC91E4160E569C248E1B1C17703
:10AB00003E2842A83583404F400B409A7C4BBF689B
:10AB100091EDBF6A18FE3DF7756C40603CE33EF076
:10AB200029EC29F429E829F029F829F029EC29F45D
:10AB300029E829F029F80114120122FA1410025808
:10AB400032202908420254025804EC025801300213
:10AB500013422C90D00304400D891C0108B919013F
:10AB600008E91F0108180AA91A0108511801084923
:10AB700014C11EA91B010839041A19301A2108141E
:10AB80000902431302011CC03209761B01020B1398
:10AB900005241610010524011009010424020205F0
:10ABA0002406170107058203081510090401330262
:10ABB0000A2E0705010240072A8107113B0A06BA3F
:10ABC0002A40B01A12231302021E40830440575930
:10ABD0001B02031513790B1B0871041A11041AB117
:10ABE000041AC9040718040309041A0389FA2DC3B7
:10ABF000F51C410E32101AAA01157D04017C100FBC
:10AC00000240AB034101055308065804070F16081C
:10AC100010810911160A15800B16450C18010D003C
:04000005080002CD20
:00000001FF
